id,tratamiento,edad,escolaridad,tamano_hogar,zona_rural,linea_base_consumo,comidas_dia,dias_sin_comida,variedad_dieta,gasto_alimentos,come_proteina,reservas_grano,consumo_total,consumo_no_alimentario,gasto_salud,gasto_educacion,gasto_vestido,valor_activos,tiene_refrigerador,tiene_bicicleta,num_animales,valor_herramientas,tiene_celular,calidad_vivienda,tiene_tierra,valor_ahorro,indice_estres,dias_ansiedad,satisfaccion_vida,calidad_sueno,apoyo_social,autoeficacia,optimismo_futuro,dias_animo_bajo,concentracion,energia_diaria,relaciones_familiares,sentido_control,ingreso_mensual,ingreso_laboral,ingreso_negocio,ventas_mes,horas_trabajadas,num_empleos,estabilidad_empleo,anios_escolaridad_hijos,asistencia_escolar,gasto_utiles,tareas_supervisadas,dias_falta_escuela,repitio_anio,calificacion_promedio,libros_hogar,horas_estudio,inscrito_secundaria
1,1,40,2,2,0,6264,58.69,3,50.29,904,0,NA,977,2478,4409,1911,1163,1775,0,0,NA,2678,1,56.01,NA,NA,NA,1,45.56,50.1,50.98,57.35,49.81,4,57.04,43.6,49.39,60.09,3152,3270,3115,1986,59.17,4,54.09,66.97,0,2658,44.38,3,0,59.35,3,48.42,1
2,0,38,4,2,0,1519,39.4,2,43.07,718,NA,NA,2205,1142,1004,643,1390,2154,0,0,4,2303,0,46.21,1,1066,43.62,4,63.67,NA,55.32,41.3,27.8,0,37.53,47.31,50.41,41.01,2238,1755,2678,2377,69.28,4,40.05,52.87,1,518,31.6,3,0,42.09,4,NA,NA
3,1,42,7,7,0,1845,48.05,3,44.68,841,0,35.79,1372,3120,850,2628,3238,1691,NA,NA,6,1418,0,60.33,NA,2081,32.43,7,NA,52.61,37.29,NA,60.36,4,41.39,58.46,48.89,40.76,NA,1135,NA,1268,65.82,3,32.5,NA,0,1054,58.18,3,1,51.54,3,35.95,0
4,0,47,6,3,0,7056,52.24,4,62.94,2415,0,50.92,2958,2312,1586,2382,2966,1852,1,1,4,1499,1,44.72,0,1868,55.99,3,37.2,54,46.49,51.84,NA,4,46.23,41.65,38.39,57.09,1581,1015,1186,1028,50.74,3,54.68,79.17,NA,1930,57.15,2,1,56.15,2,62.93,NA
5,1,40,9,6,1,4344,32.91,3,52.47,841,1,41.7,2004,4937,2143,620,NA,NA,1,1,2,2991,0,56.44,0,1362,30.66,7,42.08,55.25,47.17,NA,50.66,0,48.57,44.12,40.62,NA,1831,1408,1365,1719,57.09,2,NA,NA,1,1002,56.89,4,1,47.99,4,57,0
6,0,59,-0,5,1,878,54.74,5,40.62,1196,0,52.23,615,1957,537,1600,739,1316,1,0,0,NA,0,40.58,1,1007,38.85,3,59.21,40.89,NA,49.9,44.46,3,35.83,56.94,52.26,28.68,5743,1663,3767,2205,40.11,3,NA,37.62,0,1132,41.23,4,0,46.19,0,36.13,0
7,0,50,7,6,1,1059,36.12,3,50.9,1029,1,51.1,816,798,619,555,994,1120,1,1,3,NA,1,57.15,NA,NA,NA,3,71.23,35.27,35.35,55.97,58.84,2,41.24,62.06,52.77,68.02,1680,1069,1218,1473,46.61,3,30,39.84,1,697,33.34,6,1,41.03,3,38.41,0
8,1,28,4,6,0,2127,NA,2,55.56,1309,1,54.37,1040,NA,830,NA,509,1440,0,0,NA,1292,0,51.11,1,1561,43.77,6,27.21,NA,65.07,31.67,30.91,2,63.91,29.2,62.9,28.92,741,812,876,1251,55.32,2,55.3,61,1,967,56.9,3,NA,55.17,1,53.04,1
9,1,53,6,4,0,2660,45.05,5,37.77,2155,NA,29.09,1149,1449,3304,1097,1326,653,NA,1,3,1155,0,45.66,0,1206,57.94,3,56.51,55.52,47.96,37.18,58.1,3,61.43,36.04,37.14,39,2142,1323,1744,NA,45.47,2,58.68,66.63,1,1042,58.6,2,1,49.72,3,56.56,0
10,0,53,6,4,1,1897,62.9,3,NA,1128,1,57.93,955,1397,2759,2213,2755,2549,0,0,2,1003,1,46.98,1,1183,60.14,0,NA,70.86,64.17,47.46,33.86,2,61.78,49.31,34.88,79.82,626,897,924,1584,60.96,2,63.16,45.44,1,1506,51.71,4,NA,46.6,2,56.1,NA
11,1,38,9,3,1,1538,30.46,4,46.81,1248,NA,NA,848,2093,1135,1568,1184,NA,0,0,4,NA,0,53.19,0,2602,48.56,5,28.08,44.49,40.59,36.52,NA,4,67.86,37.06,52.95,52.57,707,NA,778,721,59.1,4,49.08,55.15,0,1514,48.28,2,0,44.4,1,46.47,0
12,0,33,0,4,0,1494,NA,5,36.13,1708,0,61.6,4608,734,2354,628,1831,1134,1,0,3,496,0,41.23,1,NA,64.49,6,NA,48.86,35.1,33.93,54.08,4,48.2,62.05,56.92,65.4,1412,752,NA,974,42.98,2,28.24,27.65,0,757,53.55,NA,1,38.39,0,NA,1
13,0,53,10,6,1,1068,59.53,3,55.89,730,1,54.8,843,2122,1211,3016,1464,1295,1,NA,3,505,1,45.94,0,1098,37.29,3,NA,52.77,NA,52.97,41.97,NA,56.16,60.36,44.73,43.53,NA,NA,NA,1349,36.34,4,45.98,59.28,1,1361,59.3,4,0,42.74,4,58.87,1
14,0,30,16,5,0,4057,36.4,3,NA,2621,1,42.12,1178,814,588,3918,1386,4063,0,1,5,2414,1,59.3,1,6317,59.82,3,38.61,NA,47.78,30.76,66.16,3,NA,25.22,NA,54.4,731,1247,1148,2180,63.66,3,65.68,51.79,1,1057,59.55,4,1,50.43,3,55.69,0
15,0,27,15,2,1,5274,39.49,4,44.11,946,0,39.77,1298,2685,4058,3561,4061,764,1,0,0,NA,0,36.45,NA,940,33.08,0,60.28,52.21,53.95,54.08,69.8,3,45.95,51.18,53.14,55.06,NA,2812,2326,2254,41.11,6,40.8,37.17,1,1207,40.69,4,1,38.2,2,43.95,NA
16,0,40,14,4,1,1232,48.39,1,52.69,2422,1,63.22,1373,2316,1633,1937,1992,1261,1,1,3,1727,1,NA,0,NA,49.37,3,27.71,60.45,37.5,45.95,18.28,NA,44.29,44.05,57.62,38.84,423,1311,724,1353,77.21,NA,49.44,60.6,0,2548,63.99,1,0,66.13,5,63.49,0
17,1,62,13,8,1,2385,NA,3,52.7,1785,NA,51.75,1723,1860,3253,4577,4294,NA,0,0,3,NA,1,55.46,0,NA,35.56,2,41.91,58.19,50.69,53.69,NA,2,67.03,58.29,49.53,73.11,2252,2790,1771,1212,53.51,4,46,59.36,1,2696,38.15,NA,NA,44.06,3,55.77,1
18,0,51,5,5,0,1977,53.41,NA,NA,3810,0,56.58,887,1487,2256,956,2112,2319,1,0,3,854,0,53.24,0,NA,55.06,0,52.14,58.87,57.32,43.7,NA,4,40.82,48.27,50.08,53.63,2744,4570,NA,5841,67.48,NA,55.85,NA,NA,3242,58.4,3,0,60.46,4,59.19,1
19,0,24,6,6,1,1710,50.49,0,56.63,3121,1,66.7,989,1552,870,907,1218,984,0,1,4,1319,1,61.58,NA,1188,32.87,0,40.26,62.4,28.82,56.47,53.93,4,50.53,60.88,48.79,66.97,874,631,497,483,46.83,4,59.06,41.47,0,578,32.98,4,0,36.39,0,40.13,1
20,1,40,2,7,0,839,43.92,1,43.16,797,0,45.39,NA,573,NA,548,365,NA,0,0,2,1051,1,43.24,0,2119,58.86,0,38.82,44.42,48.87,38.2,48.02,4,37.23,64.11,31.73,33.35,2250,1294,574,845,65.28,6,59.32,54.35,0,1328,54.06,2,NA,NA,4,72.64,1
21,1,36,14,4,1,4080,63.58,1,62.64,2411,0,65.48,2012,2004,2784,3518,1519,6446,1,1,5,NA,1,55.99,1,NA,54.76,3,66.82,66.01,62.28,48.08,NA,2,71.03,81.37,43.16,NA,358,1300,816,1107,91.52,5,68.94,68.04,1,3285,64.92,0,0,66.24,7,62.82,0
22,1,50,15,5,0,3241,77.24,4,53.92,1775,0,50.06,NA,1789,1568,2256,1114,NA,1,1,3,NA,NA,55.03,0,1032,44.02,2,21.94,59.65,42.51,45.58,43.04,2,46.52,52.97,48.36,44.54,858,1181,NA,986,50.89,NA,62.72,71.23,0,1220,53.31,2,0,57.91,6,61.56,1
23,1,40,7,5,0,1176,NA,4,31.35,1385,0,NA,NA,807,NA,1288,1729,331,0,0,0,1073,0,49.45,0,568,43.02,5,57.02,32.83,55.66,58.17,45.51,3,55.83,42.79,33.86,62.92,1020,1097,905,1713,43.71,4,52.96,39.8,1,273,27.47,3,1,54.79,4,38.92,1
24,0,44,2,7,1,830,46.06,4,38.39,1045,0,58.75,2355,910,1178,NA,1196,750,0,0,3,1028,0,40.04,1,1350,45.96,2,54.99,44.09,50.64,60.47,58.62,4,33.36,39.87,NA,45.87,NA,424,573,543,41.36,0,40.85,27.42,1,1457,49.89,NA,1,35.89,2,45.3,0
25,0,53,2,3,0,1811,41.56,2,61.83,1754,0,48.51,902,654,972,670,1800,2592,0,1,8,1811,1,50.35,1,2894,56.3,2,NA,52.61,56.42,61.79,43.91,4,47.43,53.31,54.28,36.84,893,576,1203,951,NA,4,51.11,35.54,0,1776,42.7,3,1,48.78,3,47.21,0
26,0,32,5,5,1,1398,33.95,2,53.9,1206,0,40.9,1498,1598,1855,791,1953,2184,0,1,2,1605,1,53.5,0,1212,64.94,4,64.17,53.61,55.76,51.2,53.66,3,45,50.96,43.21,52.42,1491,NA,2979,2440,37.35,2,38.8,48.17,NA,545,43.11,4,NA,39.74,NA,39.09,1
27,0,43,4,3,0,1463,53.61,4,50.6,802,1,39.66,293,776,NA,NA,2721,1014,0,0,3,1047,0,64.35,1,1494,32.16,2,49.32,45.94,NA,47.48,52.85,5,62.22,58.38,38.5,53.96,824,1340,1129,938,54.63,NA,53.27,NA,0,2104,58.05,NA,1,65.16,5,61.48,0
28,0,48,13,2,1,4904,45.26,NA,NA,1979,1,54.71,2639,1340,3295,3525,4610,1758,NA,0,2,1158,0,69.3,1,NA,46.03,2,64.64,65.49,60.09,44.67,56.17,1,57.62,NA,38.63,65.38,1570,1429,1078,1407,56.62,5,48.82,59.22,1,3659,41.66,0,0,52.26,4,66.99,0
29,1,42,5,5,0,2446,52.44,3,51.31,NA,1,52.3,957,1930,1606,1473,1046,1319,1,1,4,624,1,53.59,NA,2508,NA,1,54.55,52.01,66.29,62.47,NA,0,57.93,57.66,66.09,63.06,1596,1352,NA,1026,63.92,0,48.49,47.76,0,543,61.02,5,1,50.88,5,60.8,1
30,1,36,0,4,1,1991,45.71,3,41.81,1353,0,53.81,2161,2135,1141,435,1975,1033,1,0,NA,908,1,51.92,1,NA,56.57,5,47.61,52.32,64.3,NA,28.49,NA,53.53,60.69,59.79,NA,688,510,NA,472,71.06,NA,33.25,NA,0,1711,42,3,NA,41.85,5,42.59,0
31,1,39,7,4,0,14413,54.25,3,51.69,1686,1,63.11,3305,4585,2629,2833,3074,2720,1,0,4,NA,1,44.08,1,NA,NA,3,35.19,55.19,NA,50.87,51.18,NA,37.35,75.2,36.32,64.46,1836,2923,2480,1278,54.51,7,63.66,70.08,0,4435,59.38,0,0,64.17,4,54.04,0
32,0,28,4,4,1,285,40.27,4,41.18,1436,0,36.92,772,1340,558,1220,460,738,NA,1,0,456,NA,40.11,1,915,NA,5,31.49,33.2,47.71,38.93,61.8,6,47.24,54.33,33.8,45.32,1915,1633,1202,1201,45.32,1,49.22,26.51,1,214,30.8,5,1,47.53,0,37.61,0
33,1,55,9,6,1,6349,84.57,3,82.27,1614,NA,66.53,1572,NA,3474,3898,3093,2305,NA,0,5,5536,1,62.83,NA,2894,46.37,5,40.79,56.92,51.33,52.22,NA,2,50.98,NA,55.05,72.65,716,866,640,1019,31.72,4,54.2,71.92,1,2122,68.78,1,0,64.47,6,NA,1
34,1,56,8,5,0,3221,52.75,NA,41.65,NA,1,55.4,1726,1834,3854,2746,1713,1462,1,0,3,1673,1,41.79,1,827,52.62,3,54.12,40.18,NA,58.65,47.45,8,48.89,37.68,52.67,51.93,770,1333,1301,1411,47.79,3,70.49,52.75,1,NA,74.55,4,1,56.6,4,47.23,1
35,0,26,9,7,0,2135,NA,3,40.56,2714,1,53.86,1388,NA,771,1192,544,1052,0,NA,1,374,0,53.6,0,1482,44.39,1,33.53,57.62,70.17,68.61,50.91,4,59.11,60.65,56.03,52.61,1075,972,885,NA,NA,6,46.34,NA,0,1544,61.11,3,0,39.69,2,53.83,NA
36,0,29,8,4,1,1068,62.7,4,39.8,789,0,54.59,695,NA,480,489,1575,2447,1,NA,2,866,0,43.13,1,1329,35.9,6,48.43,45.37,NA,51.33,51.34,4,NA,57.46,56.6,39.01,1984,1634,1156,1333,50.61,1,53.46,40,1,713,51.07,5,0,40.92,3,40.05,1
37,0,52,11,1,1,1851,56.43,1,NA,1304,0,50.29,1255,NA,1121,1668,2042,NA,0,1,NA,505,0,57.91,0,1115,55.24,4,46.52,40.69,43.17,39.75,48.19,0,30.14,45.84,60.68,27.38,1295,880,1202,1801,55.69,3,54.59,48.35,0,1509,47.01,2,1,45.8,3,36.47,1
38,0,57,10,4,0,1450,52.13,5,55.67,944,1,65.64,2995,1003,2428,1029,1277,2166,1,1,2,989,1,55.69,1,903,66.87,5,45.11,47.24,52.78,28.02,30.28,1,52.7,NA,43.3,46.69,2299,1446,867,1287,31.05,0,39.31,42.12,0,2188,59.72,2,1,40.19,4,59.7,1
39,0,47,3,6,0,1752,46.55,7,45.55,1067,0,40.14,NA,1571,3264,818,1619,NA,1,0,3,605,1,53.04,1,2589,48.78,4,53.42,54.84,44.52,50.32,NA,0,35.8,34.29,39.5,49.39,1772,832,1427,960,45.02,4,51.66,49.24,0,1057,45.26,3,1,33.49,2,NA,0
40,0,32,9,1,0,2638,45.88,NA,61.7,1789,1,NA,1062,455,NA,1219,1764,1855,0,0,1,2179,0,NA,1,966,53.73,4,43.56,70.97,44.58,42.9,45.69,3,43.2,31.66,46.37,54.42,NA,1702,1648,2255,49.93,4,NA,51.42,1,1958,51.61,2,1,60.63,7,41.64,0
41,1,59,9,7,0,766,33.65,3,51.14,1587,1,39.01,1146,1016,910,2616,825,834,0,1,2,670,0,38.24,NA,NA,53.01,6,NA,67.64,55.08,48.81,57.27,5,52.36,46.91,44.5,53.45,1895,1078,1835,1471,61.14,3,45.22,40.98,0,405,51.73,4,0,25.52,2,44.54,NA
42,0,58,7,5,1,3662,51.93,0,50.08,1752,NA,54.49,2610,3719,1628,1602,8212,1187,0,0,4,NA,0,NA,1,2144,44.19,3,58.42,54.18,44.05,65.35,42.4,NA,58.82,59.84,75.32,57.98,1165,969,1503,1690,40.6,2,52.24,50.84,1,2030,61.11,1,1,57.34,3,51.52,0
43,0,46,13,1,1,1539,34.24,5,29.54,1056,0,31.08,2475,3021,1264,2599,1982,1193,1,0,2,NA,0,46.85,NA,590,37.34,2,58.49,48.68,32.01,44.92,47.39,4,56.55,35.43,58.47,47.29,5190,1687,2319,2410,45.2,3,38.16,49.28,1,810,45.39,4,0,46.31,3,NA,0
44,1,24,11,4,0,2624,61.09,0,50.84,2733,1,60.4,4849,4424,3779,3946,3174,3966,1,0,5,1039,0,54.26,1,1114,45.82,1,62.27,49.72,55.85,41,49.2,3,63.17,66.73,47.54,69.59,1965,2574,1374,1802,32.6,4,60.88,65.2,1,2528,65.11,3,1,62.9,5,49.06,1
45,0,55,5,5,0,5009,56.51,3,63.18,1863,0,49.69,1612,1780,785,1773,575,1607,1,0,3,1293,1,61.09,0,1272,NA,4,42.62,50.89,NA,59.49,48.63,NA,42.59,NA,45.01,65.49,992,915,NA,2024,42.77,4,53.91,65.22,1,4486,62.83,2,1,61.74,5,50.1,1
46,1,20,3,7,0,2087,37.58,4,64.11,893,0,63.46,3925,1255,1127,NA,3316,1074,1,1,5,1157,1,40.96,0,456,54.54,3,55.54,38.21,37.02,52.72,46.58,3,61.42,61.94,57.69,36.31,1041,1022,1031,1033,58.92,7,63.26,40.72,0,654,48.58,3,0,48.51,5,51.93,0
47,1,43,6,6,1,1844,NA,2,62.42,791,0,NA,NA,1023,1260,1376,1003,NA,1,0,2,1529,1,60.24,0,639,60.74,0,67.29,45.48,57.27,45.24,49.14,1,47.77,NA,50.98,41.12,2535,3258,2704,1761,61.51,0,70.84,NA,1,2755,46.26,2,1,43.79,3,44.38,0
48,0,50,12,6,0,1871,56.79,3,55.43,801,0,48.76,947,2007,1447,1432,1987,1010,0,1,4,NA,1,57.54,NA,3576,50.21,4,50.09,57.7,57.97,46.8,NA,2,54.06,34.99,64.51,38.7,1239,1093,NA,1094,56.42,5,65.96,NA,1,471,34.13,4,1,36.6,3,48.47,0
49,1,26,12,5,1,982,47.02,2,77.21,1143,0,52.46,1766,1357,NA,2511,1382,1033,1,1,4,2584,0,52.68,0,1542,47.36,NA,59.09,62.96,NA,39.11,57.57,3,41.84,33.29,55.74,64.59,1627,1145,2527,1282,77.83,2,NA,40.3,1,2173,65.55,3,1,NA,3,47.59,1
50,1,38,8,7,1,4407,50.93,7,50.98,1763,NA,31.1,1465,2184,2939,1099,2525,1912,NA,0,4,2764,0,58.73,0,2358,32.25,2,52.55,62.36,39.23,63.78,NA,6,52.99,44.48,54.14,45.3,2369,2802,1874,1268,55.97,0,42.06,82.63,1,4240,58.35,1,NA,52.2,4,60.05,1
51,1,31,10,3,1,4080,40.29,2,49.4,1550,1,NA,1130,2603,2117,1179,1757,525,1,1,5,2633,0,54.94,0,1647,34.83,1,47.77,55.52,66.99,48.1,41.78,0,43.37,53.12,55.76,67.21,1391,1140,1265,2496,59.44,1,NA,59.51,1,623,44.03,1,1,51.93,3,53.69,1
52,0,32,3,4,1,1986,30.76,6,42.27,757,NA,23.31,NA,822,1210,1947,781,3334,1,1,2,985,NA,25.63,1,NA,50.9,2,45,44.28,49.92,55.32,43.29,0,41.55,53.39,44.81,NA,980,NA,NA,776,42.55,4,39.96,39.94,1,1450,31.6,5,0,33.3,1,33.67,0
53,0,40,10,7,1,1596,52.7,4,46.26,780,0,43.62,442,508,715,725,1217,2699,0,1,4,3059,0,58.08,NA,869,41.42,4,66.37,58.76,62.35,54.48,66.91,4,46.86,36.64,54.98,51.92,1191,1175,NA,1237,38.21,3,54.75,46.89,1,1039,50.95,4,NA,52.41,4,35.19,1
54,0,51,8,1,1,2332,62.15,3,66.34,1477,1,72.63,1385,2318,1987,3521,1430,529,0,0,3,923,1,44.47,0,NA,55.34,4,58.56,54.28,45.31,35.97,48.73,0,51.67,58.16,35.67,48.22,2671,2543,2674,1903,48.51,4,NA,53.04,1,1715,45.78,1,1,62.8,3,68.56,1
55,0,54,7,5,1,1145,NA,3,41.76,1132,1,57.65,576,2036,NA,1208,734,885,1,NA,3,1005,0,43.02,0,1781,50.4,3,73.3,54.59,NA,55.88,53.98,2,45.41,35.4,54.35,41.65,NA,1199,897,672,43.24,3,42.26,48,1,1006,37.36,4,1,50.06,3,51.93,1
56,0,57,8,2,0,3166,34.84,3,47.81,1863,0,44.59,2091,1720,2053,1759,929,NA,NA,0,4,1381,0,NA,1,NA,54.16,0,37.88,68.72,43.89,53.14,67.49,1,34.17,NA,44.94,53.29,2575,2088,1857,1384,47.96,4,58.45,54.77,1,879,43.87,NA,1,45.59,2,43.21,1
57,0,23,8,5,0,3926,66.97,3,53.24,677,1,52.42,2999,1003,2414,1904,2834,NA,1,1,4,2165,0,49.33,0,1281,51.4,2,63.65,52.04,58.48,58.98,43.08,4,64.6,34.11,48.99,44.36,1145,973,1191,2140,44.59,5,60.53,NA,0,1573,47.57,2,1,62.81,3,62.56,NA
58,0,58,10,3,0,2662,32.94,1,NA,1867,1,61.43,1498,1621,1693,1474,1896,1236,1,0,4,3080,1,45.76,1,2042,48.72,2,44.59,52.51,52.85,50.24,NA,2,45.14,51.17,44.79,50.96,1508,1751,788,NA,52.96,4,69.84,50.23,1,712,61.98,3,1,44.57,3,NA,0
59,0,19,7,5,1,1979,45.05,5,33.56,1726,0,53.22,1984,2175,963,1133,931,2488,1,0,1,1419,0,42.7,0,841,41.07,4,44.66,61.95,45.23,49.01,38.45,3,NA,NA,44.64,50.16,1031,675,1169,632,43.03,4,45.74,67.43,1,1168,66.15,2,0,50.91,5,60.29,0
60,0,59,14,4,1,2098,43.56,4,30.43,589,0,36.2,814,649,789,NA,1048,753,1,1,4,1896,0,46.08,0,595,61.73,5,44.1,27.03,40.36,46.05,50.68,6,53.99,52.17,57.46,40,407,428,NA,345,48.21,3,56.93,46.21,0,3407,44.47,4,1,70.13,2,55.12,1
61,0,49,9,2,0,1368,34.76,2,48.29,1077,0,NA,951,3031,885,2006,2466,NA,0,1,1,NA,0,NA,1,766,46.66,4,37.53,67.7,37.27,25.89,34.78,3,57.33,45.01,NA,42.13,1605,1555,1196,1569,63.12,4,55.02,46.77,0,1027,45.59,4,0,63.22,0,48.79,0
62,1,39,11,3,0,3939,63.18,2,71.47,6930,1,59.49,1715,1881,829,1066,606,1150,1,1,2,1471,NA,74.45,NA,NA,36.48,0,51.25,55.35,53.43,NA,59.08,3,46.38,49.74,NA,60.62,NA,4031,2379,2707,59.52,4,68.88,63.24,1,1186,50.94,3,NA,60.8,4,NA,1
63,1,61,10,4,1,2272,55.88,6,53.96,1437,0,49.84,2187,531,1625,2196,639,994,0,0,3,1404,0,44.95,0,1471,52.54,3,66.12,48.84,42.37,64.32,35.15,3,36.06,60.86,63.51,42.14,1489,1656,810,NA,47.9,3,60.15,46.78,1,1697,73.05,1,NA,56.79,5,61.92,0
64,1,27,7,6,0,1457,57.31,7,17.75,537,0,37.12,1081,1708,1496,3169,1878,NA,1,1,1,NA,0,60.17,1,858,48.47,5,45.88,NA,59.75,54.44,32.67,3,49.53,25.63,55.97,54.4,813,970,873,777,47.07,4,33.5,NA,0,1067,39.58,3,1,40.13,3,29.68,1
65,0,40,7,5,0,1297,57.3,3,40.47,425,1,NA,741,1569,1089,1190,1018,1807,0,1,0,749,1,NA,1,588,40.12,7,38.45,43.15,49.51,46.81,NA,2,42.94,NA,55.66,54.85,1601,976,707,NA,40.41,NA,51.13,NA,0,932,41.25,3,0,58.91,3,36.93,1
66,1,53,9,3,0,2257,47.14,3,47.81,1620,0,62.27,6020,2403,1529,2150,1750,1988,0,0,6,1349,1,56.24,1,2266,46.1,4,NA,31.63,44.13,37.37,NA,5,50.18,50.55,29.43,66.14,846,944,1309,992,43.3,4,35.83,53.49,0,626,37.33,4,1,56.7,0,40.09,0
67,0,63,6,4,0,2508,45.5,3,NA,1374,1,57.55,1775,2172,1523,1774,1357,1828,0,1,1,986,0,48.12,NA,NA,58.9,5,50.12,NA,65.66,57.35,33.66,4,54.09,39.82,57.01,35.77,1080,1367,1123,933,54.71,6,44.62,55.92,1,3419,64.77,2,0,56.64,4,46.94,1
68,1,61,17,4,1,3279,NA,0,38.08,719,1,32.35,NA,2276,2253,NA,2483,1622,1,0,5,1772,0,51.23,1,2359,57.85,2,66.61,37.9,40.69,56.51,38.91,6,39.91,50.52,41.4,47.8,1203,1444,1592,1175,45.68,2,29.25,49.97,1,1693,56.06,3,0,49.63,3,50.32,NA
69,0,24,8,3,1,518,43.07,0,54.79,3189,1,39.51,1889,525,3025,1015,780,268,1,0,0,833,1,44.26,0,416,42.97,3,32.82,44.21,NA,NA,39.15,2,46.88,41.87,NA,34.66,NA,1635,1187,1845,39.04,NA,29.13,42.46,0,1145,49.83,6,1,42.78,2,36.2,1
70,1,43,1,4,0,1423,41.88,3,35.77,2086,0,61.58,1132,687,1109,2665,1095,1714,1,0,3,1620,0,49.18,1,NA,67.96,2,63.81,45.26,55.48,62.33,NA,4,34.89,51.56,60.25,50.54,NA,1903,1276,771,41.36,4,40.94,57.29,1,1698,49.58,2,0,54.16,3,62.05,0
71,0,27,9,8,1,424,54.16,5,53.03,344,1,45.61,1954,1536,1562,709,1099,1146,1,1,2,1955,0,34.64,1,1141,41.47,4,59.51,40.63,55.59,47.28,67.86,2,58.68,62.59,46.85,45.81,732,838,874,632,51.39,3,56.18,37.57,0,823,35.91,5,1,33.2,NA,44.16,0
72,0,68,9,4,0,1471,49.07,4,45.03,2057,1,54.16,1263,1401,NA,481,1012,654,0,1,1,1009,1,39.9,0,1766,64.64,4,39.18,61.5,55.76,28.24,53.4,2,46.45,56.09,42.41,53.34,2437,2019,2623,3672,52.14,4,54.37,44.19,0,932,43.31,6,NA,39.16,3,41.77,0
73,1,37,4,4,1,1671,41.36,2,58.7,2155,1,55.26,1120,1529,2004,976,1014,1263,1,0,0,1058,1,58.12,0,2299,59.42,2,NA,50.6,NA,62.62,52.1,1,67.21,48.44,49.66,35.2,3453,2407,3567,3041,66.92,6,54.95,43.63,0,423,42.1,7,0,33.32,0,23.04,1
74,0,20,8,5,1,3172,40.84,4,62.33,2085,1,33.23,3441,2878,2084,1371,6419,NA,0,1,4,2285,1,53.3,1,853,61.82,1,41.9,49.98,57.31,46.49,NA,2,40.25,37.34,31.4,NA,1319,1472,2056,2284,NA,5,52.9,50.07,1,2259,54.25,4,NA,45.77,3,51.05,NA
75,0,30,12,3,1,3383,48.39,2,46.76,1100,0,42.38,1042,665,868,833,1880,NA,NA,1,1,1064,1,56.94,NA,490,65.96,0,60.75,52.71,60.26,75.94,43.82,4,53.51,52.25,62.18,45.86,1234,703,872,1197,53.98,5,61.9,56.56,1,1824,60.31,1,0,59.4,7,41.8,1
76,0,48,9,4,0,1702,69.59,1,88.92,1462,1,50.79,3892,1108,1310,1239,1604,1545,0,1,4,1170,0,41.31,0,2143,NA,4,55.8,61.74,64.94,65.45,NA,1,44.21,66.34,60.3,61.65,NA,3160,NA,2691,54.89,7,61.62,51.96,NA,NA,51.71,3,1,52.74,1,48.63,1
77,0,30,7,4,0,2559,45.7,2,46.09,827,0,45.31,1116,2057,2705,1490,1613,625,0,1,2,735,1,13.02,0,454,52.37,1,58.45,39.06,43.87,42.53,57.79,4,49.78,51.62,41.65,40.6,1426,1485,570,1639,48.22,1,50.5,54.68,1,1940,67.12,2,0,56.37,3,53.31,0
78,1,36,10,4,1,1403,49.09,3,51.91,2955,0,72.82,660,1110,1273,1121,1206,NA,1,1,3,726,0,58.36,NA,1170,41.79,2,51.13,61.09,44.87,58,56.31,3,46.77,42.1,42.59,54.19,774,1367,984,981,53.51,7,56.85,60.85,NA,3585,54.11,2,0,66.76,3,53.5,1
79,0,48,1,4,0,1100,NA,7,30.46,2407,0,52.68,1474,1316,2614,1615,2436,814,0,0,2,NA,0,52.85,0,NA,49.03,4,44.48,36.97,63.96,50.81,48.43,4,57,24.75,50.12,57.38,1156,1189,519,920,33.42,1,61.6,44.89,1,1334,45.68,NA,1,44.44,1,43.88,0
80,0,43,14,1,0,975,53.97,3,56.23,1229,1,57.77,1384,416,843,428,861,2837,NA,0,3,1338,0,49.05,0,4136,49.61,3,61.4,61.15,57.41,36.39,49.53,2,43.14,44.21,63.85,34.64,337,246,373,275,50.94,NA,38.59,44.75,1,1264,NA,4,NA,60.08,3,41.57,0
81,0,24,14,8,1,1879,48.71,2,56.04,1786,1,55.46,1424,1974,1181,891,1930,2942,0,0,4,1743,1,47.23,0,1797,63.24,2,55.69,52.52,53.09,48.13,47.62,4,39.06,NA,55.62,45.79,610,271,344,291,46.27,2,47.08,51.97,0,3507,36.79,NA,1,51.74,5,61.92,1
82,1,51,7,5,1,1731,62.74,4,67.17,965,0,44.99,2743,3253,2886,1008,2686,1041,0,0,2,828,0,61.75,1,2260,NA,4,30.45,44.07,NA,68.34,36.86,6,32.96,47.65,40.01,48.48,2074,1686,NA,1855,61.49,3,62.19,61.53,1,2559,60.55,1,1,58.44,2,55.3,1
83,0,69,12,5,1,2995,47.23,4,NA,2071,1,NA,1725,955,920,505,1431,1291,0,1,6,1294,1,59.87,NA,8518,46.74,2,48.22,55.47,44.39,51.22,77.69,1,41.62,NA,NA,47.6,NA,1586,1809,4263,48.01,4,63.91,NA,1,897,40.46,4,1,43.83,2,55.75,1
84,0,35,11,2,0,5018,NA,0,81.2,4652,0,65.22,2417,1225,1051,2200,1785,1095,1,1,6,1427,1,40.53,NA,NA,46.54,1,56.18,63.54,NA,56.65,35.38,3,68.96,36.77,NA,59.16,NA,1064,1352,994,NA,3,NA,43.15,0,1306,67.4,2,NA,56.5,3,70.81,1
85,1,18,11,6,1,2401,79.65,1,67.53,1632,NA,71.82,459,813,310,733,454,1427,1,1,2,1644,1,60.9,0,1147,70.88,1,49.14,43.6,43.51,56,46.37,4,60.06,NA,56.41,55.6,978,1423,1243,745,55.81,2,66.97,68.5,0,2461,47.56,2,0,50.8,3,58.23,1
86,0,36,2,3,1,2074,55.34,3,56.75,1234,0,73.69,2642,1405,3076,779,1382,1056,NA,1,4,951,0,57.48,1,973,43.91,2,36.41,NA,NA,51.49,NA,4,59.01,48,65.73,60.04,1253,1964,2085,2285,55.43,2,42.79,45.44,0,551,45.8,3,1,NA,1,47.52,0
87,1,40,11,2,1,1297,39.84,1,68.38,1132,1,61.41,790,1004,665,2007,767,2291,NA,NA,4,NA,1,53.31,NA,1651,NA,4,39.85,36,62.52,25.89,60.44,4,31.07,49.25,37.02,NA,3910,3073,3798,7429,49.44,0,42.46,NA,1,524,32.59,5,1,34.66,0,39.16,0
88,1,28,8,1,1,2079,47.75,4,56.42,995,1,57.41,NA,1362,696,732,4193,1891,0,0,4,1253,1,53.49,1,1308,40.59,0,39.54,62.55,52.87,NA,49.97,2,NA,68.7,41.43,42.69,4782,5761,7253,4261,60.91,7,62,42.83,0,1037,43.6,4,0,52.82,4,NA,1
89,0,48,6,4,1,830,29.06,4,59.4,704,1,35.18,1052,2004,720,1171,NA,1250,1,1,5,1343,1,60.79,1,1649,58.29,NA,NA,42.46,36.03,38.12,69.71,NA,51.51,49.23,53.14,61.94,1820,2024,1840,1257,33.62,4,46.22,39.11,1,883,31.84,6,0,45.22,0,49.08,0
90,1,37,5,5,0,1395,52.63,2,48.38,NA,0,61.28,NA,3250,1857,1793,1332,1207,0,1,3,803,1,27.87,0,1831,48.96,5,59.75,42.74,43.65,45.08,44.53,2,42.59,51.78,44.57,46.53,1222,2062,1057,1333,42.19,4,62.33,46.67,0,341,35.51,7,0,41.71,1,47.85,0
91,1,53,4,4,1,1770,NA,NA,60.9,1401,1,59.37,346,1332,2994,776,894,593,NA,0,0,1906,1,52.63,0,1806,56.4,3,54.99,56.89,43.9,34.55,53.33,1,67.26,65.18,60.12,45.52,1515,1599,1446,1867,49.13,5,50.26,61.05,0,1634,31.91,3,NA,60.7,2,50.36,0
92,0,65,4,6,1,2981,52.87,6,57.17,2611,0,42.1,3354,1184,1906,1276,872,2176,0,1,3,2034,1,62.53,1,2174,59.25,0,54.05,58.41,47.75,28.97,50.16,4,55.35,42.95,48.52,49.13,1768,2938,1616,3493,53.08,6,NA,56.48,0,850,60.84,5,NA,40.57,3,46.06,NA
93,1,41,8,3,1,965,37.3,3,53.15,1363,0,49.41,988,887,1784,929,NA,2232,0,0,NA,958,1,NA,0,1211,40.35,2,44.55,45.63,NA,77.16,33.78,6,45.32,33.12,NA,58.56,1263,2405,NA,1962,48.16,0,34.48,57.43,0,921,36.43,NA,1,45.54,3,40.47,1
94,0,67,9,2,0,1247,41.15,3,46.06,458,1,40.91,NA,2974,1065,1100,3131,1024,0,1,1,3053,NA,42.17,NA,1585,45.74,5,52.08,39.96,54.53,NA,NA,3,48.53,38.76,60.57,33.33,1397,3264,NA,1761,48.69,1,65.94,50.53,1,1620,61.02,2,0,54.12,5,46.91,0
95,0,50,11,4,1,2245,NA,NA,NA,1916,0,60.26,3233,1040,NA,1258,2601,1887,0,1,1,1020,1,46.46,1,1192,54.69,2,42.47,44.99,NA,NA,63.96,7,46.41,67.21,51.14,37.13,1880,2121,2672,2371,53.32,4,64.66,55.48,1,1176,51.09,NA,1,50.19,5,58.48,0
96,1,32,6,6,1,2773,56.75,3,57.13,1582,1,64.1,850,560,989,673,1194,1929,1,0,1,NA,1,45.1,0,1099,51.74,3,48.63,59.96,35.04,66.93,46.22,4,53.19,53.1,NA,47.6,1849,1228,1139,1717,61.17,NA,63.55,53.24,1,2017,35.49,3,0,37.34,3,36.2,1
97,0,67,12,4,0,2666,38.02,NA,48.68,1662,0,62.25,1706,NA,1933,4566,1919,915,0,1,NA,NA,0,44.06,1,1862,37.09,1,48.5,61.84,39.58,48.37,57.05,5,68.95,38.09,41.95,44.78,1524,2418,659,1420,64.25,7,63.27,86.61,NA,1839,70.76,0,0,45.83,4,NA,0
98,0,49,5,4,0,1149,NA,2,NA,839,1,51.01,901,1836,903,1681,NA,917,1,NA,1,1266,0,37.8,NA,772,54.78,7,36.77,63.35,43.82,61.59,44.02,3,55.43,61.45,51.84,42.09,1225,1156,844,841,26.82,1,47.97,34.46,0,1254,NA,7,NA,37.81,2,40.53,1
99,0,36,13,3,1,2899,47.18,3,NA,902,0,33.5,NA,923,448,1102,922,1158,0,1,0,734,1,47.7,NA,876,46.43,3,48.78,55.36,64.11,31.26,55.47,2,50.51,66.02,54.08,50.74,NA,1760,1234,NA,50.61,3,55.06,42.82,1,1356,50.83,3,0,38.4,2,71.9,NA
100,0,59,7,3,1,1574,39.06,3,41.75,1778,NA,NA,730,1136,2375,1930,995,1529,0,0,4,1125,NA,49.83,1,2281,54.16,5,31.61,45.77,75.35,38.29,42.35,NA,47.13,27,59.52,35.54,977,1497,1622,1635,50.96,NA,58.6,68.31,0,2497,58.5,0,1,NA,4,58.5,0
101,0,65,5,6,1,1599,NA,3,36.71,668,0,27.71,1071,1975,923,1647,1721,NA,1,1,2,734,1,40.51,NA,912,54.44,5,40.96,56.4,53.6,43.51,39.97,1,55.82,41.89,43.98,NA,357,483,421,317,45.26,2,44.8,53.03,0,1348,43.54,3,0,38.12,1,36.32,1
102,0,38,5,6,1,1112,40.23,5,54.78,1421,1,57.13,NA,2590,1713,1046,1267,1141,1,0,5,NA,NA,54,0,NA,47.93,4,52.44,47.47,68.96,46.83,46.91,1,44.76,48.08,47.89,45.41,2491,1845,1982,1669,63.77,2,52.12,34.77,0,623,45.13,3,1,26.32,1,49.33,0
103,0,52,11,1,1,3810,NA,1,52.5,1186,0,52.07,3265,854,2645,1980,1317,2322,0,1,3,527,0,33.88,0,637,51.37,0,51.72,53.68,47.58,50.66,51.82,2,48.53,58.12,60.87,NA,829,851,784,947,43.65,NA,44.77,55.35,1,1702,62.75,2,0,63.58,3,48.2,1
104,1,39,9,7,1,2377,49.26,3,NA,4159,0,55.56,6772,1162,1259,1208,4512,3681,1,NA,4,NA,1,NA,0,2095,52.22,4,50.12,57.78,44.23,60.97,NA,2,56.61,46.32,56.24,47.67,2263,1504,1646,2360,61.97,4,53.94,NA,0,776,42.17,2,NA,52.12,2,43.02,1
105,0,26,3,2,1,1787,49.62,4,45.74,724,1,50.55,1081,758,1057,930,586,1290,1,1,2,628,1,27.22,0,1398,41.46,2,NA,53.4,46.83,47.26,NA,5,50.64,55.57,56.93,59.81,605,1047,602,764,63.96,4,56.89,38.62,0,1278,53.61,2,0,59.34,5,NA,NA
106,1,41,10,7,1,2119,44.25,3,54.94,1249,NA,36.14,2850,1563,2161,1052,7589,1373,0,0,4,622,0,35.63,NA,341,33.29,1,38.95,49.63,51.49,40.12,51.8,4,NA,48.27,69,61.71,1962,1123,3439,1939,46.96,2,NA,56.4,0,1414,49.49,NA,0,51.44,5,52.73,0
107,1,26,5,2,0,1961,40.67,4,51.23,2416,0,48.81,NA,1489,1052,877,1055,1093,1,1,4,1730,NA,66.24,1,3125,NA,3,66.93,49.15,NA,61.76,57.73,7,60.13,61.56,28.91,64.92,2026,1547,1169,1719,56.96,1,81.4,76.41,0,884,63.84,2,1,52.47,5,56.78,0
108,0,42,7,5,0,2537,43.98,5,33.04,NA,1,NA,3441,1610,1474,443,1123,2303,0,1,4,1046,1,52.01,NA,1088,55.16,2,65.26,45.76,37.79,NA,59.87,3,38.68,57.3,40.15,47.64,1204,1131,1283,944,NA,4,46.67,53.05,1,3336,54.73,0,NA,65.86,5,61.89,1
109,1,46,5,6,0,1114,27.39,NA,43.88,1926,0,65.43,1170,1793,1332,2723,1584,4239,0,0,6,NA,0,55.55,NA,1218,50.6,3,65,54.19,44.56,53.94,58.7,4,51.74,58.07,46.79,42.04,1232,1104,NA,714,44.74,4,57.55,33.52,0,812,38.71,NA,1,38.67,0,33.71,0
110,0,32,6,3,0,2126,56.21,5,NA,1149,0,44.31,NA,2197,1940,780,1371,1405,0,1,3,2612,1,38.72,1,NA,48.7,4,NA,57.07,NA,59.3,56.18,6,48.32,59.46,56.52,60,1565,1474,1745,2480,NA,3,55.42,NA,1,1435,58.26,1,0,NA,6,61.82,0
111,1,54,7,8,0,2027,51.42,4,54.12,1295,NA,38.16,3784,2255,4249,3404,NA,868,0,0,3,2308,0,60.3,1,1254,50.19,NA,50.14,36.86,51.11,50.44,53.65,3,39.93,53.2,42.67,50.43,NA,1534,NA,1418,47.19,6,58.65,52.29,0,1707,48.53,NA,1,44.25,5,57.77,0
112,1,46,1,8,0,1759,52.29,5,45.42,892,1,58.17,777,1601,NA,1201,1601,1127,NA,0,3,970,1,NA,1,1152,57.37,2,75.58,58.91,NA,45.56,74.27,3,48.77,68.47,48,39.8,1404,1576,1299,1312,65.72,2,54.52,NA,0,1329,48.38,3,0,39.58,3,55.06,1
113,1,80,9,2,1,1614,NA,5,40.05,2002,1,NA,2000,1309,1833,2047,NA,3133,1,1,5,4293,0,70.79,0,3462,51.03,3,49.62,55.35,35.17,47.11,38.99,4,38.3,60.01,52.5,45.49,2423,1739,NA,1759,29.65,1,65.98,46.67,1,NA,46.17,6,1,35.13,2,36.13,1
114,0,49,4,4,1,1211,45.5,1,51.04,1612,1,75.91,1810,1821,2494,2024,2103,NA,1,0,4,NA,1,82.6,0,1034,39.28,3,67.83,64.86,NA,62.03,39.45,1,64.14,54.67,NA,44.21,1201,1103,976,1154,48.18,4,NA,55.63,1,2057,58.12,0,0,65.77,2,78.55,1
115,0,50,1,7,0,923,47.6,6,14.37,1045,1,51.51,700,2418,1045,900,1344,732,0,0,3,1011,1,42.17,1,1034,53.62,4,37.65,37.06,44.89,36.38,36.98,3,51.47,62.71,50.66,55.58,702,678,365,898,33.56,1,30.97,60.33,1,910,36.06,2,1,55.07,4,57.22,0
116,0,39,8,1,0,3129,50.32,2,48.85,1503,0,50.74,1316,618,857,850,1205,1306,0,0,3,NA,0,50.87,0,1301,NA,4,31.35,42.06,41.79,NA,67,3,55.17,49.99,40.4,NA,1399,1617,2577,1464,65.75,2,45.73,NA,NA,2168,75.21,2,NA,59.49,4,61.02,1
117,1,43,10,8,0,3696,51.9,2,NA,677,NA,32.78,1914,1170,3067,1022,1148,1692,0,0,3,NA,0,62,NA,1190,38.45,0,52.36,NA,50.59,46.7,54.2,2,54.16,76.11,66.08,48.52,2838,4248,3829,3777,48.87,6,60.06,51.8,0,3107,76.72,0,0,44.92,2,59.63,0
118,1,33,13,1,0,3821,72.3,2,42.37,4284,1,62.09,2348,1678,2345,1620,3697,NA,0,0,7,1980,1,54.09,0,2194,42.9,4,52.49,42.49,63.28,NA,64.95,3,46.03,38.47,56.17,41.8,2903,4242,3472,NA,60.1,3,62.84,44.98,1,2016,56.33,1,0,48.02,4,57.19,1
119,1,38,10,4,0,1271,47.38,5,45.7,2108,0,56.63,2853,1232,2170,2561,2067,2272,1,1,NA,1828,0,52.8,1,1635,42.22,5,56.75,58.28,52.04,NA,54.41,NA,75.4,56.32,59.46,47.23,1045,963,829,1626,62.75,2,48.11,NA,1,2581,NA,NA,0,49.8,2,41.04,1
120,0,51,8,1,1,1769,62.1,0,64.14,1585,1,42.62,1115,3472,2424,1484,1025,1313,1,NA,4,1670,0,67.88,1,5529,50.66,1,NA,53.37,70.19,34.4,53.77,2,47.2,38.44,49.44,41.03,2287,3390,3023,3488,NA,7,50.74,60.91,1,1357,68.13,1,0,54.78,3,55.83,0
121,0,31,8,6,1,879,47.64,5,34.84,644,0,36.84,820,3574,3145,1053,1726,NA,1,0,3,322,1,52.24,1,686,51.41,2,45.19,51.34,65.6,47.02,42.3,1,NA,44.04,NA,40.94,912,776,NA,491,30.55,1,47.21,28.11,0,1135,39.03,3,0,40.66,4,42.39,1
122,0,32,7,3,1,1417,48.93,5,58.47,1289,0,54.34,850,1813,2298,2815,1294,NA,0,0,3,1761,1,51.98,1,1207,64.21,4,40.75,44.77,39.15,41.58,42.19,2,42,65.65,NA,37.15,1441,1088,NA,620,60.35,0,51.25,39.28,0,1006,49.79,4,1,54.61,1,50.34,0
123,0,35,7,2,1,2316,49.16,5,NA,2142,0,48.3,NA,863,742,602,1279,1652,NA,0,2,1637,0,47.76,0,3743,41.21,2,NA,47.8,54.89,54.87,62.85,4,NA,36.55,41.86,59.05,1258,3698,1967,1908,50.15,4,46.63,42.98,1,2728,32.69,NA,0,39.68,NA,49.26,1
124,0,59,4,3,0,2535,52.25,4,45.56,2149,NA,50.67,2262,1351,2623,1716,808,1350,1,1,5,1891,0,46.3,1,1828,42.46,5,39.29,46.75,NA,58.61,40.43,NA,NA,49.71,NA,50.39,NA,840,895,1359,46.92,1,45.92,63.35,0,1457,43.2,3,0,46.23,0,48.36,1
125,0,50,6,2,1,963,56.91,0,45.27,2193,0,46.72,1939,945,1450,681,637,898,1,1,NA,426,NA,61.51,0,NA,49.94,4,NA,44.53,56.12,40.96,39.59,3,27.54,51.36,55.81,NA,NA,NA,1341,1028,57.37,3,43.06,NA,1,2887,58.79,3,NA,63.07,5,NA,0
126,1,66,16,5,0,4762,56.68,1,73.18,1112,NA,NA,2745,2229,2641,6142,2738,1480,NA,0,3,1128,1,NA,1,506,47.6,1,37.88,48.85,44.52,49.04,63.85,6,56.72,40.35,43.28,41.75,1541,1794,NA,1154,29.54,NA,43.11,51.81,1,2191,68.58,4,1,24.49,3,38.25,0
127,0,18,10,4,0,1400,52.4,3,39.62,3160,1,48.62,626,1616,1327,965,1672,NA,1,1,3,4477,1,51.17,NA,2637,53.73,1,46.15,61.44,33.64,45,NA,2,56.45,NA,50.93,NA,2192,3062,NA,NA,69.12,1,56.99,60.93,0,1422,60.72,2,0,58,2,NA,0
128,0,40,16,2,0,5316,50.56,3,48.35,1522,0,54.7,1227,2374,1788,2524,2756,1628,1,1,NA,3432,1,57.49,NA,NA,61.61,3,34.56,58.33,61.56,NA,NA,2,40.78,43.37,61.78,59.47,1052,1398,1239,1660,64.88,6,62.8,58.01,1,2382,76.89,0,1,46.53,2,73.83,1
129,0,45,9,5,1,2340,56.87,3,44.91,1780,0,NA,575,1807,791,1849,570,877,1,0,5,1705,0,43.43,1,1111,56.57,3,47.78,43.34,42.95,58.98,42.29,4,50.21,47.85,55.48,NA,1417,811,1163,939,35.54,4,53.51,67.18,1,1609,60.8,5,NA,65.17,0,56.89,0
130,0,46,8,2,1,5065,40.76,0,70.91,3143,0,50.19,1002,1781,2888,1301,981,NA,1,1,2,1190,1,57.55,1,1990,55.7,0,58.36,41.99,59.06,42.02,47.87,2,54.19,NA,44.64,39.27,1448,1051,NA,3968,51.11,6,52.27,65.84,0,1599,64.21,3,0,64.67,4,NA,0
131,0,57,9,6,0,2702,68.65,2,64.53,3498,1,44.78,NA,3632,1364,2035,1419,1707,0,1,3,1107,0,NA,0,693,58.91,3,44.24,75.8,48.03,53.03,48.02,4,66.83,NA,42.77,30.65,1922,2049,1441,1303,42.77,3,39.43,48.3,1,674,45.69,3,0,46.61,3,52.44,1
132,1,35,9,1,0,4682,45.63,3,48.37,1122,0,55.09,2332,2250,1987,3859,1994,4929,1,1,4,2645,1,53.73,0,2669,65.88,3,40.14,NA,NA,58.42,53.56,2,65.48,NA,53.02,38.14,858,1056,1042,1255,50.71,4,55.23,57.7,1,NA,47.84,2,1,41.17,3,61.16,1
133,0,44,4,6,1,4960,56.29,1,48.92,1391,1,57.84,1598,1705,1363,2945,834,2363,NA,0,3,1317,1,58.27,1,1267,29.77,1,59.7,58.38,NA,NA,35.85,3,44.41,67.28,NA,46.38,NA,1603,NA,1183,36.31,2,51,41.27,0,1389,57.1,3,0,61.79,1,49.51,0
134,0,42,1,5,0,2885,41.78,1,58.46,4290,0,42.84,1483,NA,1199,1207,4990,2475,0,0,3,1097,1,62.48,1,1018,NA,NA,53.64,33.65,NA,21.92,41.09,5,58.87,46.06,46.12,32.68,8202,6129,NA,5194,44.78,NA,58,38.6,0,777,49.33,NA,1,NA,3,43.21,0
135,1,25,7,5,1,633,37.94,NA,56.89,1840,0,54.99,1304,755,1672,577,1392,NA,0,NA,NA,NA,0,65.53,0,1531,60.46,3,NA,47.52,47,54.13,47.62,5,40.55,26.15,42.96,55.78,650,831,585,633,50.36,2,44.96,41.28,NA,469,47.83,3,0,48.16,3,47.3,1
136,0,52,10,6,1,1365,53.72,3,72.31,2005,0,54.87,867,993,1084,1616,740,NA,1,0,4,731,1,29.26,1,3161,38.93,NA,58.98,42.03,44.71,50.12,47.44,0,NA,52.36,NA,NA,740,773,666,661,39.1,0,52.1,48.95,0,625,44.75,1,1,50.03,2,40.72,0
137,0,38,6,5,1,2298,43.27,NA,56.3,1885,1,42.26,1042,1616,1810,1339,1934,1926,0,0,5,2104,0,56.45,0,NA,46.19,0,48.89,41.09,NA,56.56,61.03,4,46.86,57.66,36.37,NA,4066,2724,3150,1980,51.63,2,50.02,60.6,0,2589,58.08,1,0,40.04,2,34.6,1
138,0,28,12,5,1,1591,51.4,3,43.43,2713,0,40.95,959,2724,2471,1179,1416,1180,1,0,0,NA,0,42.42,0,2275,27.79,2,58.63,53.9,41.64,60,NA,3,62.97,60.95,48.47,44.14,2029,1315,1391,1701,60.46,8,45.56,60,1,4015,57.33,2,1,47.15,4,70.53,1
139,1,39,13,1,0,1813,70.15,1,NA,1119,1,60.44,NA,2783,828,1877,3119,1791,1,1,5,783,1,49.22,1,794,25.09,2,68.76,46.68,53.94,72.02,NA,0,60.33,50.27,50.51,43.72,1504,2857,1684,2029,50.63,6,61.42,52.27,0,628,32.81,4,1,56.28,2,41.68,0
140,0,57,4,4,0,3269,60.33,4,66.15,956,1,35.2,805,1810,1701,NA,2848,3012,0,1,1,1847,1,55.19,1,NA,49.04,0,62.32,47.61,51.44,NA,NA,4,58.75,46.62,45.7,62.78,2201,1699,NA,1534,50.96,6,NA,83.54,1,4671,61.67,0,1,67.12,4,64.69,NA
141,1,56,5,3,0,1463,NA,3,41.39,1408,1,33.94,607,725,579,860,881,1168,1,0,3,2373,0,51.58,0,1611,38.79,6,64.85,41.78,47.36,61.82,NA,2,NA,68.72,43.58,NA,498,979,612,826,43.4,5,NA,60.23,1,1566,57.84,3,0,59.92,4,57.29,1
142,0,47,7,3,1,1864,41.4,2,50.55,1273,1,43.69,2211,1555,2907,2437,1353,958,1,0,1,1630,0,41.12,0,1594,42.81,3,43.23,52.71,57.82,48.32,53.61,2,50.94,32.29,58.68,41.67,3068,3002,3879,5578,54.18,4,57.39,48.18,0,1292,NA,3,0,43.34,NA,50.42,1
143,0,36,12,3,1,3142,48.09,4,NA,641,0,42.5,2677,591,2053,1886,1832,NA,0,0,0,1372,1,46.8,1,1471,42.17,4,39.4,62.28,56.99,NA,44.03,1,52.47,43.83,60.57,45.99,3080,2881,3063,1845,66.28,3,54.49,NA,1,760,47.54,4,1,35.35,NA,32.09,0
144,0,28,11,4,1,1120,51.25,2,NA,595,0,58.33,NA,1937,888,1037,1210,2286,1,NA,5,3076,1,52.68,NA,3435,55.49,2,73.13,54.25,53.25,58.13,36.97,NA,44.89,54.51,49.02,59.67,1104,2559,1182,2123,33.11,NA,57.08,58.36,NA,960,48.22,1,1,NA,2,61.32,1
145,0,61,3,5,1,1823,62.13,4,68.96,2350,1,41.67,941,743,628,2762,896,1235,1,0,1,1068,1,62.87,0,1167,62.26,3,56.41,57.15,50.07,28.53,58.39,2,33.26,50.34,35.11,56.62,2114,1934,1892,3117,58.81,4,51.41,45.79,0,1373,40.87,2,NA,58.49,4,56.28,0
146,0,47,3,4,0,6463,48.91,0,69.48,3560,0,78.23,3987,NA,1319,808,1075,2024,0,0,NA,3008,1,NA,1,2325,49.36,3,50.57,61.37,NA,31.12,37.87,3,46.71,47.41,49.11,47.5,2368,2876,2509,3762,69.55,6,67.86,60.93,0,2311,68.38,1,1,40.9,4,68.88,0
147,0,43,6,7,1,1439,25.25,5,30.73,1155,NA,28.84,686,819,1235,882,1266,366,1,0,NA,830,1,39.35,0,562,34.34,1,64.68,66.27,47.12,70.04,NA,0,63.59,51.39,NA,32.77,2417,1951,1872,1894,38.43,3,52.95,47.93,1,1255,44.45,4,NA,38.18,3,47.07,0
148,1,27,7,3,0,4268,62.56,2,48.66,NA,1,59.87,1973,2143,1568,1544,2439,1004,1,0,NA,NA,1,83,1,1503,60.26,4,42.48,34.92,NA,50.49,34.05,4,38.38,39.92,70.09,64.98,NA,2034,1908,1650,46.98,6,32.25,56.82,0,1688,47.21,5,0,52.41,2,54.49,1
149,0,24,10,5,0,7247,57.19,1,73.64,3301,0,57.43,3336,2144,751,NA,1375,4326,1,0,6,1701,1,NA,1,1182,53.45,4,39.85,67.03,53.21,65.36,54.33,2,NA,54.67,35.77,50.3,953,1360,1235,2489,61.44,4,67.71,55.53,1,2316,59.93,2,NA,65.83,4,58.85,1
150,0,59,6,4,1,2871,43.27,3,39.95,1246,0,NA,1493,2046,1887,1577,1102,1872,1,1,5,2326,0,57.39,NA,1458,45.48,2,44.17,NA,52.87,40.08,40.02,1,46.02,58.8,68.9,64.96,1294,1572,790,1461,47.16,5,57.86,19.67,0,800,27.92,NA,1,26.49,2,43.73,0
151,0,41,12,5,1,9859,53.2,1,49.27,1291,1,55.31,1401,1848,1231,1208,3784,826,0,0,3,NA,NA,53.2,1,1521,57.54,4,NA,46.58,50.27,NA,52.82,2,45.17,55.79,58.7,57.52,1246,1583,NA,3192,45.27,2,53.57,69.49,1,3320,75.17,0,0,65.66,NA,76.38,0
152,0,39,4,5,1,2466,61.75,5,32.89,375,0,48.86,NA,1524,918,939,2010,1139,0,1,2,1297,1,NA,0,2209,NA,0,44.12,47.36,NA,NA,64.84,5,46.45,54.38,19.86,61.24,1317,1324,1017,751,50.15,4,39.45,24.37,0,979,45.48,2,0,44.47,3,31.02,1
153,0,58,7,5,0,1538,50.29,3,61.07,1223,1,50.77,1845,463,2047,1730,1504,699,0,1,2,942,0,34.69,NA,557,44.81,3,NA,52.65,55.49,54.24,49.04,NA,33.3,43.43,37.26,63.73,1079,NA,1398,971,41.55,1,45.05,47.94,0,764,48.75,2,NA,55.23,5,NA,NA
154,0,41,7,4,1,4517,66.16,1,65.65,3238,1,44.08,1892,1453,1084,4344,1613,452,1,0,1,526,1,47.37,1,1851,59.29,2,31.91,62.45,53.27,49.05,60.94,3,44.27,52.46,40.29,47.95,712,932,1353,1000,50.14,NA,59.95,58.7,0,1273,70.2,0,NA,62.64,1,68.13,0
155,0,40,9,1,1,2525,NA,5,30.97,1444,1,36.87,1230,1319,1685,784,1888,441,0,1,NA,939,0,36.48,1,833,57.15,4,NA,60.81,NA,50.48,61.35,0,NA,59.3,58.47,63.41,1245,589,NA,1026,50.68,4,49.34,62.34,1,2098,61.85,3,1,61.61,5,62.04,0
156,1,26,6,4,1,2633,54.87,0,68.54,476,1,59.73,1772,2735,1245,803,617,1209,0,1,4,2237,0,51.87,0,NA,44.47,NA,57.53,48.32,43.42,63.03,48.01,1,52.29,42.24,39.77,59.81,1112,1297,1606,1984,43.36,5,55.25,43.04,1,545,46.13,5,0,44.75,0,46.4,1
157,1,35,5,3,1,1700,54.26,3,36.62,409,1,37.85,986,1988,NA,1953,1677,NA,1,NA,4,648,0,55.74,NA,1048,46.63,4,55.1,34.81,52.43,54.1,43.06,2,39.87,46.34,50.15,44.46,971,1397,1460,1563,40.69,5,46.66,48.74,1,1611,49.94,2,1,54.74,4,54.37,0
158,1,38,7,6,0,1124,NA,1,NA,905,1,38.21,1331,NA,1048,858,1271,531,NA,1,1,NA,1,40.14,0,611,70.2,3,55.53,53.24,69.59,61.33,41.79,4,40.59,54.74,29.16,49.65,NA,922,1024,961,69.35,2,71.9,48.97,0,2057,38.67,3,0,34.5,2,NA,0
159,1,35,6,5,0,3785,NA,6,40.68,522,1,65.21,1274,1541,1765,2486,2882,NA,0,1,4,2963,1,37.87,1,NA,NA,5,54.27,58.58,54.78,53.35,NA,0,59.79,43.25,57.99,42.37,2463,1444,NA,1919,52.46,4,51.76,57.14,1,2364,59.59,2,1,73.42,5,58.86,0
160,0,26,1,6,1,1220,53.25,NA,30.98,1895,1,42.9,576,654,866,547,1527,4253,1,1,6,NA,1,62.71,1,838,52.04,0,30.67,61.67,NA,63.77,60.06,3,37.84,NA,54.89,46.97,671,698,702,823,40.46,2,40.23,NA,0,1014,52.14,5,1,58.56,0,47.03,1
161,1,46,12,4,1,3184,43.34,2,63.99,996,1,52.48,1628,3032,2330,4696,3291,1451,1,0,1,1436,0,49.98,1,1325,31.94,4,39,54.03,53.43,52.23,53.96,4,56.72,73.79,56.55,34.14,NA,1578,NA,NA,52.25,2,43.14,64.6,1,1023,49.31,4,1,51.13,2,42.15,0
162,1,42,3,3,0,3663,48.22,3,40.33,841,0,43.47,1137,922,NA,1148,1547,NA,0,0,3,NA,0,24.45,0,1345,29.29,1,52.98,58.72,NA,48.02,55.22,2,72.6,NA,42.42,57.37,1817,2242,2326,2363,54.01,2,49.68,60.45,1,1283,55.9,4,0,45.93,3,56.69,0
163,0,33,9,1,0,3505,45.42,0,26.28,839,1,55.03,1493,1466,NA,1142,931,2383,1,1,1,3061,0,58.93,NA,577,55.89,3,63.37,49.7,45.16,57.61,52.84,2,58.67,43.83,29.8,37.9,366,765,1201,1022,61.9,5,46.75,67.21,1,1010,75.68,2,1,44.29,5,57.68,0
164,0,50,7,3,0,1977,45.18,2,48.99,600,0,68,2648,NA,NA,NA,1455,1739,1,NA,5,1731,0,52.04,0,1142,40,2,73.63,40.65,49.47,48.17,64.69,2,49.74,74.22,60.83,57.23,1093,1108,947,1547,38.55,3,53.67,47.76,1,1073,45.32,4,1,50.03,3,61.58,1
165,0,18,0,1,1,1648,34.95,NA,41.1,574,1,52.28,801,486,519,508,424,953,0,0,5,1451,0,57.61,1,1490,68.62,2,35.29,50.54,49.68,43.34,NA,4,59.52,48.49,57.12,43.84,NA,NA,1886,1438,52.36,4,44.59,26.88,1,1031,28.29,5,1,36.5,4,NA,NA
166,0,21,12,1,1,1478,59.34,3,34.76,742,0,67.28,1272,1976,1356,621,1447,771,NA,1,3,2447,0,48.97,1,891,43.22,2,40.27,41.63,43.99,47.77,43,1,48.32,61.65,47.55,58.25,600,539,363,455,35.58,5,40.3,35.3,0,610,44.68,4,1,51.78,5,39.53,1
167,0,18,6,4,0,2004,51.49,1,40.42,1803,0,56.04,1686,1194,2168,1826,927,957,0,1,3,1284,0,54.1,1,756,57.54,NA,49.42,52.68,NA,NA,58.08,2,54.14,NA,60.45,37.98,1714,1460,1455,1725,62.01,2,59.2,35.22,NA,802,39.27,NA,1,24.95,3,NA,0
168,0,45,10,4,1,1755,45.26,NA,53.79,474,0,26.39,1721,1842,4203,2278,888,684,0,0,2,NA,0,45.19,NA,1027,50.12,2,46.51,NA,48.37,NA,57.19,2,45,44.57,53.31,55.39,1177,1210,1140,841,41.15,2,33.96,41.45,1,493,43.66,4,1,39.96,1,45.86,1
169,0,44,5,7,0,2274,48.04,4,60.46,1902,0,46.69,NA,1891,1530,957,1787,1650,1,1,3,1439,1,51.99,1,1283,53.57,3,60.42,50.47,NA,48.84,30.94,4,63.28,45.46,42.96,NA,1504,869,1047,1614,54.89,NA,47.41,58.21,0,966,49.53,2,NA,NA,1,43.47,NA
170,0,35,5,5,1,2075,49.41,2,46.94,842,1,47.19,1539,1439,2783,1091,575,808,1,1,2,798,1,39.05,1,1089,57.84,3,36.94,NA,NA,46.14,48.22,4,38.04,28.25,NA,48.93,807,937,NA,556,62.92,4,55.58,63.51,1,1903,46.4,3,NA,56.5,5,54.83,NA
171,0,41,7,5,0,3411,NA,4,39.71,3657,1,61.53,1855,2053,1223,1478,811,1746,0,1,5,NA,1,48.7,0,3476,40.3,1,52.35,65.8,43.41,60.28,35.74,0,64.22,57.35,64.24,66.19,2027,2040,2001,1725,47.49,5,NA,37.76,1,966,29.08,4,0,26.45,0,47.18,0
172,0,34,7,4,0,907,41.17,3,30.85,NA,1,42.31,923,685,994,516,NA,1318,0,1,4,2546,0,56.62,1,1265,57.8,2,59.85,48.51,55.27,38.82,49.09,2,73.71,49.55,34.29,60.91,566,390,769,760,NA,2,69.36,NA,0,1572,60.88,2,NA,55.05,3,40.75,1
173,1,42,14,3,1,6017,60.68,0,61.28,2042,1,66.21,2394,3857,2324,3415,4544,1125,1,1,NA,3772,1,54.01,1,7113,NA,3,55.14,63.04,47.44,61.49,47.37,1,56.75,75.69,42.26,46.51,NA,1376,1133,1638,53.94,NA,63.19,73.24,0,1495,56.41,2,0,58.27,3,64.54,1
174,0,50,9,6,0,3246,50.15,2,57.92,1663,1,57.91,1006,NA,601,NA,1098,1978,0,NA,3,1096,NA,51.7,0,1841,50.93,2,62.57,47.59,59.35,45.78,51.45,3,61.56,36.95,45.21,59.89,756,1437,2119,1532,34.3,3,33.09,58.09,0,1844,66.2,1,0,45.47,NA,60.94,0
175,1,37,3,2,1,760,55.95,4,52.34,2114,1,67.16,1851,1519,891,1363,1985,1685,0,1,3,1782,0,50.78,1,1764,NA,3,46.38,28.55,61.84,63.72,45.96,NA,44.3,54.47,47.92,NA,870,530,NA,477,55.92,1,54.87,45.86,1,958,64.37,3,0,60.02,5,79.17,0
176,1,24,8,3,1,1374,41.51,4,43.96,1085,1,59.68,1670,NA,NA,1884,1481,565,0,1,3,1526,1,43.04,0,1009,60.94,2,36.99,50.22,54.69,NA,32.18,3,49.95,57.57,41.2,50.5,1515,1177,803,1476,60.95,5,62.02,48.34,0,NA,34.29,3,1,39.6,1,NA,1
177,1,54,14,3,0,6689,50.58,3,55.78,1420,0,60.62,1760,2085,3206,4995,2898,1443,1,1,5,NA,0,66.3,1,2343,64.34,4,47.63,43.29,59.66,47.06,62.11,1,40.36,52.07,53.81,58.03,1788,2189,3133,2431,58.87,4,45.65,NA,1,1394,58.36,2,NA,59.08,4,66.03,0
178,0,36,5,1,1,2201,71.47,1,49.71,3292,1,70.25,1297,2720,1229,NA,1617,584,1,NA,3,702,0,49.69,1,1121,50.22,1,NA,54.06,57.99,45.98,55.75,1,45.82,51.49,46.11,67.67,1447,1306,2119,1002,43.04,3,53.43,61.79,1,2884,NA,3,0,45.96,5,62.91,1
179,1,51,10,5,1,3195,56.4,3,47.28,1738,1,60.11,896,687,NA,1064,NA,2030,0,1,5,1474,1,46.73,1,1161,74.18,3,37.61,55.05,59.42,NA,45.14,3,41.54,NA,67.48,49.07,1014,1633,1965,1644,58.43,1,58.75,NA,0,1424,44.64,NA,0,49.06,3,54.83,0
180,1,36,4,2,0,2599,60.14,2,54.98,2415,1,51.12,1484,1130,1530,2007,2467,1744,1,NA,4,NA,1,56.49,0,480,54.72,2,66.94,32.37,49.12,NA,42.24,2,47.45,65.3,40.19,54.2,4118,2748,5643,2199,54.44,3,51.49,54.42,0,1618,56.28,0,0,42.49,3,39.09,0
181,1,51,10,3,0,2324,56.72,2,NA,2734,1,73.11,909,1477,1619,1268,1100,2088,0,0,5,NA,0,57.29,0,NA,46.82,4,42.93,59.49,46.82,62.53,41.63,4,52.54,49.67,52.13,35.3,NA,1476,NA,2691,53.19,4,39.55,70.31,1,3604,52.34,3,1,49.95,3,28.3,0
182,0,33,9,6,1,1263,NA,2,46.67,3137,0,42.87,947,695,NA,1074,1075,550,1,1,0,883,0,36.75,1,686,59.65,4,58.47,53.57,53.36,53.97,51.63,NA,51.89,51.53,45.43,41.32,NA,860,NA,725,65.7,1,41.9,32.33,1,1654,51.49,5,1,41.04,0,29.2,0
183,0,33,0,4,0,1191,36.62,4,27.33,707,1,50.88,717,1103,1298,848,854,705,NA,1,3,1126,1,41.9,1,NA,47.65,4,52.59,70.71,62.73,58.99,57.8,6,59.27,38.19,35.77,NA,729,767,1240,786,56.89,3,46.48,42.48,1,792,37.48,NA,0,41.03,3,NA,0
184,0,37,4,2,1,1412,62.26,2,NA,2018,1,54.01,1303,817,NA,2407,NA,NA,NA,1,2,1213,1,44.88,NA,1879,61.4,2,63.62,50.26,NA,36.11,35.57,2,42.47,45.43,41.47,44.36,1782,982,1347,1099,34.36,1,NA,NA,0,845,45.11,2,1,39.09,2,44.58,0
185,1,55,12,4,1,3903,NA,1,64.67,1253,0,50.35,1921,2069,2336,888,806,2983,1,0,NA,1211,1,56.83,0,1742,53.2,4,NA,47.89,55.05,36.57,58.26,4,40.04,47.39,44.73,44.4,1398,1082,1540,2595,55.26,3,60.11,57.11,0,1028,42.67,5,0,45.79,1,52.41,0
186,0,26,10,5,0,2023,NA,1,65.11,2970,1,71.28,3155,4224,2241,2461,2670,NA,0,0,5,NA,0,50.35,1,1497,57.41,3,39.39,56.63,56.57,NA,37.02,4,53.09,51.41,NA,66.38,678,906,1015,637,40.75,4,30.37,55.99,0,881,46.68,4,0,59.05,3,41.94,0
187,1,51,17,4,1,7159,49.53,1,76.12,2432,NA,NA,1386,2360,NA,2433,1374,NA,1,1,4,NA,0,61.5,1,2188,NA,2,49.12,47.86,54.65,41.61,51.11,2,61.33,50.03,55.3,50.03,1308,1471,1792,1566,65.15,6,76.42,47.82,1,1724,56.15,3,1,60.87,2,59.08,0
188,1,22,1,4,0,993,62.87,2,46.65,693,0,41.14,NA,2709,1325,1655,2438,2226,0,0,1,2075,1,33.94,0,592,60.76,3,45.54,46.35,NA,46.63,NA,NA,NA,44.93,29.18,43.25,1210,720,921,1559,48.65,4,47.17,55.89,0,648,42,5,0,38.38,3,44.31,1
189,0,39,1,6,0,3800,NA,6,44.73,1314,0,60.12,2093,380,767,1289,1641,907,1,1,4,NA,0,63.38,NA,3747,36.84,6,NA,55.22,56.36,NA,44.65,3,NA,53.52,67.74,49.84,NA,2032,3217,2198,49.82,4,65.54,NA,1,1639,49.07,NA,0,59.03,4,NA,1
190,0,38,6,4,0,1307,NA,2,48.68,752,1,36.33,548,2984,381,1823,754,1421,1,0,3,1127,0,48.46,NA,1285,70.03,4,63.37,63.84,37.9,64.76,45.96,2,52.06,63.01,36.56,68.59,685,1290,832,662,65.16,5,42.63,16.43,NA,1036,36.9,7,0,NA,0,29.54,0
191,0,40,9,3,1,1272,60.29,5,40.75,684,0,37.14,1803,1449,3674,1940,2883,NA,0,1,NA,4150,1,56.46,0,612,51.98,3,45.63,56.84,NA,62.81,48.22,2,38.08,40.57,37.74,34.35,1870,3052,3194,2509,43.15,NA,45.74,63.62,1,2667,67.4,0,0,39.4,5,63.97,0
192,0,62,9,6,1,8385,51.62,1,50.39,1698,NA,69.28,NA,1820,678,1378,NA,1650,0,1,2,1195,0,65.27,1,1043,48.6,5,NA,51.39,43.95,44.32,43.2,NA,NA,38.39,NA,62.01,994,838,1057,992,NA,NA,57.52,59.92,0,1899,49.62,NA,NA,56.69,5,NA,1
193,0,45,3,4,0,3200,66.51,2,58.21,1904,NA,69.97,1563,1173,1133,NA,1178,897,0,NA,4,NA,1,49.84,1,NA,61.6,2,42.99,55.65,NA,37.74,66.29,4,56.67,38.91,60.13,46.06,2383,3075,1868,NA,73.33,3,56.35,62.72,1,1908,56.51,2,NA,66.96,6,61.81,1
194,1,56,6,9,1,2357,22.81,6,53.52,3359,1,58.53,1550,NA,1278,713,959,4884,1,NA,NA,3392,1,60.31,1,6240,44.36,2,38.96,53.55,28.87,51.65,59.15,3,52.06,53.36,44.19,NA,1553,1007,1108,1733,42.03,2,45.48,NA,0,2281,66.43,0,0,74.78,5,73.88,NA
195,0,34,12,7,0,2454,40.41,3,49.36,1057,NA,49.36,300,581,1054,1584,993,NA,0,0,1,887,0,45.93,0,925,53.05,5,34.35,49.95,50.92,33.88,47.82,5,34.04,46.13,61.77,NA,1016,NA,709,1546,47.26,3,65.28,NA,0,1802,37.4,1,1,34.35,3,47.85,1
196,0,41,9,3,1,2212,48.49,4,34.31,2210,1,35.95,3146,1265,2760,1061,1681,NA,0,0,2,1527,0,43.05,1,1303,48.77,2,46.57,64.53,61.54,39.62,62.23,1,44.45,66.25,NA,40.91,1211,1206,NA,1557,54.32,5,62.78,NA,1,2382,57.19,2,0,50.43,4,61.73,0
197,0,29,9,2,1,2357,32.11,1,55.74,1255,0,NA,1016,588,1215,342,552,1251,0,0,2,1653,1,49.43,1,1428,45.98,1,51.89,51.06,55.16,NA,63.46,2,58.92,68.59,66.13,48.85,NA,502,519,689,59.91,1,54.09,60.93,1,1821,56.4,2,0,44.76,6,63.14,0
198,0,35,6,1,1,3402,58.12,3,64.4,1707,0,60.53,2620,2368,1774,1514,1720,1424,0,0,0,622,1,46.79,0,2181,54.49,2,52.07,48.71,42.48,53.82,43.04,4,38.1,54.55,50.86,40.86,1579,1857,1204,3140,56.15,6,49.23,NA,1,NA,45.46,2,0,54.99,4,59.68,0
199,1,33,11,5,1,1179,NA,4,41.11,527,1,45.86,1609,2515,2984,2662,NA,1609,NA,0,4,461,1,34.85,1,1785,56.44,3,63.36,55.95,33.71,21.43,NA,NA,60.91,41.87,56.13,36.04,750,725,621,548,NA,3,50.71,44.7,1,4068,50.87,2,1,54.62,5,57.47,1
200,0,41,9,7,1,4039,58.94,2,52.19,1714,0,50.15,851,1414,2344,803,1873,1482,1,1,4,1045,1,45.3,NA,1404,42.39,5,38.73,52.11,40.76,68.55,65.52,4,40.71,70.46,40.67,NA,1722,2594,1886,1965,54.32,1,46.25,71.11,0,1402,37.48,NA,0,49.55,4,46.53,NA
201,0,35,10,4,0,4371,52.23,2,61.33,2362,1,60.51,802,1674,1526,993,728,1265,0,0,3,1428,0,32.98,0,NA,46.98,2,54.62,42.42,46.54,37.41,48.72,1,53.18,49.45,29.44,34.58,NA,2931,5145,2898,60.1,3,37.24,43.92,0,2222,65.51,2,1,45.94,NA,46.94,NA
202,0,21,12,1,0,5248,50.44,0,58.2,1913,0,78.42,2891,NA,2405,3064,1742,1563,0,0,1,631,1,37.36,1,NA,52.23,4,65.92,47.89,53.02,53.91,61.19,NA,44.49,53.56,51.69,63.82,526,NA,999,941,69.16,8,49.48,67.13,1,2990,61.71,2,NA,45.7,6,56.26,1
203,0,40,2,6,1,1388,31.4,4,48.34,1345,1,42.81,2602,2741,1094,848,1465,1380,1,1,1,NA,1,42.61,1,845,48.79,2,52.61,36.71,56.95,28.61,35.18,1,42.31,51.48,33.87,53.61,NA,1196,1052,1490,NA,2,36.9,29.89,0,1643,37.19,4,0,49.47,4,24.22,0
204,1,34,12,5,0,2858,NA,2,52.54,3030,1,57.21,892,1230,1392,396,NA,4488,1,1,6,2234,1,50.7,NA,NA,41.72,4,47.52,55.01,51.98,35.97,50.2,8,48.35,40.9,NA,37.88,982,1039,NA,1267,NA,NA,44.15,51.76,1,1987,65.54,2,0,64.42,4,48.99,0
205,0,24,8,3,0,798,47.75,3,41.83,2644,1,36.04,1154,828,1052,809,NA,706,1,0,1,2242,0,50.22,1,NA,51.59,3,43.43,34.36,73.91,54.43,NA,2,62.22,54.58,44.95,47.37,595,677,846,412,57.36,2,32.42,45.99,0,1368,43.22,4,NA,40.4,3,51.15,0
206,0,18,6,4,1,1656,52.45,5,39.33,1040,1,44.5,1122,1652,704,3027,1918,NA,0,0,1,519,1,50.51,0,693,44.3,5,52.96,62.75,59.8,56.09,NA,3,NA,43.67,51.1,37.88,1438,1919,985,1399,NA,4,26.39,31.56,0,2555,48.37,3,1,53.73,2,NA,0
207,0,19,7,5,1,2021,51.33,3,58.51,1768,0,54.73,1067,965,2001,816,977,NA,1,0,4,1116,1,47.36,0,3921,38.51,3,NA,41.43,52.81,48.72,55.49,3,46.98,65.38,NA,62.47,1260,NA,NA,3046,41.88,6,64.2,36.98,NA,247,31.33,8,1,34.58,4,48.92,NA
208,1,31,4,3,1,2056,33.97,5,54.99,767,1,46.21,NA,1079,853,NA,3471,1207,0,0,2,2173,1,56.43,NA,NA,57.89,2,60,54.63,53.13,31,53.82,3,54.71,55.11,55.07,50.88,967,1327,889,1150,43.07,2,50.45,42.27,1,2333,46.82,4,0,42.46,5,NA,1
209,1,33,8,4,1,5257,57.77,4,33.24,1820,1,52.31,2522,2170,1491,5356,2163,NA,1,1,4,1759,0,43.8,0,2232,56.31,NA,68.65,57.24,57.52,48.48,57.88,4,52.19,63.96,60.16,52.67,5009,3541,3872,3705,69.18,6,68.83,64.61,0,1641,66.22,4,0,49.65,1,53.78,1
210,0,43,6,6,1,2128,37.18,5,46.06,625,0,36.27,884,742,552,NA,1171,1088,1,1,1,1311,1,44.87,0,1053,51.23,2,58.17,49.1,52.94,49.86,25.57,3,51.2,50.71,54.91,45.62,1142,772,NA,1126,37.09,4,45.01,40.5,1,1255,45.74,4,0,28.82,4,41.77,0
211,1,27,8,4,1,2740,64.58,1,57.25,1780,0,NA,2532,2182,1414,2046,1938,2895,1,0,NA,1402,0,43.5,NA,3357,65.57,3,35.87,57.5,43.34,NA,40.54,4,61.94,66.44,62.61,37.49,488,NA,1093,495,50.77,0,28.06,53.34,1,1273,56.54,3,0,42.33,4,42.28,0
212,1,41,9,5,0,2538,41.28,1,NA,688,0,45.94,472,1244,1423,1333,1448,2200,1,1,5,2506,1,NA,1,2429,42.67,3,50.2,52.17,54.17,61.36,56.25,2,NA,60.75,48.78,41.92,571,433,344,394,43.37,2,41.19,NA,1,NA,30.41,4,0,42.12,2,34.08,NA
213,1,44,14,4,1,3517,42.25,5,NA,952,0,55.91,1157,2109,NA,2080,NA,2284,1,1,6,2549,1,59.86,1,2884,57.93,4,48.76,58.09,33.89,51.16,46.73,1,28.84,44.2,36.56,51.22,846,1143,1635,1491,72.55,2,64.78,81.67,1,1546,42.55,1,NA,62.43,4,60.19,NA
214,1,28,10,2,1,1273,NA,5,74.2,1010,1,34.51,1058,622,684,1879,1185,553,1,0,1,345,1,55.23,0,NA,46.74,1,NA,37.14,60.65,58.5,46.31,1,67.31,59.5,40.09,NA,1344,887,1219,1243,38.55,2,46.37,51.18,0,1401,46.13,1,1,45.34,1,27.58,0
215,0,32,6,4,0,2367,43.22,4,49.44,1516,0,34.49,1052,711,877,1715,2159,1751,0,1,3,NA,1,45.21,1,NA,43.69,0,35.1,49.2,NA,54.37,NA,6,32.87,48.99,36.93,52.89,2397,1865,2295,2523,52.76,4,NA,61.01,1,1226,48.13,2,1,NA,4,54.3,1
216,0,30,6,5,1,1181,27.98,2,26.44,4701,1,67.35,NA,1141,2459,962,1747,631,0,0,3,1432,1,45.97,0,1028,57.9,3,37.29,56.19,56.13,36.18,45.99,5,54.39,42.95,45.21,NA,2565,1989,2683,1306,62.17,5,43.25,30.01,1,497,37.8,6,0,NA,1,47.28,NA
217,0,42,10,3,1,2239,53.82,3,51.46,2696,0,NA,2893,NA,1551,3152,2480,1441,1,0,0,762,0,39.58,1,460,51.07,2,45.72,69.03,48.64,NA,59.7,3,41.41,41.75,69.67,49.79,1009,1513,1395,2159,67.31,3,58.74,NA,1,1391,62.1,2,1,61.45,6,NA,0
218,1,80,3,1,0,1543,54.42,2,42.32,697,0,53.84,NA,942,NA,1677,973,2188,1,1,5,812,1,58.08,0,1828,53.8,3,45.92,55.81,46.05,44.92,NA,0,49.48,NA,49.47,60.25,1639,1158,765,NA,31.15,4,49.62,50.16,0,1038,52.82,2,1,34.5,2,45.77,1
219,0,50,4,7,0,2110,40.43,2,54.92,3258,1,60.9,1685,1952,1586,1058,1542,1452,0,0,4,NA,0,59.78,1,3138,59.42,5,50.51,37.84,54.39,47.92,NA,3,44.15,53.06,46.96,60.01,3408,NA,NA,3239,43.95,0,21.75,57.38,1,1456,46.53,3,0,63.06,3,55.25,NA
220,0,39,5,6,0,2675,57.84,4,69.78,2074,0,50.18,1994,1273,1623,1238,1255,2000,NA,1,4,1317,1,49.55,NA,2210,63.21,4,65.62,38.77,49.35,54.46,55.81,3,40.96,68.26,65.87,43.98,871,1305,1393,1635,NA,6,56.39,55.48,1,1876,40.11,NA,1,54.8,2,NA,1
221,0,27,7,6,1,2989,57.96,3,53.53,1011,0,50.4,2038,982,NA,755,1109,1568,1,1,4,NA,0,58.29,0,NA,52.25,2,68.67,33.42,NA,60.18,59.2,3,48.2,69.2,42.42,73.69,706,906,1636,1499,48.04,NA,62.15,47.35,0,1044,43.11,3,1,49.39,3,41.82,1
222,0,40,10,3,0,2597,53.74,2,NA,4619,0,42.66,2559,1971,2426,3067,4403,1496,0,1,NA,2021,0,64.8,0,2354,40.96,1,42.84,55.24,49.21,39.77,41.82,2,47.33,44.94,58.82,52.38,4162,2032,NA,3246,60.74,1,56.22,55.92,0,1261,41.6,2,1,42.68,1,NA,NA
223,0,46,18,4,0,1868,40.53,2,62.29,3484,1,52.84,1197,1082,1215,1118,592,748,NA,0,NA,682,0,42.31,NA,NA,58.22,5,57.1,50.69,NA,65.06,47.36,2,41.31,56.28,50.58,56.06,1335,957,1353,1550,47.43,3,51.58,39.64,1,2262,48.36,2,1,43.08,1,48.28,0
224,1,48,16,3,0,1225,44.08,3,46.62,2630,1,56.68,883,1817,1241,1136,2065,NA,1,1,5,4152,0,63.11,0,2221,29.17,3,50,70.11,NA,45.88,NA,0,53.54,62.17,66.99,38.1,NA,2186,1906,1805,51.85,NA,46.51,42.06,0,716,50.16,5,1,50.48,2,40.85,1
225,1,42,11,2,1,2711,55.36,3,63.11,2507,NA,61.41,1222,1573,1903,1370,1007,2670,1,0,4,NA,1,52.88,0,1175,48.96,2,46.44,NA,NA,61.53,64.65,3,61.31,41.06,59.86,41.64,1790,2221,1976,2465,55.03,6,40.93,NA,1,942,51.79,1,1,NA,5,55.72,0
226,0,59,9,3,1,1590,52.6,4,27.62,731,0,44.64,1659,1132,1015,2280,995,1138,NA,1,3,1326,0,NA,NA,1947,39.81,2,47.42,38.25,31.15,34.2,40.79,3,46.77,52.29,55.58,NA,1214,860,733,947,35.15,2,52.96,NA,1,3714,55.27,4,0,39.72,5,62.55,NA
227,0,33,7,4,0,1710,77.83,2,68.65,2117,1,69.48,NA,397,851,1171,660,747,0,0,4,1276,0,52.77,0,1385,NA,4,24.83,44.86,38.91,42.66,NA,3,39.23,28.76,47.34,41,2419,3318,2766,2929,41.11,NA,66.86,NA,1,3110,52.61,1,0,NA,3,68.46,1
228,0,49,0,5,1,1272,40.73,6,36.37,845,1,23.93,765,699,754,1162,NA,1732,0,1,4,2376,0,54.63,1,2315,39.72,1,NA,49.32,54.74,NA,51.47,5,65.5,55.06,49.37,54.88,727,831,506,1281,25.76,4,NA,36.74,1,1030,33.49,7,0,52.66,0,28.57,0
229,1,33,0,4,0,3949,34.26,2,56.3,1735,1,58.74,1802,1714,1001,1091,687,932,0,NA,0,3153,1,43.7,1,NA,55.44,2,46.43,43.81,47.95,45.54,47.8,2,59.93,55.14,55.68,NA,2351,1380,NA,1566,42.71,3,56.56,52.18,1,848,58.26,3,0,41.8,0,32.84,0
230,0,47,11,3,0,710,NA,3,43.03,999,1,68.12,793,1115,1600,1192,630,1739,0,0,NA,792,1,27.52,NA,757,47.88,2,48.48,NA,NA,44.91,NA,0,59.5,64.58,NA,42.72,4249,2431,2753,2579,74.53,2,48.78,43.04,0,1407,37.13,NA,1,49.07,3,34.56,0
231,0,45,12,3,0,1870,42.95,4,50.91,710,0,48.11,NA,1288,1134,1061,1308,329,0,0,0,434,0,44.64,1,526,45.56,3,47.58,50.06,63.33,46.17,50.9,1,36.32,49.69,NA,37.5,2155,2162,2038,1389,66.09,5,58.13,39.16,0,958,24.61,NA,1,48.8,0,19.77,0
232,0,36,4,5,0,917,28.78,5,61,704,0,44.23,894,999,1364,397,1408,453,0,1,3,1913,0,53.23,0,1123,50.17,4,NA,57.74,43.79,NA,55.56,3,56.58,NA,51.25,71.4,NA,2708,1650,1901,69.15,NA,46.4,48.85,1,1208,63.3,NA,0,48.77,2,51.91,0
233,0,53,5,1,1,806,48.67,3,25.11,1939,0,34.03,2107,2081,3165,NA,3065,660,1,NA,2,3118,1,28.53,1,734,37.12,4,51.6,47.8,36.58,58.24,NA,3,47.85,48.86,60.76,28.74,NA,510,725,494,41.67,1,42.35,39.79,0,1102,47.41,2,0,57.7,3,56.72,NA
234,0,76,12,4,1,1071,35.32,7,38.42,543,1,47.59,1139,211,1628,971,NA,1549,1,0,7,2639,1,44.44,1,2545,NA,4,37.25,57.48,40.12,38.05,41.51,6,NA,60.19,54.7,47.46,1249,1316,1918,NA,50.47,4,44.99,42.29,0,1962,49.87,3,NA,40.57,0,58.74,0
235,1,41,1,5,1,964,50.92,3,64.08,5949,1,45.17,739,2062,556,878,NA,NA,0,1,6,NA,0,68.84,0,1499,49.7,5,NA,NA,54.5,61.8,27.2,5,58.84,51.69,40.05,33.42,2022,2135,1521,1268,54.08,3,55.4,45.96,1,500,51,6,0,33.35,0,35.11,0
236,0,18,7,2,1,1947,40.98,2,49.28,1137,0,63.1,2718,2336,2268,1347,NA,1766,1,NA,4,1771,NA,59.56,0,1435,57.68,2,46.59,43.04,38.62,47.47,70.3,1,51.79,64.42,64.71,53.95,1780,1219,1560,1366,51.74,2,58.68,41.71,0,942,38.14,5,1,31.72,1,37.64,1
237,0,52,6,2,1,1253,NA,0,34,811,0,37.32,NA,1721,1045,730,736,1361,0,0,2,479,0,41.36,0,NA,51.2,2,60.44,37.94,51.68,40.52,43.01,1,48.57,47.34,67.46,52.96,1654,1829,1875,1420,31.55,4,59.13,43.45,1,1643,50.98,2,1,38.24,0,32.23,1
238,1,35,10,4,1,2327,44.04,3,61.55,2646,0,54.91,1407,547,940,665,1720,1471,0,1,3,591,0,43.97,1,2733,49.66,2,NA,71.52,47.61,63.22,38.99,1,64.63,55.28,53.31,51.6,2732,NA,1927,NA,53.67,3,41.49,54.65,1,643,25.83,4,1,27.33,1,44.27,1
239,0,38,11,4,1,2060,60.92,4,48.9,2080,1,51.63,1118,2157,1502,NA,1658,2101,1,0,6,4047,1,46.86,1,NA,53.11,2,45.92,51.08,78.9,52.07,54.23,4,42.5,70.76,66.23,52.92,500,453,684,698,36.77,4,NA,64.8,1,607,55.21,3,0,40.19,5,38.45,0
240,0,39,6,2,0,1688,64.65,3,57.39,1170,1,31.52,2557,830,1137,NA,1443,384,1,0,0,389,0,46.37,0,666,31.11,NA,57.91,39.54,32.7,47.74,NA,1,40.1,74.38,62.73,43.69,828,862,550,396,40.5,3,30.52,54.45,1,1282,57.96,2,0,56.02,4,47.53,NA
241,0,53,15,6,1,4236,56.43,0,63.4,1153,1,57.96,3412,3645,1857,2424,1798,1174,0,1,6,3147,0,49.91,0,1258,NA,2,64.23,83.25,70.28,54.68,49.94,3,52.85,66.89,NA,NA,1118,2909,NA,2273,72.09,4,69.47,55.36,1,3098,45.76,3,1,NA,3,69.9,1
242,1,50,5,1,0,3149,57.74,NA,53.98,2822,1,62.2,1074,587,2205,1480,1787,944,0,1,5,NA,NA,64.49,0,1347,28.73,3,70.01,66.96,51.65,NA,65.81,1,64.7,80.71,61.53,53.72,1067,1263,1424,1051,55.1,4,64.51,NA,0,1628,48.54,3,0,39.61,3,64.05,0
243,0,35,7,3,0,3615,40.21,0,43.54,788,0,61.92,899,925,1105,911,1734,NA,1,NA,3,1455,0,60.2,0,979,NA,2,44.85,41.88,53.91,43.79,34.6,3,62.53,52.27,NA,67.78,NA,1168,1121,1209,55.37,3,49.82,63.78,1,1642,65.85,1,0,39.68,4,51.93,1
244,0,61,11,6,1,2903,52.83,5,56.82,1210,0,52.41,1997,1354,2111,1036,836,1660,0,0,4,792,1,NA,NA,1283,28.34,2,NA,64.63,NA,52.5,49.18,1,NA,37.6,56.66,55.99,NA,943,1080,1486,42.97,NA,55.33,36.91,0,NA,41.91,NA,1,42.21,2,36.05,1
245,0,27,7,4,1,1311,30.56,5,44.03,1456,0,44.94,NA,1848,603,1445,2484,2377,0,1,4,NA,0,52.04,1,3147,45.94,1,48.07,62.19,39.08,57.49,73.47,3,55.54,36.69,42.01,26.16,2323,1394,1760,2699,34.36,4,61,46.83,1,1402,55.91,4,1,43.54,6,62.68,1
246,1,50,4,8,1,1081,44.16,3,52.3,585,0,36.54,1895,1584,1418,1387,1829,641,1,NA,4,609,1,53.58,0,786,49.67,1,43.2,56.55,31.05,45.41,44.84,4,NA,49.92,55.64,NA,NA,1684,1025,1605,49.85,3,34.06,53.19,1,1088,41.55,2,1,46.4,2,40.99,1
247,0,45,10,9,1,1445,NA,4,26.01,1425,NA,60.68,699,1466,NA,2490,470,1874,0,0,6,2111,1,51.7,0,2919,43.32,3,63.96,47.11,44.96,39.69,53.6,3,52.34,49.14,59.11,37.71,1264,1526,1238,1087,51.7,3,41.19,43.38,1,535,46.51,5,1,51.08,3,40.81,0
248,0,29,14,7,1,3490,38.11,4,36.2,2056,0,50.54,542,NA,1260,1160,1120,2250,0,0,6,1756,1,47.09,1,1005,53.62,3,49.67,51.54,55.61,48.93,49.29,6,46.03,71.03,NA,50.31,1511,NA,1409,1256,23.76,2,56.91,67.09,1,1408,52.42,1,NA,54.95,5,52.27,0
249,0,56,5,5,1,3358,63.64,2,35.03,861,0,43.47,1403,1222,1067,989,1221,1239,1,0,2,NA,NA,37.63,1,575,39.89,4,44.18,38.45,57.55,25.04,NA,5,50.41,44.78,36.66,NA,NA,889,NA,787,47.06,4,51.8,NA,0,1839,49.37,3,1,41.74,3,54.24,0
250,0,56,10,1,1,2800,57.56,NA,62.45,1983,1,31.62,NA,1474,949,1473,600,427,0,0,4,732,0,44.35,0,564,56.74,4,29.53,56.34,64.56,65.37,50.03,3,43.46,37.2,55.06,59.08,1175,1293,1063,1199,50.85,3,65.21,63.2,0,1464,47.3,NA,0,57.63,0,39.88,0
251,1,47,12,4,0,1458,40.71,4,51.65,1206,0,45.68,575,905,1384,245,616,NA,1,1,0,1157,0,44.79,0,2164,65.71,2,55.01,56.4,41.51,45.06,58.69,NA,51.4,52.61,49.1,64.77,1096,1623,2721,NA,44.22,2,38.33,52.84,0,458,21.8,7,1,39.32,2,38.49,0
252,0,49,11,2,1,884,41.65,4,53.24,2702,0,45.02,908,792,1663,1100,804,852,0,0,3,1394,0,47.27,0,NA,NA,1,44.38,54.23,53.34,NA,40.36,0,61.96,37.06,55.16,46.84,1764,1954,1536,1073,39.51,4,40.58,55.67,1,1403,57.18,3,0,72.86,4,63.16,1
253,0,34,13,3,1,1846,59.73,1,NA,NA,1,48.89,2730,1844,1845,1678,1725,1202,1,1,4,1266,1,NA,1,NA,NA,1,52.71,52.11,48.63,41.1,NA,1,55.83,37.52,57.86,43.58,912,785,862,703,45.05,6,45.87,50.87,NA,NA,51.69,1,0,43.17,3,56.07,0
254,0,43,5,3,1,979,54.51,4,33.13,1326,1,60.24,931,1591,621,946,NA,NA,0,1,5,1882,1,67.15,NA,689,59.57,3,49.06,55.77,47.62,47.61,42.46,3,32.2,46.9,36.97,33.69,NA,1121,1473,1798,58.11,0,44.51,49.3,1,NA,39.24,4,0,57.99,1,43.49,1
255,1,44,10,7,1,2896,48.85,1,38.06,744,0,53.24,2467,5924,1609,2588,1829,827,0,1,NA,1017,0,34.85,1,577,32.18,5,55.04,43.67,50.97,NA,61.61,2,47.38,52.69,57.86,NA,NA,3281,1885,3115,52.3,5,73.39,77.35,1,NA,67.46,2,0,64.77,5,64.61,1
256,0,43,5,5,0,1715,38.15,NA,38.69,2366,NA,48.96,769,1185,1295,2195,1240,1399,NA,NA,2,1054,0,33.97,0,1494,52.42,2,56.17,31.9,48.2,NA,57.62,7,43.65,50.28,59.48,49.85,361,656,569,689,52.04,0,NA,37.52,1,1683,40.91,2,1,47.08,1,45.31,1
257,1,37,9,5,0,1513,48.77,2,47.59,476,0,58.45,2954,2309,1443,1206,1549,893,0,0,2,1250,1,44.59,0,NA,61.09,5,47.61,36.33,34.98,48.35,56.35,2,49.56,49.25,36.89,45.71,1522,1396,NA,1111,68.73,4,59.05,61.03,0,1811,48.04,3,1,67.42,3,48.21,1
258,1,56,5,3,1,1084,42.09,2,61.74,741,0,33.91,1113,1262,2235,1783,2457,655,1,1,0,609,0,20.04,1,858,NA,1,38.12,77.47,49.19,NA,43.4,NA,44.3,44.87,62.07,55.16,2522,1672,2374,1182,48.92,5,49.29,NA,0,1232,35.91,4,0,45.65,2,35.77,NA
259,1,36,4,5,0,5216,56.58,0,56.23,1284,0,61.99,3897,1348,3163,2875,1735,2196,1,1,4,1870,1,47.27,1,1731,44.8,3,54.65,NA,53.92,66.01,NA,2,54.27,58.21,58.54,72.82,3502,1998,NA,NA,50.18,6,50.46,46.26,0,3535,57.62,4,1,NA,2,53.75,NA
260,1,44,13,6,0,1030,56.48,NA,37.25,1879,0,51.4,4195,1424,1281,1890,2437,2214,0,NA,4,2062,1,68.28,1,1880,36.84,1,37.39,58.34,52.17,53.35,NA,5,48.56,51.5,NA,NA,2022,1615,2247,1760,34.35,1,45.4,39.33,0,553,37.06,6,0,31.08,0,NA,0
261,0,35,1,4,1,963,46.36,5,NA,835,0,45.48,3286,331,1586,1235,NA,NA,0,0,2,1641,1,40.78,NA,1463,59.52,2,47.19,42.65,41.14,34.26,34.51,4,43.92,42.79,50.21,36.14,611,1098,NA,549,49.71,4,56.71,47.56,0,1564,41.65,4,1,50.69,3,45.65,0
262,1,47,10,4,1,1203,59.24,3,43.01,1332,0,46.15,846,1289,497,1204,857,1179,1,0,3,2523,1,NA,1,2531,NA,2,51.1,56.02,47.2,58.39,55.58,2,59.57,44.96,42.42,37.06,788,1090,1570,1518,63.75,4,41.6,46.13,1,656,39.94,3,1,41.32,3,NA,0
263,1,74,7,2,1,4800,42.91,3,55.82,518,0,54.05,1929,1753,1582,1010,1460,2084,1,1,1,570,0,47.64,0,1660,50.92,4,NA,55.38,61.91,58.3,62.53,5,58.48,40.06,36.68,51.78,985,841,1172,2124,58.9,3,44.65,47.62,1,3251,57.28,3,0,NA,4,41.76,0
264,0,71,6,2,0,2004,18.52,3,28.75,4255,0,27.63,1646,NA,1815,2524,364,1974,0,1,1,972,1,45.08,0,1357,NA,3,54.14,60.78,30.69,40.5,55.03,6,45.56,56.95,59.49,62.54,NA,1393,NA,1010,60.24,3,62.85,51.67,1,813,46.78,0,0,61.47,5,52.56,0
265,0,50,0,5,0,1431,NA,3,49.27,2052,1,42.39,1486,591,301,2063,1143,791,0,0,1,510,0,42.77,0,692,33.41,1,58.9,51.24,61.09,51.09,56,2,70.84,52.37,62.77,44.77,939,1474,873,892,67.41,2,43.24,50.13,0,NA,40.61,3,NA,36.84,0,38.68,0
266,0,42,4,7,1,3248,NA,5,45.92,2803,NA,51.23,3547,2728,2894,2094,1150,1219,0,0,3,1735,0,56.15,1,1251,69.33,2,NA,38.78,NA,58.8,43.05,4,43.68,NA,49.13,NA,NA,1943,1449,1493,NA,5,54.95,55.92,0,1257,40.48,5,NA,36.55,1,66.46,NA
267,0,48,10,8,0,5852,NA,1,62.12,1440,0,57.64,440,856,NA,4880,1503,1677,1,1,6,3081,1,56.11,1,1869,31.9,4,25.47,62.49,43.64,40.53,NA,2,57.31,49.85,42.66,40.21,1570,1086,NA,1553,61.95,5,NA,51.37,1,2900,57.46,2,1,56.33,8,53.22,1
268,0,34,4,5,0,928,46.54,5,45.84,782,1,31.53,145,1414,690,758,591,1800,1,1,0,NA,1,45.91,0,NA,62.24,3,49.28,43.01,NA,32.99,NA,5,47.48,54.01,35.22,45.54,NA,NA,656,857,NA,2,31.43,49.12,1,735,41.43,0,NA,48.72,3,44.19,1
269,0,22,-0,5,1,1372,NA,2,NA,1218,1,43.87,1651,829,1435,2329,1952,1519,1,1,2,NA,1,58.53,0,695,52.51,6,42.9,48.08,35.65,44.88,NA,3,41.46,50.23,56.88,41.67,861,780,1659,1209,46.83,1,64.71,49.23,0,700,37.44,6,0,27.51,1,NA,NA
270,0,25,0,4,1,1933,50.74,3,27.28,NA,1,49.46,985,1114,1363,4682,NA,960,NA,1,3,1282,1,NA,0,1612,61.87,5,48.15,50.5,NA,55.14,NA,4,NA,53.59,NA,61.28,748,578,590,583,70.05,2,41.26,NA,1,2289,40.91,5,1,58.87,3,47.98,NA
271,0,58,6,4,1,1888,NA,3,47.41,1007,1,53.11,1616,2135,1249,1595,556,NA,1,0,3,963,1,41.37,1,1254,33.93,6,46.88,45.25,39.09,34.81,37.87,5,32.99,49.04,54.88,NA,1004,1103,491,1351,43.57,4,32.55,39.41,0,1980,NA,4,1,49.18,3,44.37,1
272,0,26,-0,4,0,1382,57.76,2,54.17,1619,1,49.45,NA,NA,945,1254,927,783,0,NA,0,458,1,42.94,0,NA,46.25,3,44.03,42.61,43.87,41.33,35.99,3,48.71,38.46,57.69,19.69,1348,859,NA,NA,53.21,5,63.47,NA,1,2221,64.15,2,0,55.81,NA,45.48,1
273,0,32,4,8,1,242,36.92,5,28.23,453,0,39.95,1141,360,736,560,563,1279,0,0,1,NA,0,35.46,0,328,66.74,1,65.03,52.85,44.88,34.45,NA,3,46.24,50.99,NA,39.83,728,NA,414,418,25.79,0,45.36,42.42,0,1058,41.28,3,1,42.06,2,34.67,1
274,0,57,8,4,0,2105,36.76,4,35.54,655,0,28.28,824,1100,452,1141,719,1872,0,0,4,1542,1,58.05,1,NA,56.96,3,56.8,63.79,53.45,NA,63.52,2,NA,48.87,NA,68.84,1812,678,1192,652,63.85,6,47.75,57.49,0,1126,33.86,NA,1,45.42,4,47.15,0
275,0,69,7,4,1,4678,56.27,5,43.11,868,0,54.17,1576,4818,1648,1325,1733,1374,0,1,2,2802,1,60.72,NA,2718,36.58,2,NA,45.69,56.72,61.83,NA,NA,49.51,59.45,NA,54.11,1036,2103,1287,2192,37.15,2,57.41,63.79,1,3043,60.86,NA,1,56.15,4,57.06,1
276,0,36,6,1,0,2397,54.46,3,63.25,1857,0,33.1,2969,993,4978,2652,2456,1666,1,1,5,2169,1,45.36,NA,1256,64.38,1,72.23,48.24,48.88,NA,59.85,4,63.4,41.78,53.94,37.12,1480,3023,NA,1621,NA,1,40.43,44.7,1,1069,61.77,0,NA,46.4,3,NA,1
277,1,36,8,1,0,1899,NA,4,60.83,1348,0,45.38,4356,3256,1242,1434,1585,1543,0,0,2,NA,1,38.69,0,988,55.26,0,40.41,63.84,NA,51.93,NA,1,60.68,44,46.37,44.47,1996,1642,1233,1884,56,3,52.51,52.79,0,1198,45.41,5,0,43.05,0,44.73,0
278,1,18,10,4,0,2003,35.18,3,53.33,1468,0,66.33,1751,1027,447,2800,922,1713,0,1,4,2493,0,NA,1,2445,45.94,NA,56.83,48.52,47.29,48.59,47.04,1,NA,68.62,51.36,47.45,1003,1086,1226,1031,54.55,3,23.79,48.8,0,1556,49.73,2,1,39.43,0,NA,1
279,0,41,7,2,1,3774,45.12,2,55.07,1637,0,37.9,737,1415,273,954,NA,1228,0,1,4,1579,1,61.56,1,1821,38.84,2,NA,41.33,44.96,58.17,50.43,3,50.59,48.2,46.84,37.55,2277,1736,1806,1826,50.89,1,47.04,51.25,1,1145,53.66,5,0,31.05,3,NA,1
280,0,27,14,2,0,3468,56.42,2,53.16,2258,0,NA,4180,2951,454,5334,2308,1958,1,1,3,1395,1,61.09,1,1681,37.29,2,50.07,59.37,55.31,38.58,60.74,0,52.52,66.58,50.88,49.21,NA,2727,NA,1491,NA,7,51.46,54.01,1,1973,51.35,2,0,42.4,2,45.83,0
281,0,35,6,5,0,754,54.04,3,54.38,3705,1,NA,616,1026,393,807,1459,759,1,0,NA,1391,1,42.96,1,904,48.6,3,NA,63.36,52.59,48.56,NA,4,53.47,NA,36.17,43.89,754,886,1722,1339,33.51,0,39.89,56.44,1,740,34.65,4,0,41.58,2,52.71,0
282,1,56,1,10,0,2028,52.33,4,68.43,1095,0,40,2385,2158,1193,NA,1067,NA,0,1,0,2011,1,55.05,1,1345,32.57,3,53.88,58.51,38.08,43.32,42,9,37.3,34.98,53.86,56.82,1096,1114,817,1031,35.27,4,42.68,51.06,NA,3372,38.5,6,0,38.59,1,54.57,1
283,1,38,9,2,1,3753,42.45,2,53.39,3156,0,58.44,NA,1549,758,821,411,1327,1,0,5,1923,1,51.23,1,1374,30.54,3,48.22,49.42,58.04,30.46,52.37,4,45.51,35,54.22,45.64,2780,3151,6079,1976,51.97,3,70.63,57.57,1,700,66.43,2,1,50.36,3,55.48,0
284,1,18,3,4,0,2356,50.71,0,65.08,NA,1,49.37,623,1509,3064,807,1246,3078,1,1,4,1640,1,36.29,NA,NA,64.22,3,NA,50.39,51.27,51.75,48.4,2,NA,56.82,47.95,46.6,1277,1026,1371,943,47.84,NA,69.59,53.15,1,2570,NA,2,0,66.1,2,55.69,1
285,0,49,3,5,1,1860,61.11,2,NA,1214,0,48.39,1368,841,2186,1198,1919,6872,1,1,5,3507,1,58.32,1,1035,30.06,2,58.93,66.3,NA,NA,NA,1,60.01,54.31,43.03,44.43,1064,1478,1132,1780,42.11,4,64.73,60.63,1,2186,66.5,NA,NA,53.41,NA,56.94,1
286,0,42,15,6,1,2406,57.67,5,47.57,1226,0,53.4,1557,1887,2091,2091,3080,893,0,0,4,856,1,64.79,1,1505,51.24,2,42.54,55.35,37.18,51.07,65.78,NA,NA,50.42,55.35,46.23,1332,1023,929,633,54.1,NA,45.33,58,0,1181,46.85,1,0,NA,3,55.03,1
287,0,43,3,4,1,1284,66.82,3,45.92,4969,0,48.99,NA,1930,1632,3715,2009,1147,1,NA,2,NA,0,61.75,1,710,NA,1,50.29,45.83,69.49,48.3,34.67,3,52.35,49.3,43.49,39.82,NA,884,1721,952,NA,2,59.92,40.56,1,2982,55.2,1,0,48.82,5,63.78,0
288,0,26,12,4,0,4325,63.96,4,46.41,3961,1,52.78,1475,2247,1290,3362,1498,1707,0,0,4,1148,1,41.67,1,2760,47.7,4,52.16,40.38,NA,74.48,51.63,2,50.48,40.74,58.7,45.89,1256,1840,2010,1108,52.61,4,67.49,NA,0,3707,58.6,NA,NA,58.48,4,49.77,0
289,0,46,14,1,0,1207,62.44,3,36.37,2552,NA,56.92,912,1524,NA,1167,481,477,1,0,4,1441,1,52.59,0,1008,48.52,1,52.09,50.42,61.79,49.66,54.16,NA,NA,43.01,58.5,40.5,1047,1387,2576,1150,44.58,4,19.25,31.21,0,1381,46.36,2,0,49.86,2,43.95,NA
290,0,35,9,2,1,2343,57.91,0,52.79,1105,1,60.15,1295,569,467,483,1714,465,0,1,4,NA,0,61.72,0,975,43.85,0,60.34,45.85,67.61,55.76,NA,5,53.16,54.91,43.11,46.03,2009,1372,2424,2479,59.95,NA,65.21,52.3,1,1133,58.75,3,0,41.76,4,46.16,0
291,0,37,8,2,0,1640,39.18,6,64.93,1452,1,49.53,1267,1066,786,281,855,NA,0,1,5,NA,1,45.5,1,1372,30.06,0,56.69,45.74,56.76,65.17,37.76,3,41.1,49.27,47.79,46.38,738,348,527,495,23.8,2,42.96,42.83,NA,1100,40.51,2,0,33.81,3,37.6,1
292,0,33,13,5,0,3917,NA,3,65.49,1555,1,58.61,1224,1341,1512,NA,NA,1427,1,NA,NA,2418,1,61.57,1,NA,NA,4,66.31,50.75,49.91,43.68,38,2,58.79,36.5,42.53,64.77,1288,2962,NA,1019,NA,2,65.05,49.34,0,1202,57.93,2,NA,41.94,4,54.75,1
293,1,42,3,3,1,2127,NA,5,55.09,1125,NA,57.14,3705,2452,5856,1880,3105,NA,0,1,NA,1974,0,38.03,0,883,NA,2,62.85,NA,60.59,28.92,45.43,4,55.04,55.43,59.18,53.5,702,956,958,761,44.64,4,49.6,45.99,0,499,35.51,4,1,NA,6,39.37,0
294,0,48,11,5,0,799,NA,0,50.68,3074,1,39.87,1253,359,875,727,895,568,0,1,1,NA,1,42.04,1,1567,55.47,3,NA,41.36,48.72,42.21,47.68,NA,35.78,38.26,37.2,40.04,458,705,402,451,22.04,0,28.33,42.63,0,2418,54.42,NA,0,70.36,3,53.03,0
295,0,31,6,4,1,2143,42.73,4,57.37,721,1,38.33,NA,1685,2312,5055,2273,NA,NA,0,2,2386,1,49.89,0,1677,26.55,6,53.87,48.29,54.97,52.16,NA,4,NA,48.72,44.65,43.11,774,639,NA,1370,58.71,4,45.17,52.36,0,1037,42.69,4,1,NA,3,46.39,1
296,0,35,10,5,1,1751,46.18,4,66.36,1597,1,59.89,4308,NA,1563,NA,1452,795,1,NA,3,1445,0,44.02,NA,2778,63.28,5,43.44,54.67,49.22,NA,NA,2,39.57,26.82,54.65,32.27,1591,2325,1123,NA,36.33,1,34.58,37.78,NA,NA,24.27,4,1,36.11,3,44.59,0
297,0,32,3,4,1,1183,31.5,5,36.4,1126,0,NA,1392,4147,1119,1141,775,NA,0,1,6,3214,0,NA,0,1909,NA,5,33.12,48.68,30.8,45.59,51.07,7,NA,44.23,36.49,48.75,867,NA,426,609,NA,3,48.45,41.49,0,1890,52.78,5,1,32.9,1,51.37,NA
298,0,29,4,2,1,2978,49.78,3,63.32,2059,1,47.14,684,523,720,1003,614,NA,1,1,6,2436,1,56.44,0,2321,16.63,6,34.21,44.68,49.1,NA,55.89,4,57.61,49.76,NA,66.45,4676,2329,2595,2013,53.84,3,54.26,44.91,0,764,43.36,3,1,38.1,1,39.24,1
299,0,48,12,2,1,1651,46.61,2,57.45,1169,NA,53.7,1197,1571,1212,1439,2488,1336,0,0,0,NA,0,36.48,NA,1668,54.32,1,55.61,61.99,47.06,NA,59.11,6,NA,59.54,60.07,40.86,1419,NA,1143,1018,37.79,3,36.66,27.27,0,797,34.01,2,1,29.57,0,38.98,0
300,0,50,8,4,0,1660,53.17,4,57.65,867,1,37.88,1254,1224,1198,853,809,938,0,NA,5,1214,1,47.3,0,NA,53.95,3,66.08,66.39,49.66,73.05,55.84,1,56.91,51.36,56.2,49.4,1198,1394,1653,1845,50.81,5,32.49,31.35,0,970,24.41,5,0,46.9,2,47.26,NA
301,0,27,10,3,1,7869,50.79,2,56.71,2221,0,59.79,1544,1494,1318,3254,641,2240,1,0,NA,1444,1,58.08,0,2505,36.53,4,39.94,50.77,43.58,52.96,53.38,2,51.55,45.65,52.2,64.2,942,1166,876,1184,52.55,2,58.47,47.86,0,2208,49.9,2,NA,62.31,5,56.07,NA
302,0,28,7,2,1,1741,61.37,2,46.34,2005,1,62.89,NA,555,943,607,NA,441,0,0,0,1115,0,36.91,1,1524,NA,6,40.35,36.29,NA,41.8,NA,2,52.45,37.71,46.99,60.61,1283,1058,817,839,35.03,4,NA,42.39,0,863,52.92,3,0,70.2,4,51.49,1
303,0,53,8,1,0,2707,57.58,1,69.43,3494,1,62.3,2090,2332,1264,1067,3011,1536,0,0,NA,1887,0,34.5,0,2898,42.65,2,50.2,55.37,NA,59.28,NA,5,72.81,47.32,NA,51.83,2958,2644,NA,2497,50.76,NA,63.46,45.59,0,4677,67.51,2,NA,42.66,3,57.48,0
304,1,48,0,3,1,2068,37.59,3,67.47,1794,0,40.86,1464,1440,1691,NA,702,391,0,1,2,1972,1,44.97,1,847,59.26,2,32.5,45.65,55.88,45.75,63.31,4,64.95,50.81,41.98,72.51,1728,1651,2180,2325,56.78,5,50.91,NA,0,1214,63.69,2,1,52.98,5,52.47,0
305,0,47,11,6,1,1760,69.29,NA,83.33,1047,1,49.28,856,520,982,556,604,1309,0,0,1,676,1,43.73,0,1459,39.8,1,52.93,33.64,49.56,NA,50,3,56.82,49.9,35.68,36.5,4089,2001,3184,1822,55.65,5,74.49,33.37,0,2144,52.43,4,0,55.88,3,43.31,NA
306,1,41,7,3,0,2470,51.98,3,56.25,1018,0,NA,1772,1725,657,716,731,4067,1,1,7,2941,1,79.19,0,1960,52.21,4,40.78,53.07,66.07,51.58,45.72,2,57.85,39.82,35.29,42.42,NA,799,NA,982,43.19,3,41.47,NA,1,648,40.92,4,1,30.28,2,60.35,1
307,0,56,10,4,1,2714,39.33,0,63.71,2033,NA,63.62,NA,1597,350,1453,1732,1562,0,1,5,1272,0,49.2,1,1631,57.03,3,61.79,NA,44.45,37.67,54.87,4,41.52,30,44.92,48.34,NA,3126,1749,3278,57.37,3,57.34,58.87,1,1811,60.16,1,NA,39.71,3,58.52,0
308,1,36,8,3,0,2291,67.99,1,51.94,1564,NA,69.59,1301,1262,1517,954,710,2426,0,1,4,3830,0,50.28,0,2453,40.15,6,49.99,37.78,45.5,74.54,36.13,1,38.95,53.91,67.64,55.47,1457,1377,462,1177,52.12,5,63.65,65.71,0,1369,45.44,2,0,47.77,3,NA,0
309,0,58,9,8,1,1138,49.25,3,52.51,2337,1,61.92,668,NA,800,1677,1611,638,0,1,3,1626,1,25.45,NA,723,58.26,1,45,50.3,25.36,43.54,50.65,1,53.76,55.1,43.12,45.12,NA,1878,1155,1204,57.13,4,59.51,24.03,1,2230,27.09,3,0,38.53,1,42.69,NA
310,1,40,2,4,0,1024,43.2,5,59.62,634,1,63.34,902,1344,2678,1002,770,1965,0,NA,6,1382,1,55.15,0,1709,68.25,1,57.04,48.48,65.6,49.23,58.24,3,55.59,37.65,41.95,35.7,1701,2028,2007,1372,64.74,4,52.46,68.24,1,1916,60.18,NA,0,65.07,5,50.12,1
311,0,38,11,10,0,1923,48.64,5,NA,709,NA,55.78,521,1478,NA,422,1187,NA,1,0,1,534,1,28.06,1,1055,53.61,4,51.96,54.46,47.62,44.82,42.43,5,32.24,41.4,47.48,45.4,1039,1244,1250,1097,54.93,2,31.48,NA,0,358,39.09,5,1,38.33,0,26.58,0
312,0,48,12,5,0,2700,39.69,3,58.91,2103,0,46.09,1721,1494,2033,1996,2337,2660,NA,1,2,NA,0,NA,1,720,50.57,5,29.95,49.07,56.5,38.37,58.55,5,43.69,41.38,40.16,73.43,736,1141,962,439,48.79,2,42.46,NA,0,2776,40.63,0,0,47.94,3,NA,NA
313,1,49,10,7,1,1805,58.88,2,NA,3087,0,58.81,1468,989,1832,762,1043,2163,NA,0,3,1273,0,NA,1,808,44.58,3,42.09,50.9,43.75,43.17,NA,3,NA,53.94,50.26,44.23,980,687,916,669,50.47,2,47.72,43.61,0,1396,69.93,2,1,58.15,3,45.45,1
314,1,69,5,4,1,635,56.2,2,45.6,814,1,52.66,NA,1881,882,927,438,NA,1,0,2,1972,0,52.3,1,NA,NA,2,NA,39.7,59.63,58.56,32.92,NA,48.06,30.71,48.94,57.06,736,910,1181,703,40.08,NA,38.9,36.17,0,734,29.13,5,0,43.66,2,58.23,0
315,0,45,12,5,1,3720,32.61,2,54.98,968,0,42.43,1384,1444,1042,1676,1060,708,NA,0,4,1172,0,46.81,1,1102,28.64,1,59.3,56.36,62.66,54.27,44.96,3,54.92,NA,50.47,44.71,NA,1886,2807,2591,58.46,1,60.54,52.64,0,1265,61.99,3,1,53.69,3,53.2,1
316,0,44,6,5,1,2333,NA,2,46.28,1022,0,65.13,1471,NA,NA,2285,3692,NA,0,0,2,5008,0,52.29,1,2070,38.18,4,32.28,NA,42.04,NA,59.45,1,42.5,49.91,54.5,30.33,1539,2222,1670,1886,49.03,5,65.18,45.13,0,1324,43.38,3,1,36.97,4,61.38,0
317,0,56,3,2,0,2227,59.33,2,59.7,1756,0,65.68,1105,1275,1902,1947,849,1468,1,1,5,1133,0,54.92,1,1474,55.15,NA,54.71,38.2,29.91,58.84,43.93,3,57.87,34.52,38.94,47.55,1073,1162,1249,875,43.52,3,73.19,NA,0,1558,59.59,3,0,54.6,1,71.12,1
318,1,56,10,6,0,1373,53.01,7,52.7,1524,0,57.98,2879,NA,1608,1605,4239,483,NA,NA,1,NA,0,33.07,1,655,43.9,0,52.19,47.65,53.76,50.6,73.27,3,66.86,59.02,48.99,43.32,1966,1895,1745,1599,48.76,0,40.47,52.19,0,341,34.81,4,1,46.51,1,NA,0
319,0,49,3,2,0,902,37.63,NA,40.75,1286,0,59.27,1298,1059,3460,2047,956,1092,NA,0,1,1467,0,47.72,1,587,29.34,1,NA,37.19,42.71,56.32,62.03,1,66.28,57.05,43.56,NA,1490,3009,NA,1763,62.61,5,60.76,NA,1,852,47.71,NA,0,49.48,3,42.45,0
320,1,58,13,4,0,2922,42.76,2,67.22,1910,1,40.7,NA,4246,3386,3466,2496,691,0,0,3,903,1,24.01,0,NA,40.21,3,65.62,60.26,24.93,57.81,61.43,5,63.54,28.8,43.24,65.81,1337,2217,3208,3256,53.97,2,51.6,50.35,0,2394,44.26,3,0,48.4,4,61.44,1
321,1,37,2,4,1,3112,62.45,5,43.18,755,0,54.72,1785,1235,2497,1943,876,1061,0,NA,1,NA,0,51.69,1,967,45.89,2,44.84,38,41.87,43.78,32.04,2,58.69,50.8,54.22,44.26,2517,1623,1058,1058,49.91,4,61.47,56.96,0,1232,46.63,NA,1,NA,4,66.15,1
322,1,46,11,6,1,2578,59.21,NA,51.96,1131,1,38.31,2636,844,1770,2213,NA,NA,1,1,3,626,0,52.69,NA,1290,53.87,1,45.04,69.46,52.27,NA,62.95,1,54.34,23.34,51.85,57.98,1447,2022,1151,919,46.83,NA,47.63,53.86,0,847,43.06,4,1,38.62,1,38.36,0
323,1,36,10,6,0,1952,NA,3,54.47,989,0,52.65,938,2506,2715,554,1125,750,0,1,4,1545,0,46.09,1,NA,56.73,2,41.69,63.42,55.45,61.04,57.23,0,56.87,NA,54.31,61.47,736,515,1335,1112,46.89,3,58.52,58.63,1,1053,52.29,6,1,52.87,1,58.29,1
324,1,47,10,4,0,3158,51.26,1,33.35,443,1,NA,936,1716,NA,704,2241,2332,1,1,5,3620,0,62.72,1,2747,64.39,3,47.02,42.12,61.45,58.77,50.18,2,45.62,41.81,61.93,47.86,2690,4507,1687,3001,37.53,5,50.77,70.44,1,1657,51.06,4,0,55.02,3,66.97,NA
325,0,62,4,4,0,2488,40.97,4,60.34,1248,0,46.36,657,742,1309,1124,825,1525,0,1,6,2378,0,62.99,0,2369,60.6,1,53.57,46.92,69.16,60.73,44.67,2,69.77,49.01,39.94,50.03,NA,4054,2687,2332,52.68,3,55.83,49.76,1,2220,NA,4,1,48.67,2,48.81,1
326,0,52,0,4,1,1999,48.35,3,48.34,1465,1,NA,571,662,1317,2527,1506,3917,0,0,3,NA,1,62.06,1,557,52.38,3,41.87,50.65,49,39.37,40.82,3,39.57,51.04,NA,50.61,1049,1385,1633,1339,49.4,4,49.52,NA,1,1480,48.66,4,1,48.38,4,42.23,0
327,0,30,0,7,1,554,50.2,4,50.9,770,0,47.12,1676,1652,1992,1720,2513,812,0,1,0,759,NA,39.41,0,705,56.2,4,NA,45.46,56.49,48.7,46.37,3,55.79,44.47,35.85,27.94,2138,2206,1795,2148,50.34,1,32.68,NA,0,1189,54.57,2,NA,43.06,3,60.12,0
328,0,44,4,4,1,3388,65.34,3,62.93,1534,0,NA,2174,1508,1586,2283,1165,1309,1,1,3,2187,1,53.57,1,990,69.58,2,47.92,31.96,NA,62.85,34.15,2,42.31,52.07,48.09,69.38,1499,1437,2171,2043,51.15,5,60.87,38.62,0,1182,59.36,4,NA,44.77,3,49.76,1
329,1,36,8,3,0,1760,47.91,6,36.2,1722,1,54.98,2262,3092,815,1821,1327,863,1,1,0,1668,0,55.56,0,1578,51.39,3,NA,32.67,38.33,44.11,63.5,4,44.57,48.26,56.54,46.54,1886,1515,1152,1193,61.66,5,36.61,44.02,1,967,36.75,4,1,55.67,2,NA,NA
330,0,56,4,4,0,2315,48.46,1,60.64,1694,1,76.18,1405,1717,1973,1158,2386,596,1,0,2,2029,0,37.01,0,1132,62.29,2,37.61,31.17,47.97,46.56,NA,5,59.79,54.75,45.39,44.09,1018,2059,1092,1699,73.51,2,49.75,49.31,1,NA,59.06,2,0,33.96,2,40.84,NA
331,0,47,6,5,1,4093,65.97,0,59.04,2603,NA,62.31,NA,1709,1171,2169,460,1344,1,0,3,1969,1,NA,1,1209,NA,3,37.22,50.78,45.33,42.05,47.54,5,NA,12.51,43.87,38.15,1455,2249,1419,3239,61.88,6,72.34,NA,1,2651,51.65,NA,0,NA,5,53.86,1
332,0,33,12,5,1,786,50.44,3,47.64,1492,0,53.02,1529,1041,515,1661,863,1192,1,0,2,NA,1,54.58,NA,1499,45.38,1,28.4,45.22,52.77,36.97,48.47,2,52.2,34.32,37.06,47.18,NA,867,1066,944,43.36,4,53.69,45.04,0,900,44.12,3,0,46.18,4,45.17,1
333,0,53,6,4,1,2102,NA,1,63.01,778,0,57.94,2406,3155,1408,2581,2336,1038,0,NA,0,511,1,59.2,1,1614,52.85,4,66.74,46.28,59.71,54.89,59.87,3,56.92,NA,63.3,62.77,NA,2823,5089,2410,41.57,5,NA,62.96,1,845,28.89,NA,1,42.43,3,53.68,1
334,1,32,5,3,1,1153,50.97,4,45.81,1271,1,53.09,NA,945,671,682,1215,1746,1,0,3,403,0,45.07,1,1258,38.05,3,42.71,53.95,42.89,NA,44.46,3,53.55,56.39,60.96,46.45,2387,2246,1372,937,52.1,3,34.65,NA,0,259,23.36,7,1,16.99,0,23.55,0
335,0,49,13,2,1,2101,38.64,3,37.22,507,0,38.02,NA,NA,3127,1171,1632,764,0,1,1,2300,0,47.04,NA,973,67.44,2,NA,47.04,49.13,53.35,32.11,7,41.66,40.86,26.16,49.98,841,886,698,1313,53.73,4,52.07,47.34,0,2604,49.43,1,1,44.72,2,40.91,0
336,0,30,12,3,0,1733,51.69,2,52.75,1778,1,55.47,728,NA,2916,1119,1577,2068,0,1,3,1314,0,NA,1,2219,50.28,0,50.81,NA,40.55,42.45,74.64,4,32.28,43.32,33.89,38.9,1247,1036,830,806,66.36,4,55.83,55.06,0,1287,54.85,3,1,48.24,3,62.97,0
337,1,42,5,4,0,2941,37.47,4,31.16,887,0,51.91,2633,1595,2287,2801,5328,1086,NA,0,2,950,0,59.79,NA,NA,59.11,6,36.16,54.33,53.17,43.87,48.85,6,NA,NA,32.51,22.21,1503,2417,2404,2411,71.93,NA,49.98,54.42,0,1290,49.45,5,0,38.88,1,34.32,1
338,0,37,10,3,1,960,NA,4,NA,643,0,38.47,NA,2143,NA,NA,1555,1506,1,0,1,2519,1,48.74,1,1174,48.4,1,56.41,47.41,53.98,54.7,NA,3,32.87,72.25,51.77,54.49,2209,5307,4433,2014,46.57,4,48.69,40.02,0,982,41.42,2,1,58.34,0,50.27,0
339,0,20,12,8,0,2597,51.93,0,71.29,2166,0,48.46,1349,999,1275,927,751,3070,1,1,NA,1984,0,54.32,0,2617,57.71,4,18.55,44.34,53.7,48.99,54.38,NA,42,38.69,56.63,54.18,1860,1398,1364,1936,50.27,3,60.68,36.64,1,1120,37.85,4,0,41.65,1,42.43,0
340,0,38,0,1,1,1469,53.89,1,70.72,1457,0,50.91,1031,1010,833,738,1192,2182,0,1,3,NA,1,NA,1,1144,40.17,5,43.17,42.38,36.06,61.93,54.02,4,43.46,67.33,58.22,47.94,1057,1526,1303,545,43.42,5,55.48,56.55,1,1879,46.6,3,1,44.74,6,44.67,1
341,1,36,4,4,0,4238,40.09,3,NA,1503,1,33.03,1523,1486,1170,1650,1320,1217,0,1,3,377,0,32.24,0,606,53.83,5,54.79,44.59,38.89,53.03,63.8,3,67.89,NA,47.07,34.94,1952,2068,3816,2506,54.18,5,68.49,NA,1,2474,50.78,2,0,NA,3,43.95,NA
342,1,61,6,6,1,6047,53.22,6,45.05,1809,0,48.08,1839,1798,4144,716,1360,1436,1,0,6,1874,1,63.14,1,883,61.62,3,NA,56.19,49.64,41.84,42.94,2,71.64,50.73,57.77,30.73,2174,3524,3445,2169,49.44,2,44.54,57.97,0,5025,79.6,NA,0,53.23,6,51.26,NA
343,0,32,5,5,1,1350,47.65,3,26.92,1107,0,51.45,2199,1266,1622,1958,3050,NA,0,0,4,1668,NA,49.3,0,2904,57.56,6,47.41,36.57,45.67,NA,33.4,4,57.18,45.33,47.18,41.85,1232,1409,1843,749,64.17,1,56.25,35.16,0,1148,29.46,5,1,42.83,2,34.54,0
344,1,52,0,7,0,371,27.18,5,25.35,712,0,34.04,NA,1098,1484,NA,1093,NA,0,0,NA,1322,NA,69.24,1,1161,56.95,5,55.29,44.58,62.08,39.51,NA,4,49.39,NA,57.24,NA,548,618,478,291,45.65,1,39.96,36.37,1,958,29.21,5,0,42.64,0,35.13,NA
345,0,37,6,5,0,1549,61.74,4,60.82,1400,0,55.01,1980,2783,3016,NA,5179,4434,0,0,2,647,0,32.82,1,NA,40.15,1,51.47,41.08,50.83,46.91,45.6,4,68.34,52.92,65.52,42.66,2817,2022,1864,2256,46.69,1,39.13,50.22,1,3904,52.51,3,0,55.73,2,63.81,NA
346,0,33,5,2,1,1397,48.41,4,45.99,1075,1,43.21,NA,1704,NA,1745,1164,1200,1,1,4,2316,0,66.63,0,1181,45.91,4,53.07,45.82,39.21,57.54,NA,6,51.7,40.19,62.65,40.45,1153,1099,NA,1546,40.53,4,56.13,42.31,1,960,38.74,7,1,34.13,1,37.43,0
347,0,57,10,7,1,1959,NA,2,51.19,1786,1,NA,1512,647,1794,2561,529,1031,1,0,3,NA,0,46.22,0,1667,51.03,NA,38.54,21.46,42.86,40.92,47.98,4,NA,58.36,61.08,NA,1235,NA,1168,851,60.15,4,NA,44.26,1,1290,49.68,5,1,38.2,3,56.83,0
348,0,50,8,5,1,1856,51.87,2,60.82,1345,0,59.1,961,1354,1707,1313,1561,1287,1,0,2,1019,0,56.74,NA,1740,49.52,2,61.83,74.32,41.37,51.11,60.89,4,44.05,62.97,NA,61.46,950,1972,1096,1826,49.88,1,56.28,74.01,1,2511,68.49,NA,1,62.82,5,NA,NA
349,0,52,9,2,1,2671,55.2,0,52.68,NA,0,NA,1381,1824,1754,1591,1782,624,1,1,NA,603,1,57.65,0,908,30.6,3,NA,40.43,NA,39.11,NA,NA,56.45,55.46,58.34,50.23,2761,2354,3187,3170,40.54,5,53.34,57.38,NA,3035,58.99,1,0,53.54,2,46.92,1
350,1,56,6,7,0,1944,50.61,2,NA,929,0,64.26,662,1102,957,1229,1639,1101,0,1,3,NA,0,60.69,1,1297,45.57,3,49.54,45.28,65.05,63.92,53.9,1,45.15,40.86,49.04,36.1,738,800,822,1124,31.6,2,48.93,57.38,0,2116,59.43,2,1,NA,3,54.05,1
351,1,33,7,8,1,1966,44.87,7,48.71,NA,0,48.84,1165,1644,1581,2394,1682,1159,1,1,5,1928,1,37.96,0,861,63.04,4,61.86,59.45,53.4,48.95,50.78,4,40.68,56.38,38.84,31.14,2136,3641,2354,2744,80.2,7,63.21,56.12,1,779,66.15,2,0,57.71,4,54.66,0
352,0,29,5,3,0,3868,NA,1,51.55,4733,1,61.6,1599,1611,1747,NA,1108,NA,0,1,4,870,1,47.09,0,1603,NA,5,NA,51.1,59.8,46.16,36.12,2,53.56,49.25,44.68,40.11,969,1020,804,700,53.62,2,62.57,58.92,0,1762,52.47,3,NA,46.92,5,58.21,0
353,0,55,10,5,0,1750,25.45,3,37.47,859,1,48.88,3984,1549,2579,2807,3849,NA,1,0,5,2431,0,60.58,1,1623,57.95,2,54.43,56.6,52.56,41.72,48.92,4,43.02,48.37,63.06,46.18,2829,1436,NA,2587,32.27,NA,47.13,47.22,0,1071,30.34,5,0,45.9,1,50.16,1
354,0,43,6,2,0,2409,65.24,4,78.32,1044,1,66.67,3302,2076,1824,NA,2572,1905,1,1,4,2415,1,51.96,1,2026,59.53,0,70.39,58.23,55.32,46.53,NA,0,67.56,NA,31.32,42.72,1411,794,1339,572,48.44,2,65.62,53.93,0,1048,62.79,1,0,39.19,3,42.75,0
355,0,18,6,6,1,1570,32.47,5,54.43,698,1,49.33,1061,841,1097,591,600,553,NA,0,2,NA,0,37.46,NA,822,47.86,5,44.04,41.63,52.34,42.48,40.1,3,48.31,41.45,35.44,NA,1383,1200,NA,830,53.64,4,45.46,46.54,NA,1750,39.72,4,1,46.11,4,49.5,0
356,0,30,7,2,1,3494,66.61,5,49.71,3630,1,71,2355,1244,1199,834,2634,1290,NA,1,4,814,1,51.85,1,2208,NA,6,55.06,41.91,NA,38.99,45.23,3,42.07,43.67,50.18,NA,610,NA,477,549,NA,2,21.89,48.05,1,1736,58.18,3,0,66.3,5,49.64,0
357,0,33,4,3,0,3552,53.55,0,63.2,2281,0,61.74,NA,1340,3606,882,3213,2361,NA,1,0,1947,1,47.85,NA,1362,39.54,2,64.49,69.45,NA,60.08,62.23,2,49.65,63.52,38.29,39.97,1434,1364,2095,912,56.44,NA,58.14,56.55,1,2982,71.62,0,NA,59.86,6,NA,1
358,0,33,8,5,1,5821,51.58,2,55.44,707,0,NA,NA,3136,1275,2676,1972,5853,1,1,5,2097,0,56.2,1,2109,49.58,5,48.35,57.38,60.59,46.16,49.86,3,49.14,NA,57.7,39.12,1335,2719,1781,2589,53.92,3,64.25,56.51,0,1759,56.31,4,NA,59.21,3,59.81,1
359,0,53,5,3,1,2040,47.09,5,29.3,1303,0,23.95,599,1123,1519,422,800,1875,1,1,2,NA,0,55.99,0,3910,80.84,2,61.43,41.8,NA,58.48,43.39,5,58.62,43.05,54.5,42.53,990,864,845,964,51.71,2,40.14,32.59,1,954,43.85,6,0,59.95,2,50.86,NA
360,0,39,11,2,1,2008,34.8,4,35.85,1947,1,43.05,1129,894,1312,650,1713,1684,0,1,3,2129,1,57.03,0,4003,NA,3,44.46,64.16,74.65,54.07,52.76,0,70.13,42.91,39.65,46.64,716,683,870,871,50.18,3,48.47,39.58,1,1311,52.19,NA,0,63.36,3,73.95,1
361,0,62,6,3,0,2012,52.35,4,48.32,1889,1,44.11,2678,2258,NA,822,1076,NA,0,0,2,2330,1,38.99,0,580,47.01,4,39.6,48.63,56.6,41.21,41.82,5,NA,NA,60.46,45.82,1306,1701,NA,4279,57.35,5,35.77,74.92,1,3479,58.85,2,0,56.81,7,72.73,NA
362,1,40,13,3,1,2078,42.73,5,50.18,1375,0,51.54,846,535,NA,1717,481,NA,0,1,6,517,0,54.38,0,2591,48.23,3,48.71,61.51,52.85,73.25,52.48,2,61.08,38.7,64.17,53.03,1403,1203,1202,936,73.07,5,56.88,56.58,1,2226,52.84,1,1,56.36,5,NA,1
363,0,47,12,7,1,2082,59.2,2,41.8,2222,1,45.26,NA,969,2686,2226,2812,955,1,1,1,1318,1,48.48,0,729,45.39,3,42.27,52.05,49.55,57.02,37.53,5,45.6,49.72,51.74,50.42,NA,NA,2106,NA,51.26,NA,76.61,52.31,0,1242,48.92,3,1,39.21,4,45.25,0
364,0,37,10,4,0,609,NA,5,53.21,1836,0,37.34,2564,1707,1037,709,1002,789,0,0,1,1241,0,43.37,NA,670,41.77,3,53.67,57.85,39,48.49,58.7,3,41.05,50.95,34.13,53.68,1165,NA,956,814,38.65,3,51.67,NA,0,537,42.25,5,1,36.54,2,46.88,0
365,0,34,8,3,0,8394,52.23,0,65.44,2074,0,57.31,850,1376,483,1100,1343,4641,0,1,8,3162,1,70.4,1,3772,60.31,0,45.1,50.5,59.93,45.35,43.82,4,55.09,43.75,27.98,45.28,1764,1881,2365,2903,61.98,NA,63.11,47.53,1,1219,52.73,3,0,45.63,4,56.52,0
366,1,55,15,7,0,2545,46,3,49.3,2867,0,46.08,2781,5461,659,2689,2958,936,0,1,5,3196,0,72.94,1,970,51.72,6,35.72,41.84,59.46,59.36,47.38,4,34.43,NA,41.93,45.02,2133,2033,1859,NA,51.01,4,NA,61.03,0,908,51.89,3,0,50.45,1,36.32,0
367,1,45,9,6,1,2421,45.21,4,49.89,1573,1,50.3,651,3784,1672,1168,607,1839,1,1,6,1411,0,61.6,0,NA,44.76,2,43.42,46.61,41.81,62.67,42.24,4,NA,56.03,49.27,32.86,1841,1290,1617,1785,44.07,4,36.31,63.23,0,1647,63.63,2,0,43.3,1,65.73,1
368,0,32,5,2,1,923,NA,3,41.48,1630,NA,53.07,1858,1076,1416,1200,1463,683,1,1,4,864,1,43.75,1,528,49.5,2,63.77,52.89,NA,42.01,36.75,NA,56.95,59.68,52.04,54.3,2654,2423,2821,2896,44.43,0,52.6,48.45,0,871,52.92,5,0,40.39,NA,37.94,0
369,1,46,9,7,1,1861,43.47,1,72.47,838,NA,NA,NA,780,1595,1868,1587,NA,1,0,4,1508,0,NA,1,2387,48.41,3,63.18,38.33,NA,43.79,50.34,4,46.67,37.47,45.84,27.27,NA,1495,2686,2285,49.02,5,NA,63.82,0,877,51.93,0,0,47.29,3,63.44,1
370,0,18,7,1,1,1486,41.66,5,44.75,1444,1,57.48,834,1017,995,717,1326,722,NA,0,3,2417,0,44.5,1,1065,46.83,2,47.45,35.13,53.47,49.36,54.23,2,NA,51.13,48.52,NA,695,1023,NA,822,35.6,0,40.62,NA,0,469,55.27,2,0,NA,4,NA,0
371,0,37,6,5,0,1022,52.87,2,60,1080,0,51.52,1368,1162,1262,1340,879,1970,1,1,3,923,1,62.7,1,NA,52.93,5,45.34,48.65,45.47,51.38,NA,3,60.3,65.48,51.04,60.52,1994,1360,1689,1782,47.75,5,39.31,52.76,0,NA,36.28,3,1,54.42,2,46.81,1
372,0,31,11,1,0,1268,41.02,1,51.55,NA,NA,NA,923,1425,1047,1155,1879,495,1,0,4,932,1,46.75,0,1636,32.8,4,41.43,47.84,NA,42.66,NA,6,47.63,43.88,23.49,NA,615,981,764,876,48.17,2,52.53,42.98,0,2233,48.76,3,1,36.01,0,57.6,0
373,1,26,11,3,1,2155,54.77,2,69.8,1577,0,44.05,2461,755,2067,NA,1482,1189,1,0,1,1362,1,55.26,NA,665,45.67,3,56.53,65.42,57.18,66.08,50.44,5,63.25,39.77,35.64,51.84,1119,1373,1504,984,38.63,5,58.35,66.19,1,NA,58.38,1,1,40.76,5,55.94,1
374,0,20,7,6,1,1362,25.24,5,31.25,816,0,38.19,1610,1182,762,1115,1258,603,1,0,NA,NA,0,36.77,0,697,53.9,2,42.01,71.84,60.01,NA,53.44,3,49.89,36.16,56.69,45.11,923,1678,1640,1791,52.51,1,NA,47.37,0,3039,40.13,3,0,50.29,4,41.82,0
375,1,36,9,6,1,4944,47.03,4,NA,968,0,66.56,494,718,1131,1698,1114,748,1,NA,2,NA,1,52.29,NA,962,52.84,5,47.89,49.91,50.57,58.38,45.73,4,NA,NA,70.15,58.11,1115,1524,793,1173,64.18,NA,57.14,55.52,1,2485,50.44,3,1,50.61,4,54.47,1
376,0,44,10,4,0,1949,54.85,5,63.78,1090,NA,58.04,898,916,961,1098,647,1684,1,0,NA,682,0,55.79,0,1096,53.89,NA,52.14,39.2,42.75,49.13,NA,NA,46.98,23.48,50.37,NA,294,435,323,551,45.34,2,52.71,34.91,0,498,33.02,7,1,46.46,3,36.05,1
377,0,38,17,4,1,4443,55.86,5,42.83,875,NA,50.83,2004,5843,1449,2203,3287,1817,1,1,5,2699,0,66.43,0,1793,64.16,4,NA,54.29,NA,54.59,59.02,3,57.59,47.44,52.11,46.03,1628,1435,2332,1281,39.38,3,60.64,39.9,0,1560,41.05,4,0,NA,5,46.3,0
378,0,41,6,3,0,2584,50.48,3,53.83,1259,1,NA,2782,1823,1684,3956,1696,NA,0,1,1,1387,1,55.82,0,995,48.77,1,58.81,64.98,41.77,41.14,44.7,3,51.96,35.48,49.17,35.39,NA,1003,1864,2181,72.23,NA,66.73,55.61,0,1705,42.59,3,1,38.21,2,42.24,0
379,1,54,6,5,1,1518,33.84,4,NA,1206,0,39.38,1041,1431,342,3979,1606,752,1,0,1,374,0,33.91,0,307,59.38,5,45.48,48.75,19.67,19.03,NA,3,NA,50.25,NA,49.4,1581,NA,860,1541,43.86,5,51.16,53.12,0,1188,43.62,5,0,47.9,0,33.42,NA
380,0,47,4,7,0,1475,49.57,5,50.32,660,NA,46.29,1921,1943,NA,1442,1530,1820,1,NA,4,823,0,65.59,NA,1135,39.55,0,66.62,67.53,NA,65.01,63.65,NA,58.39,51.22,49.83,56.53,1383,2360,2852,2785,46.07,2,46.95,44.8,NA,1043,53.52,2,0,51.32,4,44.77,1
381,0,39,11,3,0,2280,38.94,6,53.31,988,1,62.2,2151,1532,1003,1114,1537,2551,1,1,2,NA,0,NA,NA,1482,50.4,1,59.56,52.71,61.07,49.9,59.24,3,70.62,38.56,45.69,67.96,1453,980,1110,1649,NA,2,72.39,68.06,0,4898,68.85,NA,0,55.79,4,76.5,1
382,0,47,8,5,0,2058,50.88,5,40.9,1216,0,46.96,1307,1276,NA,904,1419,1141,0,0,2,1369,0,45.05,1,2406,40.32,3,49.41,42.85,NA,63.77,63.17,3,40.74,48.92,57.89,NA,NA,1813,1301,1417,48.22,5,45.2,44.58,1,993,50.73,3,1,49.02,2,NA,1
383,0,59,8,5,0,2627,65.77,1,49.99,1022,0,54.24,1997,1203,3161,1384,2898,1671,1,1,NA,NA,0,38.48,NA,699,45.07,1,61.5,38.22,69.74,66.84,NA,2,43.01,50.97,54.65,45.17,869,675,686,717,49.69,3,50.17,58.13,1,2248,69.27,4,0,55.91,7,58.24,1
384,0,44,7,6,0,1880,NA,3,51.1,2556,0,47.78,916,2122,457,1617,2634,2058,1,1,5,1800,0,48.19,0,1686,42.24,5,43.96,44.17,28.11,55.08,53.38,1,56.47,43.44,48.71,35.7,818,1303,1278,1499,58.59,4,38.57,30.14,1,1375,50.37,4,0,49.07,2,46.94,0
385,0,31,1,5,1,2266,50.89,2,62.78,1470,0,46.66,987,2241,1811,1781,1807,2231,1,1,3,NA,0,42.8,0,716,58.75,1,42.67,65.35,34.71,59.75,38.57,3,52.17,NA,31.67,50.83,533,NA,798,975,55.78,3,54.68,66.33,1,1753,49.53,4,0,51.83,3,51.44,0
386,1,40,6,4,0,2490,58.21,2,NA,1239,1,48.75,1038,1830,1967,902,2131,1322,0,0,5,1979,1,39.69,1,2939,40.43,4,47.3,52.08,38.64,56.18,43.62,5,30.64,52.17,52.89,38.29,3047,2746,NA,2265,45.76,NA,45.89,50.57,1,NA,63.9,3,0,48.53,3,48.32,0
387,1,41,11,7,1,1302,38.11,4,46.97,989,0,36.97,560,2119,1759,1260,2187,NA,1,1,1,4037,1,55.42,0,380,56.29,2,43.46,35.07,49.86,44.1,22.58,7,31.15,48.11,41.89,35.28,669,957,742,561,57.14,2,28.05,54.9,1,1406,41,3,NA,55.41,5,NA,NA
388,0,43,12,5,1,690,54.74,4,58.83,610,1,42.99,1122,1176,583,1182,662,1903,0,1,2,730,1,48.88,1,1331,57.67,4,NA,37.48,55.06,40.69,55.05,5,48.87,32.42,NA,45.16,NA,749,1133,892,46.44,2,58.17,42.45,0,784,52.41,3,0,45.72,1,44.47,0
389,0,56,3,1,0,1383,58.32,5,37.9,1358,1,56.1,1230,1404,1165,1293,3397,954,1,0,2,NA,1,34.86,0,843,57.13,2,54.48,68.15,NA,45.22,NA,5,73.66,79.09,27.4,NA,NA,1135,1030,1114,61.31,3,68.38,NA,0,1638,33.54,8,0,48.03,2,46.9,1
390,1,44,5,5,1,2372,29.32,3,40.42,999,1,37.54,2240,736,1115,1039,NA,908,1,0,0,1221,0,50.58,1,1397,56.67,1,NA,59.19,53.78,48.77,52.92,1,62.12,53.16,62.52,44.24,2247,2321,1903,2653,57.59,3,50,46.24,1,835,41.55,4,1,38.91,1,43.91,1
391,1,49,9,1,0,3121,64.34,2,56.2,1251,1,56.72,2339,1925,3747,2703,1743,NA,1,0,3,NA,0,50.12,0,NA,25.47,3,65.91,46.45,34.29,52.2,66.78,3,63.88,56.35,42.77,46.1,5285,4056,4996,4216,70.02,4,58.88,69.26,1,3083,47.86,0,0,48.74,4,67.48,1
392,0,29,10,2,1,2250,30.24,5,60.66,472,NA,56.59,NA,2791,1337,2112,1459,562,0,1,2,1958,0,35.05,0,792,51.04,5,NA,46.15,NA,47.27,68.17,3,55.45,61.48,42.58,46.37,776,1938,1846,1340,56.9,4,64.02,60.92,1,2796,60.85,2,1,43.2,NA,62.31,0
393,0,19,2,5,1,3091,53.16,1,52.41,970,0,70.84,1290,2410,873,1944,1849,1383,0,1,3,1098,1,47.73,0,1875,68.08,4,62.91,56.41,44.04,41.82,52.47,NA,59.87,51.31,57.73,42.04,563,585,995,1069,NA,4,43.94,61.34,0,1365,53.36,3,1,56.72,5,66.13,0
394,1,75,7,2,1,1213,41.24,NA,41.01,1306,1,47.5,1670,3327,1609,1941,5083,NA,1,0,4,1521,1,55.53,0,832,58.14,NA,39.55,56.1,45.33,49.3,NA,NA,33.35,49.16,41.78,64.31,2231,1927,3153,1802,52.2,4,65.81,NA,1,2752,67.58,1,0,44.03,6,62.63,1
395,1,46,13,6,0,2281,81.03,1,38.32,1205,1,49.47,2915,1744,1678,1489,1491,1709,0,1,3,1500,0,59.72,0,1428,52.32,6,49,40.88,NA,51.36,46.99,2,29.09,47.61,28.19,58.2,884,1004,1420,1044,49.48,4,46.94,53.22,0,1021,47.95,5,0,51.01,2,47.59,0
396,1,46,16,4,1,2180,45.9,2,74.94,1107,1,54.64,2800,906,1945,931,1435,857,1,1,6,3746,1,72.9,0,1300,36.72,2,50.14,57.73,NA,45.26,NA,4,75.66,57.59,46.81,44.56,1236,1637,NA,1720,42.28,6,55.41,75.49,1,1703,67.02,3,0,43.85,2,47.6,1
397,0,39,10,2,1,2796,73,3,44.54,2294,0,43.43,777,448,1086,982,2764,963,0,1,5,809,NA,45.61,1,1380,NA,4,37.96,56.18,52.87,49.45,38.4,1,43.61,45.39,NA,53.79,NA,513,940,1150,46.53,2,60.92,54.64,0,2255,69.95,4,0,45.74,3,45.65,1
398,1,35,3,3,0,2445,64.47,3,38.17,1289,0,64.59,1977,1553,2976,774,1498,478,0,0,0,1169,0,51.44,1,656,28.98,1,52.24,53.17,51.08,51.22,32.91,2,57.79,35.99,52.94,53.66,794,452,881,559,59.5,2,41.91,42.13,1,1124,72.1,1,NA,56.91,3,53,1
399,0,44,12,3,1,3388,53.26,3,47.81,2357,0,43.34,1404,909,1905,454,2192,2218,NA,0,4,2159,1,58.81,1,1161,54.19,3,55.09,53.44,41.74,55.96,67.92,1,81.8,46.19,61.47,47.08,1574,NA,NA,1746,26.45,4,59.18,65.2,0,2217,63.29,4,NA,60.44,6,52.99,1
400,1,46,8,5,1,3699,54.75,1,60.53,2565,1,62.01,1591,1315,2261,3644,2423,537,NA,0,NA,492,0,34.88,0,NA,49.38,3,56.25,52.23,49.75,54.54,47.49,3,NA,63.41,51.11,38.3,1136,1573,1841,1659,54.89,5,75.27,NA,0,1104,57.64,3,1,46.03,4,60.1,NA
401,1,33,8,4,0,975,58.84,NA,45.65,982,1,56.66,727,NA,634,NA,754,1474,1,NA,2,1184,1,45.79,NA,1075,53.49,4,45.73,68.89,54.72,49.77,41.94,2,NA,NA,50.54,36.62,2118,1635,1509,1935,61.43,3,50.06,56.34,0,847,40.9,NA,1,NA,2,48.26,NA
402,0,64,14,5,0,3855,59.81,3,50.75,7145,1,69.99,2811,1090,964,3468,2450,2157,1,1,5,3356,1,63.48,NA,1595,56.06,4,43.55,46.36,48.67,55.76,51.05,2,64.83,52.72,54.16,58.55,1838,2230,1460,1894,51.4,NA,54.33,71.06,0,2197,63.41,0,0,61.51,4,54.37,1
403,0,36,6,2,1,1684,NA,5,48.08,1829,1,63.69,929,1145,973,673,777,1286,1,1,NA,1083,0,NA,NA,1186,51.31,7,47.31,39.58,51.85,56.56,49.39,2,29.57,31.9,NA,26.96,850,810,616,823,51.89,NA,54.29,45.35,1,1394,36.82,2,1,50.4,5,57.91,NA
404,0,65,2,1,0,7037,48.33,3,61.08,1115,1,76.68,984,2001,1563,1225,4240,1997,1,0,5,1901,0,62.49,0,1626,49.31,NA,43.55,60.41,48.14,43.74,58.24,2,34.29,49.14,63.52,54.55,1378,1042,1657,1622,45.18,3,58.06,55.46,0,NA,62.45,3,0,34.46,3,42.79,NA
405,0,43,10,4,1,2408,31.77,NA,38.98,1247,0,30.96,994,985,520,889,900,1418,0,1,3,NA,1,38.16,NA,NA,NA,5,39.67,53.23,46.24,55.96,NA,4,59.17,47.69,58.6,56.43,1730,4653,2759,3556,46.02,4,69.48,61.05,1,1509,40.43,NA,1,46.27,3,55.32,0
406,0,30,11,5,1,2640,44,5,41.87,766,1,NA,939,1272,2022,698,852,2913,0,1,2,3021,1,62.49,0,NA,58.75,2,59.7,62.39,48.26,57.7,57.97,3,70.39,59.9,49.91,54.12,NA,1858,1418,1976,55.8,5,37.67,15.16,0,1061,NA,10,1,40.47,0,49.29,0
407,0,56,11,1,0,3079,51.91,2,64.07,1000,1,37.07,2530,1912,4575,3316,1459,951,NA,1,2,NA,1,46.38,0,2179,58.58,3,33.63,48.4,42.89,35.3,NA,4,23.66,49.93,NA,NA,1976,2208,2485,2659,69.17,4,50.27,53.29,0,2201,52.57,1,0,42.4,4,NA,0
408,0,43,9,2,1,816,39.48,4,42.24,1039,1,46.44,4306,787,4076,1033,1960,871,0,1,NA,609,NA,37.53,1,1623,59.4,3,49.88,64.14,36.77,49.18,46.75,2,60.63,58.4,61.38,43.62,NA,1309,893,987,51.19,6,49.23,NA,NA,2257,58.49,5,0,25.18,0,40.32,1
409,0,30,10,3,0,1087,41.91,6,31.81,888,0,30.59,1574,873,977,605,827,2239,1,0,0,783,0,33.63,1,961,66.14,3,51.57,48.69,45.82,63,61.05,1,27.73,57.37,54.54,52.25,1388,2019,1650,1290,46.9,3,41.52,50.01,1,801,42.56,1,0,55.08,3,45.64,0
410,0,24,10,5,0,605,37.72,2,49.66,NA,0,42.34,NA,2428,2304,3814,1678,667,1,1,2,1507,0,50.91,1,2687,52.75,4,44.44,48.04,58.13,23.98,50.31,4,58.7,61.85,50.64,41.25,2136,1469,1536,1129,51.67,3,34.92,34.89,0,2941,48.13,3,1,39.83,3,45.51,0
411,0,43,9,5,1,1436,62.05,4,64.77,2142,0,51.51,2032,1413,814,1068,2159,2942,0,0,7,1717,1,51.63,0,1739,47.88,4,54.72,46.78,39.15,59.07,43.21,5,58.97,53.87,46.03,53.39,454,417,NA,1140,25.8,1,45.69,48.1,NA,NA,42.13,2,0,38,6,39.83,0
412,1,41,11,1,1,2441,NA,NA,NA,872,1,49.46,2327,2159,2460,926,2571,1510,1,1,4,1903,1,45.51,0,5649,NA,2,50.24,47.1,48.4,54.69,59.52,0,NA,56.13,65.76,46.9,1611,1093,1539,1266,38.75,5,51.72,56.54,0,3438,57.72,2,NA,NA,4,46.17,1
413,1,46,4,8,1,1217,NA,NA,44.67,1222,0,49.69,697,2186,NA,1034,1397,1151,0,1,3,1298,1,52.4,0,1027,45.01,2,47.32,52.55,62.95,40.51,31.57,2,46.38,50.75,58.99,36.61,NA,1564,4439,1967,56.34,3,52.95,62.36,0,1316,50.4,3,0,63.52,6,69.51,1
414,0,28,7,2,1,3307,53.74,3,56.15,3530,NA,53.93,532,1044,NA,763,748,2537,1,0,NA,2582,NA,51.27,1,2300,48.83,3,66.33,46.56,41.5,NA,NA,4,62.03,53.3,55.28,66.31,1818,2317,2447,1228,NA,4,NA,36.1,0,957,29.79,6,1,50.78,2,45.6,0
415,0,52,6,4,0,1192,51.81,2,37.21,696,0,NA,1680,3051,1839,2218,993,2105,1,0,0,1492,0,32.39,0,747,53.23,7,40.78,57.34,26.26,67.82,40.97,4,35.88,38.35,58.28,35.83,813,653,577,656,45.69,0,51.32,41.65,0,896,49.74,2,1,44.66,0,29.51,0
416,1,26,8,5,1,2275,52.76,1,38.49,779,0,47.32,4103,2456,858,2154,1906,588,NA,NA,3,NA,0,50.67,1,923,44.25,2,47.14,64.33,55.82,52.29,67.33,1,42.78,NA,48.69,44.46,878,955,802,1161,44.4,3,30.98,58.41,1,1640,58.07,1,1,54.11,4,56.19,1
417,0,48,10,5,1,7103,82.94,0,44.53,3247,1,55.38,1652,1342,1637,2121,2352,2048,NA,1,6,2742,0,64.24,0,1918,65.51,3,52.34,34.88,NA,59.62,NA,NA,66.91,69.54,57.76,NA,1415,910,1567,2347,47.23,4,41.63,48.3,1,NA,48.15,1,0,47.61,3,52.66,NA
418,0,49,13,3,0,2587,NA,4,47.19,1513,0,63.79,2780,1093,1553,NA,2105,2325,0,1,5,2550,0,55.42,NA,1227,47.8,2,62.44,53.72,59.06,40.41,57.04,NA,60.2,55.87,54.32,58.51,1335,1902,2723,1737,56.83,4,53.09,53.1,NA,2709,46.2,3,NA,59.84,1,40.51,1
419,1,30,12,5,0,2560,NA,5,57.24,1752,0,48.76,2818,2174,2642,2046,3505,2387,0,0,5,698,1,53.97,1,1838,49.39,7,57.75,55.25,52.54,47.49,NA,0,64.12,41.73,69.45,56.78,1494,1266,1583,1175,49.22,NA,71.64,63.41,1,2428,70.41,2,1,57.59,8,66.12,0
420,1,52,11,4,1,1257,47.24,3,52.13,2263,1,68.94,773,890,814,934,929,1545,1,1,4,706,NA,34.68,1,714,NA,3,NA,47.1,62.38,42.54,NA,1,61.52,54.79,69.04,49.85,NA,1725,2819,2158,69.5,5,40.14,50.47,1,1531,48.67,2,1,39.59,3,41.46,1
421,1,39,6,6,1,1550,40.41,4,NA,567,1,46.95,3896,1109,2738,2332,1595,1003,0,0,5,1862,0,65.34,0,1537,48.06,1,50.84,50.5,47.87,NA,NA,5,53.39,NA,49.57,NA,1004,1030,702,643,58.2,3,45.63,54.66,1,2096,48.37,2,0,61.58,5,53.22,1
422,0,33,3,3,0,1122,43.63,4,45.91,3365,1,NA,659,3153,640,1388,1679,1130,1,1,2,647,1,35.93,1,765,46.4,0,60.96,30.8,50.57,48.15,NA,2,29.12,49.77,40.22,38.06,1277,663,650,930,82.41,4,36.44,55.85,1,752,47.01,5,1,21.1,0,35.75,0
423,0,38,7,5,1,1118,NA,4,39.81,2334,1,32.93,1685,717,519,690,2128,677,0,0,2,1358,0,34.19,0,560,24.29,3,43.38,59.74,NA,60.3,NA,3,54.17,60.52,55.46,50.86,NA,1804,NA,1261,35.48,4,52.7,56.91,0,1818,54.96,0,1,69.47,4,62.9,0
424,0,30,10,4,0,2742,48.77,4,44.8,NA,0,55.08,1566,811,1180,792,833,959,0,1,3,2070,1,60.31,0,NA,48.06,3,61.51,52.3,73.96,67.19,51.48,0,47.31,42.99,37.53,50.46,1207,817,1086,1027,50.78,4,61.79,58.55,0,999,54.72,3,0,61.87,5,51.44,0
425,0,46,4,8,0,1951,NA,0,54.33,758,1,40.85,580,2634,839,1782,433,853,1,1,3,1194,0,40.85,1,551,33.66,2,65.89,53.01,NA,63.77,49.53,5,56.53,55.91,56.67,61.88,1557,1021,1290,1135,NA,3,46.56,52.99,1,870,63.2,2,1,55.4,3,42.38,NA
426,1,59,10,6,1,4166,37.63,5,52.22,487,1,44.85,1009,2717,832,1702,NA,3013,1,1,8,3589,1,63.77,1,NA,55.19,0,64.43,38.4,62.74,48.23,47.87,2,52.1,46.2,62.39,NA,1654,1417,NA,2789,71.48,2,67.27,63.3,1,2263,51.03,2,0,50.22,5,39.85,1
427,1,39,13,3,1,2045,73.61,4,37.23,1868,0,49.33,792,1578,692,1136,NA,1266,1,1,0,1050,1,33.58,0,NA,42.77,6,39.68,61.39,44.74,50.9,44.47,2,72.67,65.95,47.81,53.74,NA,837,944,1096,63.37,5,64.18,27.89,0,774,42.88,4,1,33.94,2,35.23,0
428,0,51,9,3,1,2834,51.34,0,41.94,1156,0,44.45,1956,2900,3091,2880,2831,3289,NA,0,5,NA,NA,37.69,1,637,44.72,4,43.2,58.7,NA,55.84,NA,5,57.62,53.2,61,NA,2347,1689,1052,NA,41.2,5,71.43,36.46,1,694,NA,8,1,29.06,2,33.11,1
429,0,18,7,3,0,1191,53.37,2,44.97,1437,1,44.3,951,NA,805,1309,521,NA,0,1,NA,762,0,NA,1,817,55.03,3,NA,28.83,58.66,NA,45.81,1,35.02,42.38,37.01,48.69,375,559,NA,356,48.12,3,42.97,33.11,1,588,37.33,7,1,40.58,0,39.61,0
430,1,18,10,3,0,2494,52.65,3,40.11,2030,1,NA,1065,912,1388,1388,729,NA,1,0,3,1140,0,40.32,1,1079,48.89,3,28.85,57.37,35.64,53.44,59.38,3,59.68,NA,47.15,63.18,968,1729,1259,1874,76.66,NA,63.22,39.51,0,1071,63.34,2,1,32.89,3,51.56,1
431,0,48,7,2,1,2698,NA,1,68.65,3561,0,61.37,1164,2292,1947,3379,2563,1664,0,1,NA,1236,0,59.92,1,1287,55.19,1,NA,46.39,55.55,60.76,NA,5,55.3,66.88,62.6,NA,2620,2354,2892,1907,53.22,5,37.09,46.84,0,NA,59.95,4,1,44.35,3,45.39,1
432,0,47,11,5,1,746,NA,NA,50.36,1399,1,46.82,821,711,848,671,706,1071,0,0,2,787,0,47.05,0,2041,60.27,4,58.36,38.66,49.78,46.09,40.99,2,32.13,58.41,44.48,NA,1343,1554,NA,1645,37.95,2,40.17,39.14,0,505,34.36,NA,1,NA,4,34.57,0
433,1,39,8,3,1,1190,NA,0,39.64,556,0,62.45,1581,3279,3044,1603,2207,NA,0,NA,4,3696,1,71.13,1,1695,51.19,4,64.98,32.05,NA,52.05,53.33,5,46.16,45.85,58.9,39.93,843,876,1246,582,41.69,4,58.04,67.25,1,1452,53.72,NA,1,42.84,4,47.23,1
434,0,49,7,5,1,1143,60.94,4,NA,1281,1,44.9,602,319,718,1094,367,1906,0,1,NA,1272,1,69.88,0,NA,42.6,5,45.78,50.91,52.4,38.65,38.18,NA,NA,62.44,53.71,45.96,1068,1284,899,911,57.71,2,40.19,NA,0,387,33.8,4,1,40.52,NA,28.88,NA
435,1,35,10,2,0,3108,35.22,2,43.14,1413,1,53.45,1589,1043,1233,329,1577,2079,1,0,3,1926,1,38.37,1,3054,48.03,NA,74.6,67.16,56.96,56.21,50.99,0,NA,41.19,58.58,62.76,2182,2430,4282,2637,61.73,3,56.94,NA,1,2002,63.39,2,1,54.27,4,NA,1
436,1,47,6,4,0,2057,47.24,3,34.08,336,0,41.69,1060,2772,2907,1374,2246,1115,0,0,3,570,1,49.38,NA,396,42,4,NA,55.65,NA,43.23,41,NA,61.87,39.79,53.22,58.98,1069,1693,2616,2125,38.4,2,52.98,45.46,1,1553,59.13,3,1,51.37,4,61.3,1
437,0,55,9,4,1,2427,37.75,3,45.4,NA,0,NA,1847,743,1010,883,NA,856,1,1,5,1046,0,50.8,NA,1847,30.49,3,56.78,25.85,63.5,NA,15.68,2,38.58,NA,69.88,48.53,1923,1369,1911,1063,52.62,4,45.43,41.86,1,NA,40.59,5,0,47.32,2,49.95,1
438,1,45,8,6,0,4564,54.46,3,50.26,3271,0,52.31,5765,2548,4693,NA,2120,1068,1,NA,1,1303,1,56.99,NA,1293,56.05,3,53.38,44.56,44.82,46.19,45.59,NA,NA,54.39,61.79,NA,NA,3055,2179,2003,42.79,7,61.72,NA,NA,2138,NA,0,0,56.9,3,57.44,0
439,0,35,12,3,1,2157,59.05,4,53.83,1622,1,63.42,486,823,659,959,1077,4001,0,1,2,1027,NA,40.42,NA,3820,43.86,3,NA,46.18,41.35,54.08,53.74,1,54.23,44.22,40.97,50.96,3374,3703,2196,NA,51.35,1,47.62,43.85,0,NA,48.26,3,0,32.92,NA,55.34,0
440,1,43,4,3,0,3781,NA,2,56.22,2916,1,61.7,2034,1593,2108,2189,1192,1112,1,0,4,1703,0,42.33,0,1057,42.63,5,NA,58.16,NA,55.73,65.3,2,62.48,49.64,58.31,59.3,1142,1668,2685,1530,49.12,4,53.43,90.23,1,1848,72.3,3,0,38.86,3,56.86,1
441,0,42,8,8,1,1613,34.7,4,52.67,952,NA,48.99,1406,2160,3055,1531,860,1050,0,0,1,1661,0,69.3,NA,1482,78,2,39.72,NA,36.14,55.57,NA,2,32.38,52.26,33.67,35.3,1434,1538,709,869,46.12,NA,54.63,37.42,1,NA,48.76,4,0,50.13,2,49.68,1
442,0,18,9,4,0,4121,45.57,4,38.69,899,1,35.92,3680,583,1995,1979,1517,1026,1,1,2,1213,0,46,0,763,43.75,2,36.53,50.83,48.63,51.08,46.1,2,57.01,59.5,44.41,44.61,1234,1084,1239,991,52.52,1,41.11,61.41,1,1581,55.84,0,0,58.7,2,65.99,1
443,1,46,12,5,1,1559,47.37,4,58.04,1659,1,46.77,2143,2204,2672,1139,2151,1600,1,1,4,833,0,33.33,1,1529,42.88,2,NA,40.14,36.28,54.04,37.53,5,57.16,31.52,46.33,52.28,450,858,1085,901,56.76,3,62.88,38.27,1,2293,56.58,2,0,66.71,3,38.08,1
444,1,46,7,2,0,1028,48.98,1,41.66,660,1,50.99,3319,6059,NA,3017,4711,1021,NA,1,3,1425,NA,65.69,NA,990,55.99,4,NA,55.96,62.03,26.98,66.1,4,43.49,58.29,68.97,41.3,3587,3847,3519,2310,NA,3,44.67,62.3,1,3219,43.24,3,1,51.76,6,58.4,0
445,0,43,7,2,0,2792,NA,4,34.03,1411,0,51.26,1128,1047,1216,847,1553,2221,0,0,1,1750,0,48.2,0,1000,42.13,4,62.12,54.91,46.75,44.48,57.42,5,NA,51.01,61.68,26.98,643,NA,720,795,NA,0,NA,NA,1,816,47.69,5,1,NA,4,58.39,1
446,0,63,13,2,1,1522,43.6,3,47.49,697,0,35.92,1888,779,2115,1769,1717,1576,1,0,2,NA,1,56.64,1,1569,49.25,5,41.6,51.21,45.67,37.69,NA,3,43.46,48.47,43.89,NA,1643,1442,1576,NA,51.87,3,76.22,NA,1,1306,72.01,0,0,63.11,5,56.36,0
447,0,54,14,3,1,1515,51.79,2,NA,1971,0,51.52,974,716,2396,678,761,NA,0,0,2,1886,1,49.38,NA,1625,43.17,2,52.32,46.55,45.82,67.21,57.17,4,49.54,55.43,46.12,50.27,1982,2092,2341,2555,56.98,2,36.15,53.67,0,693,63.73,3,0,56.75,2,44.92,1
448,1,48,11,6,1,1337,37.25,2,NA,746,1,41.65,1636,1597,3709,1660,2064,2121,NA,0,1,NA,1,47.01,1,710,67.46,3,46.12,62.94,49.18,65.27,54.59,4,30.73,69.74,65.42,44.53,2371,1257,1241,1433,40.41,3,33.82,52.84,1,1008,35.1,5,0,44.65,2,44.29,1
449,1,43,12,5,1,2660,44.94,3,40.13,1074,0,NA,2132,2082,1768,4385,1118,1796,1,1,6,2234,1,56.61,1,1413,53.95,2,63.89,60.91,71.06,56.27,69.7,2,NA,53.62,44.19,57.74,850,1179,NA,700,62.68,NA,61.45,61.91,1,960,61.52,3,0,60.73,1,43.06,NA
450,0,53,12,7,0,1316,42.12,4,22.18,608,0,35.62,994,2388,952,NA,590,NA,0,NA,0,532,NA,42.23,NA,792,45.53,5,31.34,53.88,37.28,45.5,57.22,2,59.85,53.42,49.8,NA,1671,1434,958,918,72.93,1,65.95,31.04,0,1541,37.47,5,1,42.53,2,38.69,1
451,0,33,11,5,0,3499,68.16,2,68.15,3421,1,68.45,605,2883,2086,NA,2626,1064,1,0,2,3944,0,39.33,1,NA,63.43,0,43.58,40.89,55.15,NA,42.52,3,NA,54.76,45.21,54.48,2242,3006,1409,4133,37.11,1,60.19,69.49,1,4414,69.58,4,0,65.02,4,66.01,1
452,0,38,9,2,1,2840,51.72,5,57.15,NA,1,50.69,790,2366,1277,2197,1234,956,1,1,4,1662,0,51.66,NA,1292,42.75,3,46.94,39.64,45.43,41.51,58.06,3,NA,62.51,64.14,NA,385,427,344,391,55.77,0,46.78,80.59,1,2286,48.1,NA,0,57.48,4,56.49,0
453,0,34,11,2,0,3924,30.85,1,47.53,1066,0,56.33,2907,3035,3583,1954,3161,2776,1,NA,4,3421,0,43.1,1,834,54.76,3,38.5,38.17,58.95,25.15,47.19,4,NA,40.78,53.37,55.19,1312,1915,2184,2256,57.43,4,49.12,41.15,1,889,52.6,3,NA,28.47,1,39.81,0
454,0,32,5,4,0,1661,59.58,3,34.8,1599,0,66.47,474,387,177,789,NA,2069,1,1,4,NA,0,45.76,1,NA,51.25,2,43.04,65.76,43.58,57.83,65.62,4,30.6,37.34,58.42,NA,925,1057,767,1020,46.09,2,29.86,53.45,1,448,35.61,4,1,41.29,2,28.47,0
455,0,45,11,5,1,1670,51.51,NA,39.56,1015,0,45.58,NA,1063,599,1003,1376,2523,0,1,3,1741,0,42.44,NA,1245,51.57,NA,48.3,45.75,42.98,39.56,58.56,4,41.08,55.43,46.77,30.08,1128,1107,1461,1084,33.63,3,NA,62.07,1,997,65.16,1,0,65.04,4,46.91,0
456,0,33,5,6,0,2515,38.16,3,57.49,1629,1,65.34,4227,1280,2030,5013,2609,1408,1,1,NA,866,0,56.55,1,NA,46.55,5,45,62.09,33.05,NA,38.61,3,49.37,47.9,52.39,NA,1133,1332,1065,832,55.78,2,54.58,47.42,1,1314,49.86,2,1,41.7,2,65.13,NA
457,1,49,8,3,1,2347,45.8,1,46.78,2194,0,52.24,3250,1740,2027,3602,5445,NA,1,1,3,1410,1,55.93,0,1728,49.11,4,51.98,47.8,60,46.54,54.49,1,58.55,52.54,51.84,48.65,1442,1063,1743,1030,26.96,2,41.7,72.35,1,NA,58.84,2,1,56.99,6,59.99,1
458,0,42,15,4,0,2984,45.41,3,31.76,1431,1,49.23,1580,1640,1486,790,1604,NA,NA,0,2,1457,1,43.66,NA,1113,45.57,3,NA,37.49,28.6,37.31,43.99,3,64.13,39.02,38.31,44.9,1118,1467,1463,2662,56.64,4,48.43,44.03,1,391,31.92,4,0,52.33,3,47.14,0
459,0,31,13,4,0,1266,43.44,3,65.5,725,0,NA,1145,1672,3008,1053,1237,815,1,1,5,2176,1,NA,1,NA,39.33,1,33.62,48.86,49.44,53.81,44.15,NA,53.49,51.62,53.44,55.37,458,308,440,390,41.99,NA,41.67,71.25,1,5307,62.31,0,0,63.08,4,63.67,NA
460,1,26,4,3,0,1246,68.74,5,32.79,1225,1,49.3,NA,1029,795,959,413,560,1,0,2,2498,0,45.38,0,487,57.77,0,36.08,57.21,55.43,40.06,44.62,4,NA,NA,64.63,47.59,2359,1438,2909,1630,65.19,4,52.24,49.6,0,1185,45.19,3,0,54.89,2,37.22,1
461,1,58,14,4,0,2279,NA,4,28.27,1418,NA,50.26,1517,723,486,804,1399,4635,1,0,2,NA,1,47.97,0,2726,62.63,NA,56.62,46.21,NA,35.5,NA,2,50.91,62.66,48.93,46.33,2310,2234,1153,1051,47.09,5,NA,57.66,0,1812,55.56,3,NA,50.86,3,48.83,0
462,0,21,0,10,1,2344,51.07,4,36.14,1652,0,48.25,1300,1499,971,1142,966,718,1,0,4,1005,0,68.89,0,447,65.55,4,42.07,34.49,46.27,33.87,NA,3,NA,46.71,53.9,44.9,1353,1651,1080,1395,50.54,NA,48.09,38.63,0,471,50.59,4,1,38.6,2,40.53,1
463,0,49,11,4,0,5009,57.69,5,58.69,1791,0,47.08,1237,1984,2290,1962,984,932,0,0,4,2969,1,53.78,0,2039,40,1,59.99,47.73,49.86,44.35,46.52,1,73.69,52.81,59.17,NA,1572,1709,1904,2190,35.29,5,76.81,58.25,1,1846,NA,3,1,43.55,2,68,0
464,1,48,16,4,1,2445,NA,3,50.95,936,1,37.56,1389,1219,1038,1499,1906,4211,1,0,5,NA,1,47.71,1,NA,38.66,3,66.11,50.04,33.57,44.55,58.76,3,50.76,47.5,52.29,47.21,1311,728,1430,NA,52.99,7,53.38,58.78,0,3059,56.58,3,0,57.36,6,NA,1
465,0,43,3,2,0,1579,43.79,2,60.73,1564,1,56.7,1175,1259,1072,2333,1253,1030,NA,1,3,NA,0,36.64,0,1426,51.93,2,47.79,48.66,41.46,NA,57.81,2,50.06,66.93,38.44,48.08,627,1176,692,761,58.67,3,46.15,50.44,1,1915,67.19,5,1,59.54,3,61.44,NA
466,0,42,13,5,1,2321,52.03,0,67.02,1786,0,60.28,775,948,1322,1152,965,851,0,0,2,696,0,54.3,0,370,51.52,2,35.31,38.19,61.76,40.98,64.74,2,64.69,39.18,50.39,52.05,2645,1870,2431,NA,49.62,3,13.49,NA,0,1269,28.08,3,1,35.89,2,44.13,0
467,0,38,5,3,0,1308,58.03,NA,53.76,642,0,66,1399,2916,671,NA,773,1000,1,0,3,NA,1,63.15,0,495,63.23,NA,44.32,37.54,67.26,46.61,49.74,4,49.21,48.84,25.38,38.41,1380,735,NA,890,46.8,NA,56.98,NA,0,1748,52.51,4,NA,50.95,3,46.23,0
468,1,63,15,4,1,3507,69.52,1,57.54,1159,0,55.61,1541,1448,1302,1439,1503,560,0,1,4,1613,NA,48.93,0,3801,55.29,3,55.54,40.18,51.06,41.6,44.36,5,28.61,48.38,50.55,48.18,NA,NA,1366,811,51.74,4,59.76,44.15,0,520,42.83,8,0,19.66,3,51.18,1
469,1,40,12,6,1,6496,39.47,0,60.07,1542,1,48.72,1728,1534,2078,4220,2300,1547,NA,1,3,2385,1,56.5,1,1043,56.98,5,45.5,44.88,42.16,52.32,NA,0,55.01,65.93,NA,56.26,NA,3916,NA,3104,50.22,5,44.99,77.42,1,1175,67.56,3,NA,56.58,6,NA,1
470,0,30,7,7,0,1319,35.62,5,53.56,846,0,43.75,1528,605,925,1937,1272,790,0,0,4,486,0,46.55,1,715,36.64,1,58.11,39.35,63.97,37.37,NA,3,50.28,57.98,43.59,NA,2727,NA,NA,1612,40.7,3,52.24,NA,1,1426,49.59,3,0,61.54,4,50.03,0
471,0,18,12,7,1,1212,35.15,2,68.5,2112,1,63.88,660,1536,993,1191,1639,2418,NA,1,4,NA,1,52.07,1,854,46.91,2,67.66,44.09,60.13,59.65,NA,3,46.15,34.94,47.42,44.16,3130,1723,2107,2119,45.31,4,75.27,NA,0,963,35.54,NA,1,42.88,2,39.57,0
472,1,51,3,6,0,4630,54.43,3,77.19,3710,0,55.13,5344,1070,1163,2522,4899,2763,1,1,6,2181,1,64.02,0,3339,41.51,4,46.99,33.32,57.89,39.32,62.31,5,44.43,45.22,48.35,43.5,1156,2361,NA,1882,55.09,4,48.12,60.02,1,1241,66.75,2,0,62.13,3,56.86,NA
473,1,57,6,7,1,3159,61.87,3,68.73,1752,1,48.87,NA,3926,2406,3797,7660,955,0,0,6,1707,1,46.57,0,1936,54.88,2,55.37,40.52,41.85,56.12,NA,NA,53.06,47.1,70.63,72.31,2868,2930,2920,2966,47.25,NA,64.25,46.89,1,2599,47.75,3,0,43.5,2,63,1
474,0,37,10,9,0,2539,49.64,4,50.91,727,0,48.3,NA,2114,1698,2074,2633,1883,0,1,6,2744,0,60.5,NA,2840,46.66,1,48.22,37.68,NA,70.32,NA,2,65.72,47.47,59.74,48.82,1047,816,755,1053,60.04,4,51.68,48.27,1,1382,57.78,4,0,40.93,2,41.79,0
475,0,18,8,4,1,2278,52.65,4,29.57,1022,NA,41.28,1051,1251,2809,1186,9979,775,1,1,NA,2224,0,66.41,0,NA,50.26,2,65.1,54.02,46.9,54.12,49.65,2,53.97,54.88,40.08,51.48,NA,741,684,NA,60.85,3,36.87,44.19,0,NA,35.3,2,1,41.69,NA,NA,1
476,0,52,10,4,1,1710,44.09,6,39.97,1028,1,35.21,1213,531,700,568,642,4409,NA,NA,NA,982,0,57.51,1,NA,40.07,0,49.51,NA,46.37,55.34,53.27,3,57.24,18.38,47.77,56.81,3169,1381,2281,1108,47.53,NA,53.6,52.96,1,548,60.42,NA,1,48.09,3,49.92,0
477,1,40,6,4,0,5251,46.01,1,59.93,2929,0,47.68,1134,NA,1029,NA,NA,2967,1,0,NA,3730,1,58.44,1,3129,NA,1,48.91,37.13,46.05,66.52,53.46,NA,55.57,39.44,35.51,43.37,1922,2252,NA,NA,54.64,3,65.46,47.53,1,NA,45.26,4,0,47.71,2,56.68,0
478,0,36,8,4,0,1292,NA,4,62.57,529,0,36.59,920,3957,1149,980,1982,1329,0,1,3,NA,0,55.9,0,1217,52.06,2,41.81,47.15,45.21,26.79,47.94,1,42.89,50.04,61.51,NA,855,1139,1029,1005,32.46,3,46.84,60.14,1,1524,43.76,3,0,60.82,7,48.1,NA
479,0,33,12,2,0,1974,NA,1,65.15,1507,0,65.82,1502,1028,973,1020,1334,3112,0,1,2,2663,0,52.04,0,NA,44.78,3,65.96,55.03,39.32,NA,40.75,3,35.68,39.16,50.94,60.12,487,886,622,597,50.99,3,44.22,62.83,1,NA,64.18,0,NA,53.62,5,64.79,0
480,1,66,6,2,0,5834,NA,NA,40.18,2819,0,52.5,6363,5742,5195,3340,3650,550,1,0,5,1522,1,38.93,1,928,35.25,0,NA,43.83,32.72,62.39,53.55,1,46.05,68.98,56.49,51.46,1373,963,1208,827,NA,2,52.46,60.02,0,1674,65.21,2,NA,32.82,4,NA,NA
481,1,35,11,1,1,2934,51.48,3,51.06,798,1,53.2,1851,3835,1096,2598,1008,NA,1,1,4,1282,1,NA,NA,NA,44.27,3,56.75,56.72,40.91,62.29,NA,NA,59.8,37.57,NA,55.05,NA,960,743,865,49.39,3,60.41,51.17,1,2080,44.74,0,1,58.43,2,68.14,0
482,1,67,2,2,1,2842,40.53,3,48.97,622,1,47.17,1813,1029,2981,1496,NA,1994,1,1,4,2174,0,60.42,NA,NA,46.45,3,46.31,56.54,53.22,54.84,63.63,5,54.23,57.1,49.62,57.09,NA,1463,1346,1318,60.75,3,50.8,NA,0,707,39.2,4,0,43.02,0,35.29,0
483,0,26,11,5,1,1020,42.56,4,41.63,565,0,45.69,1310,1354,525,393,1952,351,NA,0,2,427,0,NA,0,172,64.02,4,53.6,41.2,50.91,52.88,37.97,4,52.65,36.48,55.42,46.01,1795,2372,1949,1751,55.43,1,59.88,55.24,1,1863,47.7,4,1,67.24,3,45.08,1
484,0,33,8,6,1,1344,44.06,4,43.24,1036,1,NA,594,1243,885,402,NA,1613,1,0,3,928,0,49.55,0,628,66.89,3,59.82,50.73,NA,44.85,47.39,3,46.84,58.12,55.04,59.61,2168,1312,1938,1534,40.7,2,50.41,29.56,1,620,38.04,4,NA,43.53,3,52.46,0
485,0,37,2,4,0,382,43.1,4,42.97,NA,0,71.17,NA,2403,3381,2274,1469,789,0,1,2,586,0,47.01,0,1291,46.4,5,53.34,46.75,47.74,57.04,65.66,5,54.34,NA,60.5,55.23,1302,703,952,NA,52.66,3,39.81,56.98,0,2591,60.37,3,1,52.23,6,NA,NA
486,0,36,5,6,0,1047,47.71,3,47.05,1122,1,42.87,823,1248,1343,942,1246,1427,1,1,4,2843,0,51.27,1,1718,42.42,5,59.38,53.56,48.42,57.44,49.27,3,46.28,40.65,44.91,62.01,397,649,NA,733,39.36,1,31.52,31.37,0,382,32.55,4,1,43.21,4,44.18,0
487,1,37,4,3,0,2111,46.36,0,49.58,3036,1,62.03,NA,1501,2159,1499,1113,NA,1,0,3,1783,1,49.56,NA,NA,58.17,1,51.32,NA,41.29,79.72,54.57,4,57.28,53.96,54.16,43.49,1646,NA,1489,838,58.21,3,41.18,70.87,1,2788,49.96,2,1,70.1,7,57.49,1
488,0,63,6,5,0,746,52.28,4,22.94,2458,1,49.99,1495,879,489,568,847,466,1,0,0,1276,1,36.06,1,665,64.74,4,44.93,NA,52.36,45.38,58.66,4,51.93,36.98,19.5,33.22,1207,631,NA,496,46.25,3,35.72,51.49,0,970,49.78,3,1,NA,3,50.31,0
489,0,49,7,4,1,1648,43.52,6,45.62,1550,1,43.28,871,1481,1913,1140,NA,NA,1,0,0,804,0,52.36,0,1676,39.64,5,47.7,35.92,72.59,54.03,32.67,NA,38.19,57.73,44.01,69.88,1417,1245,1054,1655,60.53,2,44.19,56.56,0,3286,57.28,2,1,63.06,4,53.55,1
490,0,34,3,1,1,1561,55.86,3,42.68,574,0,29.94,1080,711,1061,1691,1572,1616,0,1,4,683,0,45.97,1,NA,62.56,2,37.05,33.09,49.77,50.3,39.56,1,59.48,43.76,56.67,NA,1643,1697,1422,1033,47.43,4,52.67,38.77,0,1415,52.56,1,0,45.73,5,NA,1
491,0,25,16,1,1,6389,49.26,3,60.8,1559,1,60.29,5500,2040,2574,3774,1607,3838,0,1,4,NA,1,74.1,1,7044,49.76,2,66,43.41,45.66,48.89,42.42,4,52.04,38.22,48.05,57.93,1850,1538,1836,NA,65.43,4,NA,62.67,0,3801,NA,1,1,57.35,4,53.21,1
492,0,45,15,1,1,1127,42.7,5,46.04,2031,0,55.87,1003,1085,868,540,895,1285,1,NA,NA,NA,0,33.95,0,NA,40.42,5,44.83,61.42,44.2,75.91,57.69,0,52.65,45.05,NA,41.45,2701,NA,2943,2790,44.71,5,52.52,62.53,1,1260,52.41,2,1,60.67,5,42.34,1
493,1,45,7,5,0,2153,32.14,5,53.09,665,0,43.65,NA,3420,804,2317,1091,722,1,1,1,1251,0,39.9,0,1534,48.05,4,55.05,60.68,NA,59.72,40.16,5,NA,50.53,38.58,62.56,1433,1206,1655,1271,56.37,3,60.85,51.89,0,1662,60.06,2,0,59.86,2,54.35,1
494,1,37,2,7,0,4634,51.53,3,68.93,2650,NA,58.89,1534,1469,1763,2881,1220,6339,1,1,6,1373,1,57.25,1,3214,56.87,0,55.4,57.23,55.94,50.87,39.69,2,NA,62.68,46.98,60.76,2280,2890,NA,NA,46.31,NA,59.36,72.37,0,1299,44.01,3,0,44.15,4,53.96,1
495,1,45,10,4,1,1445,54.92,1,61.77,786,NA,53.3,1296,4682,3054,2001,1956,3486,0,NA,5,1720,0,48.99,0,NA,50.26,3,NA,50.63,54.78,40.18,NA,5,46.15,48.23,58.45,NA,1146,1654,1394,1531,53.31,4,50.06,54.75,0,NA,45.06,2,NA,45.59,4,45.09,0
496,0,33,7,4,0,4044,47.99,4,48.07,565,1,62.46,NA,838,1287,1968,NA,3190,0,0,NA,1557,1,67.73,0,NA,50.78,3,47.93,49.2,NA,43.21,42.53,3,50.82,57.88,45.99,51.51,759,934,1163,816,48.17,6,44.48,45.9,0,950,43.64,3,1,38.1,4,58.79,0
497,0,42,0,2,1,435,37.63,3,30.11,406,0,NA,843,716,NA,798,413,938,1,0,0,NA,0,42.62,1,547,64.2,1,51.84,36.61,40.48,57.75,NA,NA,42.38,47.89,30.88,59.03,998,701,1181,801,NA,4,44.89,55.28,0,896,61.58,NA,0,52.8,2,44.78,1
498,0,33,11,5,1,3018,28.72,4,45.86,664,0,32.38,1334,1020,1458,1089,1221,3203,0,0,3,1119,1,62.37,1,1524,57.35,3,60.11,58.2,61.34,59.15,33.29,3,44.53,46.18,69.65,59.46,1382,1216,2281,1226,49.87,2,44.06,45.06,0,866,54.15,1,1,NA,1,32.07,NA
499,1,28,15,1,0,3019,38.49,3,51.98,NA,0,52.91,3273,1499,1094,5252,2699,1576,1,1,5,1979,0,64.25,1,1892,54.22,3,52.65,44.27,63.53,29.66,55.29,1,57.7,35.58,56.25,54.73,1605,1452,2314,1768,NA,4,NA,70.5,0,2833,51.77,4,0,56.8,4,59.21,1
500,1,37,6,3,0,1946,48.02,2,56.6,1848,NA,NA,1824,1742,963,1198,1810,876,0,1,3,805,0,48.26,1,641,70.6,2,48.65,NA,60.58,53.44,53.1,3,46.66,51.59,78.43,64.53,NA,757,553,1074,57.02,3,55.57,47.95,1,1425,40.92,3,1,46.62,1,NA,1
501,1,29,10,3,1,5629,31.59,3,34.39,1781,1,48.59,2838,3072,2502,2551,2921,2189,0,1,5,1138,1,51.45,1,4973,41.11,4,NA,53.31,76.99,53.21,47.17,4,39.78,48.32,37.88,42.55,1171,1673,2100,1237,61.87,4,70.02,64.84,1,2761,48.67,1,0,55.78,5,58.21,1
502,0,37,0,5,1,3280,51.23,3,55.3,NA,NA,53.83,770,2049,1179,643,1811,2526,1,1,6,2374,0,51.51,1,1145,37.03,7,54.83,42.38,35.04,48.54,60.77,NA,45.12,56.78,52.37,58.38,2461,3169,2082,2237,43.95,3,50.48,54.51,0,1357,54.68,3,NA,50.33,5,NA,0
503,0,33,17,2,0,5359,52.92,3,49.89,2398,1,57.7,2034,3204,2575,2652,1522,1421,NA,1,8,7191,NA,62.07,1,1740,58.75,3,71.5,53.36,NA,NA,53.1,1,54.06,57.07,58.69,NA,2665,3579,5296,5251,56.63,6,46.94,51.65,1,1152,38.72,3,1,57.61,3,51.45,1
504,0,39,2,4,1,3963,NA,2,38.42,1480,1,47.41,1574,1484,575,1288,2270,907,0,1,3,NA,0,67.85,1,NA,52.41,2,46.83,41.26,75.18,42.2,34.08,4,46.2,45.69,49.42,56.29,669,1236,828,1040,47.06,6,NA,43.2,1,1662,41.16,2,0,52.74,5,53.28,1
505,0,30,7,4,0,3115,NA,0,71.07,2413,1,59.43,NA,2450,1598,1874,2283,751,0,0,1,2095,0,24.36,0,281,NA,7,58.31,52.25,35.68,65.21,56.23,4,39.57,NA,59.37,NA,615,522,449,358,44.59,5,48.24,43.29,0,2239,41.31,4,1,46.84,2,44.21,0
506,0,29,8,3,0,2889,52.05,NA,50.34,3057,0,NA,2548,1894,2427,3052,2821,4476,NA,NA,5,NA,0,54.07,NA,2064,44.28,4,60.17,48.77,59.3,56.77,NA,2,NA,40.15,50.16,59.83,686,1080,1004,770,48.62,NA,56.03,92.42,1,3470,75.79,0,1,70.1,7,66.46,NA
507,0,18,7,3,1,1370,51.58,3,60,1154,0,52.09,1005,1088,2564,1101,1017,1415,0,0,2,1371,0,64.63,0,2083,49.39,2,59.11,45.69,51.92,51.41,54.08,2,46.1,NA,36.15,42.38,465,651,437,554,39.91,0,31.19,32.51,0,347,40.17,4,1,32.82,2,26.72,0
508,0,27,17,1,1,1923,NA,2,56.95,1912,0,46.68,3438,1161,1112,3973,2401,1664,1,1,4,NA,0,51.11,0,838,NA,2,51.63,39.86,47.92,NA,NA,2,60.55,46.45,59.78,46.4,1142,1271,1591,1172,48.57,5,NA,39.94,0,757,42.99,4,0,39.41,3,31.05,1
509,0,25,3,1,1,885,52.66,1,46.21,610,1,23.1,NA,769,702,1072,NA,1243,0,0,0,1012,1,44.51,1,1319,38.96,2,58.92,49.86,44.76,NA,42.48,3,49.09,46.18,38.2,61.63,NA,1620,1913,1173,55.61,3,41.25,45.09,0,1071,42.46,3,1,54.35,5,52.93,0
510,1,53,8,3,1,5707,61.65,1,51.66,1811,1,32.43,4264,1673,1292,1344,2615,2361,0,1,4,2645,1,63.34,0,1546,38.61,6,63.58,52.75,74.81,61.15,NA,4,46.22,63.69,65.93,55.9,2844,3300,2180,3815,49.99,6,62.04,51.81,1,666,44.12,2,NA,41.34,2,38,1
511,0,59,11,3,1,711,NA,NA,49.7,2206,0,44.65,686,987,1988,NA,698,NA,0,0,6,1280,1,54.15,NA,979,45.66,5,NA,61.42,33.17,40.66,32.3,3,32.78,38.82,42.37,NA,860,922,860,813,45.99,NA,43.03,49.87,0,1733,45.7,1,0,67.84,4,70.23,0
512,0,45,7,3,0,939,51.86,5,38.1,668,0,34.16,949,1116,858,581,NA,835,0,0,NA,489,NA,43.76,0,516,58.58,7,47.08,33.01,26.8,39.31,42.19,4,38.83,34.6,39.7,45.82,340,431,NA,937,50.12,3,21.06,40.18,0,NA,45.16,NA,1,46.66,3,50.81,1
513,1,40,3,5,0,944,45.54,5,52.74,1588,1,22.87,2409,541,1225,918,464,1713,1,1,0,1738,1,41.58,1,2595,44.17,0,58.71,50.82,72.74,54.71,30.87,NA,53.09,50.89,52.94,42.8,410,372,NA,NA,43.37,NA,41.29,35.56,1,959,36.85,6,1,42.82,1,67.92,1
514,1,52,5,5,1,974,NA,5,46.85,1090,0,43.09,1125,1898,1656,1030,1501,2388,1,0,5,987,0,46.6,1,2824,37.68,4,65.18,33.83,NA,29.66,NA,5,NA,37.48,27.69,36.63,588,569,571,410,39.61,6,50.16,48.36,1,1325,28.89,3,0,48.9,3,33.89,1
515,0,26,7,7,1,986,49.36,1,47.41,2044,0,42.47,1117,823,NA,1043,516,931,1,1,2,1430,1,46.9,1,1417,50.38,2,57.8,65.07,NA,63.07,NA,0,58.29,45.81,54.02,38.46,1225,NA,940,993,41.06,4,42.95,52.61,1,NA,50.48,3,0,NA,5,46.73,0
516,0,39,4,5,0,864,57.08,3,60.33,1633,0,65.19,1352,1165,1494,2068,1848,NA,1,0,4,1862,0,66.78,NA,1298,64.98,0,47.76,40.02,82.1,26.57,55.85,1,37.17,49.76,46.34,40.15,2021,1250,1514,1246,47.82,2,31.09,35.28,1,1063,47.15,5,1,55.91,2,44.43,0
517,1,34,7,4,0,8009,65.08,0,51.83,647,0,NA,1063,3387,1525,3631,756,3893,0,NA,3,1517,0,48.61,1,5239,45.79,6,38.12,29.25,NA,66.36,38.06,1,44.05,65.07,54.99,42.79,1822,1481,2140,2400,54.66,2,50.73,56.37,1,2664,54.67,2,1,60.77,3,60.44,0
518,1,21,6,3,0,1216,37.1,4,31.53,556,0,49.31,3290,NA,1920,1386,755,835,0,0,6,NA,0,44.09,0,848,55.31,2,38.46,39.27,38.77,NA,40.91,2,42.97,51.41,28.55,34.96,2029,1420,1201,1165,42.36,0,49.02,83.61,0,3556,69.66,0,0,59.15,7,58.96,1
519,0,62,9,3,1,3983,63.05,5,59.67,1492,0,NA,627,1892,520,1434,794,1857,0,0,NA,2896,NA,30.67,0,874,NA,4,32.67,47.55,43.13,39.74,45.58,1,35.49,51.8,55.24,35.15,NA,3579,5213,4055,44.5,4,NA,51.07,0,1319,63.69,4,1,39.04,4,NA,0
520,1,33,12,6,1,1360,57.31,1,31.21,957,0,44.67,2096,1643,1676,3539,1502,NA,0,1,2,1016,1,38.78,1,1952,48.33,NA,55.85,43.87,46.02,39.59,44.93,5,50.92,49.28,53.33,43.16,799,1679,1143,1026,49.84,2,40.62,52.57,0,1088,56.23,2,1,47.13,0,50.99,0
521,0,35,7,4,1,4282,73.49,2,62.44,1968,0,61.06,529,1255,801,1652,2103,1649,1,0,2,2627,0,48.11,1,2028,66.21,4,47.58,28.58,40.68,47.33,45.92,6,28.79,36.14,50.38,49.52,NA,1410,784,1066,39.22,3,49.81,51.81,1,945,56.21,5,0,40.98,2,45.83,1
522,1,30,2,5,1,2775,49.36,0,29.64,976,0,41.91,1085,1320,2600,1382,2248,784,0,0,3,1157,0,51.1,0,1450,37.7,6,51.34,58.47,40.5,45.05,45.27,5,38.04,50.31,53.05,39.38,NA,NA,2562,1291,24.3,2,43.79,52.79,0,842,53.06,2,NA,57.36,6,57.83,0
523,0,47,11,6,1,1376,66.65,2,63.13,1066,0,61.82,1913,969,1704,NA,785,1677,0,1,0,919,0,72.02,0,1630,62.21,3,40.51,51.3,43.84,46.38,38.31,1,37.09,36.03,50.2,32.88,4343,2146,NA,3770,49.64,4,52.61,52.39,1,NA,49.27,2,NA,49.13,3,46.64,0
524,1,30,13,4,1,3274,45.21,5,42.58,443,0,34.29,1829,4970,3982,1812,2979,2088,1,0,2,866,0,64.24,1,NA,NA,4,27.92,51.48,67.6,59.02,51.36,4,60.87,60.75,43.26,38.85,2938,2379,2513,3132,46.5,1,55.96,53.82,0,572,36.41,4,1,37.11,0,NA,0
525,1,49,11,5,1,1843,45.97,5,41.08,1238,1,53.35,918,2386,NA,1510,1299,947,0,0,1,NA,0,38.81,1,1766,30.88,0,87.27,70.33,NA,71.09,52.93,NA,59.5,68.81,68.65,44.88,997,1780,2533,820,58.58,1,62.76,43.8,0,1516,52.01,5,0,51.14,1,40.47,0
526,1,31,8,5,1,899,41.74,3,43.44,1182,1,49.13,1856,1244,1390,835,834,1476,0,1,3,2772,1,49.89,1,1512,49.01,1,47.71,46.74,55.13,53.08,37.09,1,52.11,62.22,49.76,47.26,1229,1379,748,537,55.97,1,35.5,64.84,1,1398,42.59,NA,0,57.25,2,48.06,NA
527,1,50,8,4,1,3202,66.89,3,67.06,2920,0,65.31,2284,4495,5197,1434,2015,NA,1,1,3,NA,1,52.79,0,919,43.55,3,52.46,47.94,38.6,59.67,NA,4,47.79,63.41,57.58,35.77,533,602,519,608,57.73,4,62.84,51.28,1,847,75.08,2,0,49.94,4,55.57,1
528,1,43,7,5,1,3161,41.63,2,49.78,474,0,51.13,2034,2291,2910,2023,3223,2422,1,1,6,1186,0,73.56,1,2438,44.41,4,55.14,51.79,55.12,62.43,74.81,4,43.05,NA,59.17,60.67,1035,1287,1984,1341,51.78,4,51.87,67.81,0,1934,59.36,1,0,59.74,5,55.16,NA
529,1,45,16,3,1,2529,47.82,4,47.54,343,0,NA,NA,1432,1168,2007,1804,1790,0,1,3,1039,1,40.78,1,1511,55.62,4,NA,42.52,63.84,60.8,49.56,5,62.19,45.78,53.39,NA,1855,1998,1914,NA,53.36,2,51.66,46.86,NA,1134,42.43,4,NA,52.13,3,NA,1
530,0,37,9,5,0,1049,45.57,6,NA,2083,0,40.76,1961,1647,874,912,1248,1492,NA,0,5,700,0,43.18,0,1395,44.45,2,53.13,48.81,53.39,51.45,69.29,1,53.07,39.21,NA,47.33,2834,2193,2631,1843,38.93,1,48.18,47.86,1,2185,43.7,2,0,56.62,2,58.48,0
531,0,54,2,3,1,2176,44.77,5,51.15,1166,1,53.23,1378,1903,2014,2002,NA,2635,NA,1,3,2441,1,51.46,1,1819,46.29,4,NA,36.32,37.1,45.07,48.91,6,61.7,43.62,47.42,44.51,1494,2747,2024,1739,51.96,2,41.5,NA,0,764,47.05,2,1,50.11,3,54.28,0
532,1,51,11,9,0,1060,55.5,4,60.18,787,1,42.38,2236,1153,2877,979,832,NA,1,1,1,739,1,58.46,1,643,49.09,2,66.84,35.32,72.63,34.23,49.86,0,48.2,35.6,NA,46.94,1358,NA,1085,1220,39.12,2,51.64,60.66,1,1916,48.42,1,0,54.94,4,55.24,1
533,0,59,15,3,1,4265,NA,3,51.22,912,0,NA,2076,1138,1564,NA,1418,2321,1,1,5,2481,0,59.43,1,NA,35.32,1,64,44.25,52.31,NA,58.55,2,48.14,41.88,56.21,70.83,2134,814,1020,1098,37.6,3,NA,38.91,1,NA,44.48,1,0,67.85,3,61.12,0
534,0,18,9,4,0,1884,49.51,2,NA,1453,0,73.7,1018,2043,623,1243,653,1075,1,0,1,NA,1,28.7,NA,1022,47.69,3,NA,51.01,51.21,30.25,33.54,5,44.96,33.52,53.9,53.74,1053,986,1092,1282,47.49,4,66.12,40.21,1,2628,44.5,3,1,43.83,3,48.3,NA
535,0,46,11,8,0,1748,NA,2,36.86,820,1,52.56,1537,1404,1372,826,1271,877,1,1,2,NA,1,57.92,1,2653,47.96,5,38.2,52.54,NA,44.33,51.58,3,45.45,54.7,34.68,NA,2914,2762,1678,3715,61.5,3,45.69,54.62,1,3880,47.96,2,1,47.92,3,47.3,1
536,0,25,0,2,1,1231,NA,2,50.98,1437,0,42.02,977,2335,1275,1765,1155,NA,1,1,1,1432,0,29.1,0,NA,50.99,4,47.36,52.52,36.55,39.97,41.94,3,55.94,41.57,39.5,47.18,1678,1162,NA,1707,57.23,3,62.69,NA,0,813,41.82,4,0,39.57,2,46.99,1
537,0,43,14,1,0,6008,81.31,1,66.03,4623,0,70.91,2865,2750,4016,5716,1493,2289,0,1,6,2721,1,54.27,0,1987,31.14,1,48.6,45.54,42.61,47.05,50.37,3,48.55,56.68,38.99,51.85,2332,3625,3200,1835,45.18,3,68.64,60.07,1,3879,41.82,2,0,41.09,5,66.15,0
538,0,43,8,5,0,4758,56.4,3,NA,1290,0,43.88,1102,3685,2990,1144,1180,NA,NA,1,4,1290,1,59.3,0,957,52.55,4,35.84,47.15,59.42,35.78,46.39,1,56.14,49.35,38.34,NA,1363,827,2222,1079,42.66,2,55.26,47.44,NA,1078,52.27,1,0,45.11,3,64.46,0
539,0,19,7,3,1,2198,NA,2,43.27,995,1,NA,892,1774,994,369,778,2239,NA,1,8,1111,1,50.83,0,4320,32.33,0,60.17,42.87,53.86,50.11,NA,3,68.2,57.01,NA,63.48,1662,2152,2129,1834,46.07,8,54.48,47.72,1,1439,52.26,3,0,49.32,4,45.99,0
540,1,37,1,9,0,1540,NA,5,NA,1863,1,53.05,NA,718,499,NA,793,1159,0,0,4,960,0,48.45,0,1885,56.94,6,58.66,55.25,43.97,NA,44.89,2,53.6,52.83,48.07,43.8,1253,737,NA,1010,60.51,4,49.35,46.03,0,1220,NA,5,0,42.78,0,45.66,NA
541,1,50,9,5,1,2451,79.71,4,47.3,1153,1,43.67,3451,7076,1738,1041,3353,2032,1,0,3,1163,1,56.99,0,NA,52.26,7,56.3,NA,83.27,59.1,59.03,0,55.06,NA,65.17,43.7,4876,2526,4970,4739,49.31,6,50.03,72.11,1,911,59.79,3,1,44.24,4,42.61,1
542,0,48,9,3,0,4392,51.18,3,40.98,1991,1,48.71,737,1629,1625,2507,1065,1354,1,0,3,1201,1,41.3,1,1329,NA,0,67.24,52.3,43.15,53.63,NA,4,59.65,51.58,49.06,56.03,NA,1509,1540,1089,41.29,3,46.45,63.12,1,6219,59.52,NA,NA,46.7,6,65.21,0
543,0,49,6,3,0,1391,56.58,4,54.34,976,1,44.8,2316,1247,1569,625,1476,4088,1,0,2,823,1,51.49,1,761,61.45,3,40.7,60.39,47.77,56.57,52.24,6,42.94,52.79,46.51,41.79,961,744,493,691,39.15,4,38.14,31.01,0,699,35.87,NA,1,30.82,3,19.44,NA
544,0,29,8,2,1,5782,50.51,3,62.8,1005,1,63.06,304,899,758,2624,2034,1406,0,1,2,4841,1,68.62,0,783,58.12,2,45.21,47.3,NA,42.75,41.71,3,53.63,50.14,45.77,48.42,1610,1516,968,1492,40.31,5,50.3,32.34,0,687,39.41,NA,NA,49.29,2,33.49,1
545,0,46,6,3,1,1520,51.73,6,37.54,2113,1,49.1,2061,836,2010,1183,1781,1529,0,1,3,NA,0,50.32,1,989,59.52,4,44.19,58.95,31.14,37.96,28.37,4,46.22,51.21,35.95,41.89,1531,1133,1259,1339,40.9,5,21.8,NA,0,373,42.88,4,1,41.33,1,49.41,1
546,0,35,8,3,0,1573,46.74,0,35.09,589,0,48.55,1414,2735,NA,NA,617,522,0,NA,2,1838,1,59.59,NA,1363,36.73,7,NA,40.34,53.26,60.91,NA,4,NA,56.46,58.62,41.11,529,890,916,1195,42.31,2,31.27,50.86,1,2669,49.98,3,1,47.93,5,54.75,1
547,1,57,8,1,1,1496,NA,2,61.76,1639,0,35.85,1152,584,2627,3429,1135,NA,0,1,5,1737,1,51.15,0,2234,46,1,46.77,50.62,51.92,50.63,62.45,3,NA,42.9,53.28,NA,2141,1342,4620,2869,63.09,5,63.14,43.59,0,543,40.56,3,0,49.85,3,NA,NA
548,0,48,13,4,1,3320,NA,0,41.14,1671,0,NA,1197,1058,710,1474,NA,1447,0,NA,0,NA,NA,38.8,1,1203,54.65,2,55.19,43.87,47.43,37.4,34.82,3,NA,34.27,46.9,45.06,828,2561,1520,1088,NA,4,41.64,42.25,0,815,40.04,6,1,61.1,0,42.64,0
549,0,50,10,5,0,2214,46.31,4,48.54,1626,1,65.11,4515,NA,2438,1876,2225,851,1,0,3,932,1,28.88,1,1709,NA,2,49.25,63.19,46.75,30.08,48.65,0,55.81,57.43,39.92,37.23,1054,1197,1292,2022,48.93,4,57.83,39.43,1,1390,55.81,2,1,58.58,5,56.55,NA
550,1,34,6,4,1,3282,58.83,3,52.2,1581,1,44.05,1631,780,1182,1548,1695,683,1,1,3,764,1,52.68,0,785,70.67,3,44.29,43.23,46.4,55.32,44.95,1,34.12,57.1,44.34,51.52,1803,3399,2344,2918,46.55,5,44.82,NA,1,1080,65.3,2,0,37.55,4,52.54,1
551,1,42,12,7,1,1602,60.91,0,50.39,1606,0,56.37,1100,2142,833,787,2646,NA,1,1,3,3203,1,49.83,1,1030,36.69,2,68.36,53.48,53.2,53.28,44.83,2,59.6,NA,57.39,NA,1788,2312,1381,1758,61.78,4,59.99,59.79,0,1493,56.83,3,0,59.6,4,NA,0
552,0,57,10,4,0,4515,54.21,4,57.1,NA,0,61.09,1641,NA,1451,1944,1167,1280,0,1,4,2891,NA,56.44,1,3038,NA,6,44.67,54.35,56.63,63.31,45.21,2,76.55,52.04,53.29,61.25,2198,1584,2688,2317,59.18,2,69.6,48.56,0,872,59.89,NA,1,29.34,3,38.38,0
553,1,56,2,4,0,2606,NA,4,51.39,483,1,51.17,928,414,529,674,NA,NA,NA,0,4,2265,NA,50.81,1,NA,60.02,2,41.91,63.77,48.8,54.52,44.41,5,34.68,43.58,55.21,50.76,507,927,731,796,48.24,1,NA,54.55,0,NA,43.06,1,NA,56.53,3,NA,0
554,0,31,0,1,1,582,52.2,7,38.33,1499,1,49.84,1156,560,1036,1058,1020,419,0,0,1,985,0,31.93,1,573,55.84,5,54.57,54.68,48.07,41.18,40.62,2,45.53,39.45,51.95,NA,NA,NA,945,465,43.36,4,18.92,49.93,1,676,36.79,4,1,47.1,1,27.51,0
555,0,39,0,4,1,860,41,5,38.41,505,1,49.96,1539,2120,1053,1649,828,NA,1,0,0,847,0,33.11,0,715,34.31,2,43.48,67.56,52.31,68.6,48,3,48.86,55.63,66.52,66.74,1299,923,876,839,35.74,4,37.27,51.93,0,675,32.37,7,1,33.77,3,NA,0
556,1,22,7,3,1,3088,56.92,2,67.08,1652,1,51.4,1764,3482,1837,2192,2534,NA,1,0,3,1007,0,44.35,1,NA,41.99,2,53.09,57.22,47.27,38.41,35.6,3,NA,62.07,61.43,53.79,1133,1571,1984,1001,47.27,3,44.52,48.94,0,618,37.74,4,1,38.18,1,40.45,0
557,1,53,6,5,1,688,46.07,2,31.62,1520,0,30.58,1081,6604,1359,839,1467,1238,1,1,4,1370,NA,53.29,NA,1869,39.79,3,57.56,43.82,70.02,NA,48.04,3,48.09,46.59,45.81,52.77,1491,1466,1013,1342,72.03,3,58.96,65.55,1,1369,47.93,3,1,NA,4,60.33,NA
558,0,53,6,9,0,3786,50.11,1,NA,2329,0,36.96,1528,438,714,897,911,899,1,0,6,2273,1,68.42,1,1806,60.1,3,NA,34.01,33.14,61.39,58.79,NA,43.42,49.4,47.34,49.65,1037,1587,1747,1086,38.58,4,49.92,46.54,1,1885,35.42,0,NA,44.38,3,39.62,1
559,0,44,12,5,1,2390,NA,3,35.69,541,0,41.73,1423,1264,2171,1154,4782,3539,0,1,5,3470,1,49.06,NA,3352,54.26,3,53.5,43.06,50.71,75.38,58.12,2,56.66,56.55,35.5,NA,2311,NA,1248,1824,28.39,0,45.97,35,NA,1510,53.55,4,0,48.22,2,49.16,1
560,0,43,5,4,1,1428,52.79,2,NA,881,0,53.32,NA,1965,747,1908,3000,1932,1,0,5,1638,0,58.2,1,1202,40.83,3,55.98,57.2,64.19,62.75,72.23,4,51,42.14,58.32,66.94,538,509,737,666,45.49,2,53.05,52.69,1,671,43.57,3,1,29.57,3,57.46,0
561,1,41,11,6,1,2355,57.73,6,50.77,3672,1,48.21,1570,1545,1203,1203,1722,2535,1,NA,NA,794,0,69.48,0,882,45.03,6,66.81,46.23,33.98,64.88,65.83,1,56.77,52.56,53.57,34.68,2294,2497,2140,3378,68.24,5,73.74,NA,0,1232,45.09,NA,0,31.95,4,53.38,1
562,0,31,6,2,1,811,NA,5,NA,966,0,56.15,NA,1248,1987,1134,714,1296,1,1,1,1425,0,55.35,NA,848,59.38,4,44.65,48.41,45.71,62.54,54.82,4,40.69,43.06,51.16,NA,1914,1489,1028,1384,52.93,2,49.98,59.81,1,1970,75.33,1,0,55.52,3,NA,NA
563,0,55,3,4,1,1039,46.77,3,59.03,971,0,45.53,NA,NA,1492,957,1339,1067,1,0,0,842,1,47.04,1,544,40.59,5,47.35,38.6,54.22,69.55,47.43,5,31.41,29.89,37.8,70.37,1775,NA,1060,1195,27.97,2,28.38,59.61,0,896,37.43,3,NA,37.08,4,48.33,NA
564,0,32,0,2,1,812,38.89,2,40.14,1240,0,43.33,1662,372,1290,732,1277,NA,NA,0,0,NA,1,32.27,0,1147,72.19,6,55.58,66.35,37.39,50.19,47.52,1,57.8,62.43,63.03,35.41,924,740,735,675,35.79,NA,35.98,49.01,0,1535,66.84,1,1,58.51,3,28.94,0
565,0,23,6,5,1,2763,52.17,4,55.77,2717,1,57.58,2395,2908,3932,3159,3437,1423,0,0,3,513,0,37.3,1,1465,47.58,3,34.44,36.77,68.12,50.19,41.41,4,54.11,50.8,58.67,45.88,2176,3104,1932,2108,53.74,4,45.96,59.17,1,568,51.51,1,1,50.67,2,47.76,1
566,1,38,14,3,1,3608,NA,0,54.76,3098,1,50.04,3776,2107,1089,4395,6912,985,1,1,5,1520,1,60.84,1,993,33.83,1,52.65,52.17,NA,59.38,61.44,3,NA,38.68,52.06,NA,2580,2816,3073,1960,46.88,6,52.86,53.85,1,1091,68.51,2,1,46.92,3,68.92,0
567,0,45,8,4,1,2556,47.61,5,34.51,1433,0,40.89,3566,1045,3987,NA,1950,NA,0,0,4,1934,1,61.48,0,NA,33.98,7,56.14,52.05,46.44,35.22,37.92,3,NA,46.57,NA,NA,1130,1221,917,1794,34.89,2,37.3,45.96,1,820,46.07,1,0,50.58,NA,55.55,0
568,0,39,3,3,0,1713,48.21,2,53.52,2700,1,45.56,1532,880,650,1129,1050,1184,0,1,3,764,1,52.65,1,705,57.31,7,39.91,43.38,53.3,34.98,42.02,2,45.02,37.3,44.7,34.4,2027,2291,2783,1789,50.84,4,NA,44.55,1,1791,30.41,4,1,48.01,2,43.87,1
569,0,52,0,5,1,2482,37.47,2,47.98,521,1,49.51,2749,3057,1785,1839,2786,1870,0,0,2,713,1,54.68,1,1691,64.78,5,58.82,69.03,41.3,43.08,36.91,4,50.94,38.99,36.45,47.64,1233,2061,NA,1325,51.95,4,56.35,58.87,1,5600,37.87,1,1,52.93,4,NA,0
570,0,58,11,2,0,2899,59.47,5,46.81,1165,1,50.64,3078,558,680,1071,807,1984,NA,0,NA,NA,1,61.32,0,2082,64.23,5,47.5,48.89,40.31,41.71,56.66,4,57.25,39.73,35.45,42.86,1339,1000,2021,1563,60.84,3,52.83,52.94,NA,2612,51.33,NA,0,42.26,4,69.17,0
571,0,45,13,2,0,2015,58.02,3,62.4,817,0,NA,3490,1249,1758,3741,2472,1652,1,0,2,2597,1,55.99,1,3034,55.4,0,51.17,56.66,50.23,44.54,68.01,1,51.66,30.58,45.6,47.5,2025,1864,2656,2769,NA,2,51.77,NA,1,4862,77.83,3,0,67.68,4,78.77,1
572,1,54,15,5,1,1549,43.56,2,53.33,1238,1,42.65,1776,1681,1324,1417,2023,1344,1,0,1,1884,0,66.3,1,720,52.65,5,38.65,28.63,52.65,43.65,49.32,5,46.66,58.36,48.04,49.32,1310,503,944,915,48.52,4,NA,NA,NA,1840,57.97,1,0,71.19,4,NA,1
573,0,32,10,6,1,1890,60.58,4,54.17,2166,1,32.69,1781,2324,NA,1601,1784,689,1,1,NA,1133,NA,66.17,NA,1999,54.44,2,53.61,48.14,35.08,57.59,31,NA,66.62,48.97,49.38,55.96,1461,927,1712,921,49.41,6,NA,50.14,1,1257,60.94,2,1,66.39,6,54.31,0
574,0,39,11,3,0,1622,59.92,1,47.46,885,0,55.87,1317,281,939,633,NA,1532,1,NA,2,1450,1,39.27,0,502,57.46,4,57.41,45.53,NA,59.28,38.96,4,43.36,57.78,38.11,41.5,985,1359,1731,887,47.44,0,53.72,NA,0,976,31.88,5,NA,41.75,2,58.29,0
575,0,38,10,4,1,1683,33.21,6,28.71,796,0,NA,2415,2591,1567,2391,1557,1466,0,1,2,2103,0,49.61,1,970,56.29,3,52.19,35.44,39.73,48.75,37.58,1,NA,47.49,40.62,64.99,1229,891,1832,2738,50.07,NA,53.11,31.01,0,436,40.66,4,NA,45.86,2,46.32,NA
576,1,32,12,6,0,7150,58.92,0,82.7,NA,1,66.14,1155,5433,828,3781,2657,1388,1,NA,5,2644,1,58.72,0,2291,33.26,3,43.33,61.71,53.62,43.67,45.29,4,51.11,55.57,NA,53.78,1967,1965,1275,2002,50.93,3,66.29,52.64,1,3430,80.71,NA,1,45.44,5,63.46,1
577,1,30,1,3,0,2868,41.66,1,57.91,434,1,54.46,2420,2271,1158,1858,NA,1209,0,0,5,1766,0,54.59,0,2431,37.34,1,55.71,50.13,39.87,NA,43.27,3,50.58,34.35,54.65,36.3,1047,1341,2599,2047,62.1,7,NA,NA,0,1136,NA,2,0,52.26,3,47.92,0
578,1,50,6,6,1,2392,44.78,3,72.92,929,NA,59.19,1007,1784,1120,NA,1803,1014,0,1,1,770,0,47.16,0,1575,51.28,2,52.2,43.84,50.29,45.56,45.41,1,43.74,61.63,38.52,44.32,1300,2060,NA,2177,47.86,3,63.72,45.65,1,887,62.71,4,1,46.17,4,55.22,1
579,0,48,13,1,1,4083,42.49,4,56.88,626,1,NA,1170,1145,1624,1217,823,NA,NA,0,2,2234,0,NA,1,1176,66.4,1,62.14,49.03,60.44,43,NA,4,39.36,45.94,45.09,56.07,2639,4901,NA,3477,51.5,NA,49.68,50.3,0,2829,49.04,3,0,28.94,6,46.31,1
580,1,26,0,5,1,1250,47.8,3,45.73,748,0,NA,1239,941,1110,595,929,966,1,1,0,541,0,45.33,1,NA,59.66,5,39.48,51.14,28.19,49.62,38.01,4,46.41,42.65,45.07,48.01,753,NA,950,1575,60.47,3,27.45,49.46,0,2024,NA,0,0,62.14,4,57.26,1
581,0,57,5,4,1,1638,42,5,53.88,860,1,25.62,527,1276,1523,2233,441,992,0,0,NA,1156,NA,34.37,0,NA,59.76,4,68.71,44.19,46.4,42.97,NA,2,37.57,69.49,54.18,65.19,776,1008,762,668,56.52,NA,49.75,49.38,0,1950,35.91,5,0,32.42,3,41.08,0
582,1,62,8,6,1,3242,40.71,3,39.95,897,0,46.49,NA,1602,3162,619,1577,2448,1,1,2,1354,1,61.32,1,1507,47.46,4,60.06,46.58,59.81,51.07,70.25,4,47.34,48.57,67.89,NA,999,1714,585,552,66.61,5,52.23,73.17,1,NA,66.14,1,0,NA,5,61.24,NA
583,1,52,8,2,1,1432,48.12,2,NA,1072,NA,51.18,997,1164,1415,1869,1022,2635,0,1,4,783,NA,45.61,0,NA,57.8,4,52.83,43.73,36.02,60.65,51.79,1,NA,46.73,47.13,47.25,1092,1567,1498,988,NA,5,51.98,39.38,0,1709,46.1,3,1,41.65,0,51.34,0
584,0,31,1,3,1,1065,37.13,5,17.9,953,1,54.97,1060,1073,531,306,393,1138,NA,NA,2,1726,0,48.76,1,1748,NA,3,54.25,32.64,38.21,56.41,NA,6,49.79,31.55,41.03,45.78,2167,1698,NA,838,35.26,3,27.01,NA,0,753,NA,8,1,43.84,2,51.69,0
585,0,46,8,2,0,2626,36.64,2,36.9,2821,0,37.22,3033,966,1707,2189,773,1725,0,1,2,1548,0,55.86,0,1673,65.23,6,47.85,67.05,37.94,53.33,58.38,3,34.36,50.25,54.27,62.97,1223,1720,NA,1190,62.8,5,31.51,NA,0,1172,51.96,3,1,63.75,2,46.18,0
586,1,64,9,3,0,1256,47.72,0,29.47,538,NA,68.75,1764,1538,709,2191,1862,1508,1,1,NA,1766,0,66.02,0,1016,42.1,3,29.76,43.2,NA,49.41,47.43,4,NA,35.63,47.86,50.3,2041,1321,992,1065,52.75,3,61.32,69.73,1,1345,55.78,3,1,54.12,4,65.08,0
587,0,57,5,5,1,2121,54.51,2,61.08,1078,1,35.54,NA,851,2836,1921,996,1044,1,1,2,1142,1,56.66,0,1330,41.08,3,58.23,NA,65.47,47.46,48.91,2,41.34,45.85,48.56,49.07,1760,1075,934,1074,29.65,4,42.73,54.43,1,984,38.2,4,NA,52.57,3,45.81,0
588,0,42,11,1,0,2578,57.5,3,45.29,1230,1,60.62,990,2790,693,1634,3307,1255,0,0,4,1643,1,56.31,0,1720,27.1,1,63.62,72.19,56.8,41.01,37.24,1,58.56,61.53,NA,33.57,2554,1406,1987,2873,42.11,5,67.4,62.11,0,1591,60.44,1,1,49.76,3,73.45,NA
589,1,55,7,3,1,1539,NA,2,NA,2360,NA,NA,1113,768,786,352,784,NA,0,0,3,1033,1,71.26,0,1810,37.1,4,49.45,46.85,NA,47.29,30.41,3,54.46,39.25,52.89,32.84,1273,1884,1066,1129,35.16,4,31.05,38.04,0,NA,57.89,3,1,46.37,3,48.09,0
590,0,26,6,4,0,2487,32.21,5,36.03,688,1,35.55,1381,2021,853,4781,2786,NA,1,0,2,1006,1,58.35,0,2133,NA,5,54.05,72.89,50.91,41.22,47.87,4,41.88,38.79,47.09,49.99,1090,1393,NA,1834,52.44,5,46.5,58.29,0,2310,43.03,3,1,55.83,4,38.41,0
591,1,54,8,3,0,2284,44.2,4,35.91,1040,0,41.74,843,640,650,972,673,862,0,NA,0,NA,0,43.19,0,621,41.88,1,56.9,53.84,56.74,49.82,43.22,2,36.51,47.4,NA,43.89,1092,1297,2015,1169,60.98,4,51.77,51.97,1,1813,54.67,4,1,44,4,NA,1
592,0,32,8,3,1,4380,50.79,NA,46.29,1887,0,40.56,1094,900,587,1529,692,731,1,1,4,1061,0,49.58,1,3752,61.98,2,51.11,46.53,60.18,53.34,45.07,1,52.65,48.67,41.2,68.76,1412,1037,764,1247,49.06,2,46.41,62.02,1,1814,52.97,4,0,65.22,3,NA,1
593,1,59,9,6,1,3533,52.31,1,44.84,1905,0,55.74,1821,2308,1799,1799,1164,2903,NA,0,5,2710,1,55.8,0,4620,54.29,3,68.88,44.12,43.88,NA,69.44,3,53.02,49.47,47.05,57.6,1310,2422,1454,1980,71.75,5,52.7,75.29,1,2577,59.13,0,0,63.83,5,54.72,0
594,0,44,11,8,1,2583,49.57,6,56.49,2624,1,46.95,1677,NA,1117,1375,2069,3213,1,0,5,NA,1,57.25,0,1537,50.31,3,NA,48.84,61.59,32.99,29.35,6,66.97,39.99,55.37,38.03,2018,2114,1351,1785,52.96,0,44.63,47.62,1,797,54.02,2,0,53.17,0,51.24,1
595,0,23,0,6,0,5839,55.28,4,51.39,5197,0,64.24,712,1184,2555,1510,3435,NA,1,NA,2,1953,0,54.51,0,3006,NA,NA,70.82,32.49,61.18,44.4,56.89,0,55.99,47.58,47.87,NA,NA,1688,2031,1206,55.31,0,NA,NA,1,1242,43.03,1,1,58.86,4,NA,1
596,1,51,9,2,1,2086,50.04,NA,50.82,2075,1,45.73,3041,1886,2121,2681,NA,863,0,0,2,2537,1,54.21,NA,2036,37.15,5,48,49.55,42.35,54.67,60.99,2,36.81,61.46,38.25,46.46,1382,905,1011,1794,61.39,4,55.97,44.27,1,1149,37.72,5,0,56.83,1,50.89,NA
597,0,18,4,3,1,2154,43.28,3,NA,1870,1,50.16,1895,1832,967,1563,944,3236,1,1,5,1279,1,51.17,0,1730,41.38,5,45.3,67.71,66.69,59.43,63.04,2,56.16,57.06,47.37,62.91,1587,1117,808,1331,52.63,2,53.2,61.82,1,946,50.67,5,0,57.54,5,68.62,1
598,0,48,6,6,1,1138,43.86,5,54.82,1832,0,49.56,1126,1477,872,1849,1144,2144,0,0,NA,952,0,52.49,1,1172,40.51,5,NA,50.49,33.33,32.57,50.12,2,36.38,51.71,57.58,65.59,602,565,613,767,43.37,4,51.54,53.18,1,1600,59.37,3,NA,59.71,4,NA,1
599,1,34,4,1,1,1321,47.62,3,48.97,1110,0,NA,1484,NA,2737,1675,779,2224,1,0,3,NA,1,49.67,0,992,49.57,2,35.91,71.21,37.58,47.26,34.12,4,59.59,37.76,55.27,55.25,3266,2767,3022,2305,72.22,4,50.36,23.16,1,835,39.39,4,0,32.22,3,18.87,NA
600,0,39,7,2,1,1303,50,2,43.7,728,1,49.99,687,287,742,298,962,1323,1,0,4,845,1,47.15,1,1354,37.72,2,NA,38.12,38.65,58.11,37.4,5,65.11,69.58,47.51,60.32,2228,1779,1620,1356,62.33,0,49.19,NA,1,1456,36.72,5,NA,49.12,4,55.59,1
601,0,41,20,3,1,3473,44.41,3,47.8,2568,0,40.99,1342,1364,722,1300,1045,NA,NA,1,2,2388,0,54.43,NA,NA,57.89,2,50.81,29.87,40.3,44.94,34.77,NA,67.47,NA,33.67,65.57,1019,887,1558,2297,68.23,3,59.63,68.3,0,1804,43.43,2,1,71.23,4,79.71,1
602,0,31,7,6,0,5395,NA,4,NA,990,1,47.46,1408,1675,2092,1718,1227,564,1,1,1,NA,0,44.42,0,1439,46.02,4,50.23,47.24,47.69,48.11,49.61,1,NA,53.53,44.76,58.01,1287,1109,1082,1467,50.46,NA,54.12,44,1,NA,43.57,3,0,35.18,1,57.35,1
603,0,20,8,4,0,3281,47.39,3,68.7,2189,NA,76.35,1862,1751,1279,3369,2346,1229,0,0,5,1546,0,46.26,0,1234,43.74,2,60.02,49.47,60.24,NA,43.79,0,55.02,47.49,40.13,41.37,2379,1191,NA,2502,78.78,6,72.77,57.17,1,1864,64.28,2,0,47.03,4,36.87,0
604,0,75,9,4,0,4113,NA,NA,62.91,1882,0,60.85,618,708,645,2415,850,2040,1,1,6,1546,0,59.19,1,1027,38.99,5,44.59,25.54,56.01,54.31,47.29,2,57.2,46.77,46.23,40.67,1372,2698,NA,2051,NA,4,66.68,48.54,0,1525,39.99,2,NA,61.46,4,59.24,1
605,0,40,10,3,0,1586,52.19,2,56.42,2796,1,57.24,NA,2582,1187,2494,1344,1500,0,1,NA,1635,1,50.33,NA,3121,42.31,4,55.52,57.78,51.35,72.44,48.78,3,40.74,45.56,46.47,43.37,488,429,415,343,39.9,1,47.33,41.45,NA,1810,53.16,3,NA,40.38,1,35.55,0
606,1,22,0,6,0,728,62.45,5,23.5,1225,0,49.27,481,955,1622,770,783,718,0,NA,2,548,0,45.41,0,597,46.9,2,NA,63.33,47.33,NA,NA,2,47.2,57.23,44.4,52.46,1526,939,NA,906,55.33,2,67.26,46.49,1,1355,40.1,4,1,56.64,4,NA,0
607,0,36,9,7,0,1538,NA,2,60.73,2647,1,59.77,960,1026,679,849,753,826,NA,0,3,717,0,53.61,1,1978,52.82,3,52.7,45.79,43.52,44.45,44.46,5,29.92,39.91,58.03,NA,1600,1171,1568,2015,54.45,4,45.45,36.69,1,962,48.69,NA,NA,44.84,3,42.79,0
608,0,53,6,3,0,4115,42.04,1,53.85,1026,1,56.93,NA,1128,1090,NA,1023,2174,0,1,NA,1568,0,53.94,NA,2300,61.69,4,NA,55.57,57.31,51.2,51.45,3,37.28,66.92,NA,NA,1117,1348,1650,NA,30.2,3,50.57,46.8,0,792,46.33,8,1,43.44,1,36.29,1
609,0,44,15,4,1,2259,62.99,1,66.52,2074,1,85.49,671,911,NA,819,1079,1120,0,0,3,799,1,49.49,1,1038,58.48,4,47.98,60.19,47.96,36.33,NA,3,44.18,42.73,40.86,47.88,1378,2610,2143,2609,53.77,5,58.81,47.79,0,1005,57.33,4,1,48.47,3,58.46,0
610,0,38,12,2,1,4271,36.78,4,53.42,1419,1,51.8,989,1293,683,793,2297,1063,0,0,3,1053,1,NA,1,NA,36.65,2,54.33,46.74,53.39,42.4,NA,3,46.71,46.71,NA,52.18,1625,1769,2312,2479,46.52,NA,NA,40.78,0,642,36.22,3,1,32.09,2,48.82,1
611,0,53,5,2,1,3293,45.46,3,51.4,2556,0,NA,4197,1258,1612,1640,1264,899,1,NA,NA,NA,1,65.31,0,1706,24.56,2,NA,67.2,NA,58.82,NA,2,58.35,50.77,60.44,50.87,1151,1662,NA,1639,46.26,2,41.62,37.14,NA,1048,49.42,4,NA,NA,0,37.56,1
612,0,44,6,3,0,5171,49.75,1,50.68,1244,1,37.05,1046,1886,1491,1603,3407,4615,1,1,5,3010,1,64.51,1,904,35.87,4,NA,41.97,47.7,52.74,60.82,0,55.99,55.11,44.53,55.58,705,1140,1030,1209,53.8,2,72.55,71.28,0,2615,61.6,2,1,53.85,5,50.26,NA
613,0,31,5,4,1,1724,NA,4,58.11,1003,0,52.21,2897,1239,1944,1753,1014,2460,NA,1,2,2490,0,55.29,0,NA,63.98,0,42.3,46.38,54.25,46.23,49.11,4,NA,59.81,49.26,58.57,1137,691,667,884,46.37,1,51,NA,1,NA,31.75,6,0,38.43,0,30.57,0
614,0,47,4,2,1,1366,53.04,5,47.77,1100,1,32.37,986,1627,1693,837,872,NA,0,0,5,2339,0,59.26,0,1066,58.66,2,39.27,43.91,56.22,45.85,45.16,2,NA,49.38,50.93,60.64,384,1015,587,857,34.42,NA,43.45,48.57,0,896,27.51,4,1,35.83,NA,42.24,1
615,0,20,0,3,1,729,NA,5,40.34,1179,0,43.86,711,562,1217,672,646,1550,0,0,4,1777,0,38.68,1,427,NA,1,59.56,45.42,NA,60.25,38.03,1,51.62,55.79,59.21,40.66,818,1009,703,874,51.78,4,12.31,22.62,0,1178,29.88,7,1,37.58,0,18.74,NA
616,1,42,9,3,1,576,43.76,6,NA,741,0,35.16,NA,1923,1322,2256,2284,1199,0,0,4,1051,0,52.36,1,2055,45.65,4,43.96,33.08,42.81,28.73,57.22,5,44.91,37.06,39.41,51.71,NA,1057,1342,1128,44.85,NA,38.56,38.65,0,2885,44.45,2,1,38.12,4,46.97,0
617,0,35,3,5,0,1267,34.71,NA,NA,971,NA,NA,3034,1853,NA,2719,892,417,0,1,2,3281,1,67.13,1,1292,42.03,2,61.04,58.36,62.67,52.15,NA,2,42.5,NA,64.94,32.35,NA,687,557,535,56.1,0,51.95,47.72,0,1522,45.66,4,NA,48.1,6,43.76,NA
618,0,42,1,7,1,847,NA,4,45.43,554,1,55.07,1530,599,556,807,1377,727,1,0,NA,849,0,27.64,0,443,50.81,3,37.76,45.6,50.29,22.26,35.49,2,40.58,51.41,46.12,62.52,948,1010,NA,667,41.38,2,48.72,54.14,0,3124,NA,1,1,64.07,3,62.72,0
619,1,46,12,4,0,872,31.87,4,25.93,1674,0,46.32,867,360,1151,907,386,1284,0,0,0,811,1,43.76,0,900,70.38,2,62.82,53.57,59.4,50.7,56.62,7,54.26,68.45,41.22,NA,2035,762,2333,1281,39.63,2,55.69,57.88,0,2464,40,2,0,59,4,46.16,1
620,0,64,7,6,1,3250,43.42,3,63.8,640,0,51.45,437,708,734,815,1047,1704,0,0,4,1558,1,49.04,0,818,NA,3,62.98,70.55,51.49,46.43,NA,0,57.47,63.08,NA,68.19,952,1037,1078,657,NA,5,54.23,45.17,NA,1510,51.25,3,1,46.99,3,56.1,0
621,1,32,4,2,1,6053,46.1,0,39.19,681,1,35.25,NA,1162,2500,1015,1310,1506,0,1,1,1592,1,55.74,NA,1051,28.74,2,42.03,34.94,39.98,61.83,29.53,2,43.76,61.71,52.5,46.09,3021,2668,3103,2046,NA,5,60.16,NA,1,NA,47.99,NA,1,44.05,3,29.46,0
622,1,30,11,3,1,1148,NA,3,45.75,1529,0,44.26,1858,479,1964,1749,1574,404,0,0,2,550,0,29.61,0,1421,36.67,6,52.78,30.3,43.89,NA,53.44,2,47.64,55.79,31.5,37,2233,1305,1335,NA,51.81,5,45.47,NA,1,399,29.72,5,0,36.1,2,35.49,0
623,0,33,0,4,0,538,53.05,5,NA,704,1,53.2,908,484,1594,1702,1644,422,0,0,1,742,0,38.28,0,NA,41.63,7,NA,52.81,37.45,37.19,43.8,3,48.82,43.76,52.94,NA,1145,NA,1278,624,32.48,0,39.67,28.06,0,524,33.32,4,1,51.46,1,34.1,0
624,1,55,10,1,0,1185,52.42,6,47.15,681,1,44.07,2158,2067,2405,2324,3875,NA,0,1,2,656,0,51.5,0,740,26.64,2,51.75,37.75,44.73,46.88,48.09,3,64.58,38.31,51.23,60.42,NA,2719,2627,1655,37.12,NA,43.42,66.7,0,1471,46.65,2,NA,62.95,4,59.7,0
625,0,37,0,1,0,2328,62.75,3,31.32,1496,0,46.55,1629,1464,1493,1726,1322,1185,1,0,1,1034,1,51.65,NA,521,38.04,3,34.68,53.05,59.37,49.84,36,5,55.2,39.39,NA,38.54,1916,2028,1775,3521,51.54,4,56.51,54.25,0,1135,56.5,NA,NA,44.94,5,56.93,1
626,1,45,10,2,1,2817,44.9,3,43.03,2451,1,43.92,1359,669,1286,549,1673,1674,1,NA,5,1697,0,NA,1,445,51.04,3,60.98,50.03,50.06,51.23,41.74,1,44.56,NA,62.14,48.11,1001,880,1349,1217,56.94,4,NA,50.29,0,1132,42.6,4,1,53.26,3,40.84,0
627,0,49,3,4,1,1345,60.23,3,36.6,1854,0,52.46,782,856,880,1658,1157,2310,1,NA,6,1630,1,49.29,0,974,36.35,4,50.11,53.96,NA,72.97,54.02,0,57.34,41.04,55.05,NA,3886,3572,NA,2137,57.81,4,35.6,53.17,1,1222,41.27,4,NA,55.96,2,65.36,1
628,1,30,5,8,0,1265,45.92,4,47.37,769,0,44.6,490,930,1122,1468,856,1400,0,0,4,NA,0,52.47,0,637,45.09,1,NA,40.36,NA,49.28,45.83,4,60.72,62.02,42.55,NA,1995,757,1289,878,49.54,1,49.77,58.86,0,1319,57.66,NA,1,33.52,3,59.23,NA
629,0,41,7,4,1,1138,57.14,5,53.78,1999,0,46.11,1373,1809,1284,3585,1223,1422,1,NA,3,522,1,53.91,0,2781,53.08,4,41.48,39.48,45.05,NA,53.82,2,61.15,35.87,57.28,26.19,NA,4590,3635,NA,53.35,2,54.75,71.35,1,3452,69.74,NA,1,66.93,3,62.95,1
630,0,35,7,3,1,1705,49.78,3,40.77,2265,0,55.28,1129,941,NA,1253,1504,1307,1,0,3,NA,0,53.52,0,1413,45.63,2,57.35,57.77,56.51,49.87,NA,3,46.24,57.04,NA,61.67,1416,1088,1215,932,56.55,3,46.34,62.31,0,2412,48.36,1,0,56.57,4,59.78,1
631,1,52,12,2,0,2589,56.64,5,50.73,1537,1,58.47,2428,1930,1564,NA,1737,1316,0,0,3,1420,1,50.8,0,1070,40.52,2,41.74,66.31,45.02,60.96,NA,3,48.61,64.09,NA,57.5,297,518,471,291,41.9,3,62.02,55.98,0,921,61.18,1,1,42.28,3,59.54,1
632,0,35,8,3,1,1535,NA,5,40.21,3646,0,33.96,700,1311,1528,1085,1107,1677,1,NA,5,865,NA,73.41,1,2082,33.05,6,56.85,62.37,55.21,57.03,NA,2,44.3,64.76,52.98,56.82,1187,1408,1790,899,41.63,3,45.78,40.18,1,1436,37.15,4,1,45.71,2,30.73,1
633,0,50,5,7,1,2236,35.65,2,31.49,1567,0,34.77,1005,1547,1611,1453,609,NA,0,0,4,1763,0,48.7,0,NA,38.27,3,58.57,52.12,59.89,NA,43.39,1,53.71,63.95,NA,59.65,2038,2925,2105,2007,36.59,0,29.52,50.43,0,803,54.12,3,NA,NA,4,55.63,NA
634,1,18,8,3,1,1041,44.28,4,46.97,1333,1,31.72,3379,NA,536,1186,1129,2017,1,1,NA,1701,0,37.79,1,NA,54.93,3,49.13,41.45,57.94,46.22,50.88,2,44.19,55.59,46.74,53.51,2715,1827,1596,1709,55.9,3,36.14,NA,0,1071,40.28,6,1,41.14,3,43.01,0
635,1,35,16,4,0,1116,NA,1,69.76,NA,0,61.17,2676,743,722,NA,2017,1162,1,1,4,2801,1,54.24,NA,1068,44.97,3,52.58,55.86,49.77,66.17,52.96,4,34.95,NA,34.78,41.43,NA,647,1130,1257,32.46,5,60.63,51.99,1,2601,72.61,0,NA,47.69,8,63.6,1
636,0,30,2,4,0,1439,65.28,3,41.12,2883,1,57.03,NA,892,NA,723,305,1850,1,NA,4,1393,0,50.3,1,1600,NA,5,39.12,47.74,58.08,49.02,73.35,6,40.73,NA,NA,39.29,NA,945,2269,782,52.68,4,33.77,19.38,0,566,28.4,4,NA,40.52,3,42.33,1
637,0,18,8,7,0,989,59.09,3,32.45,2744,0,44.57,461,915,1595,1575,1003,266,1,0,0,1151,1,36.61,0,1665,62.02,2,46.12,38.63,51.01,44.7,48.11,4,41.14,48.07,52.36,46.72,2547,1642,2198,2636,48.61,4,38.98,34.19,0,452,45.21,NA,0,35.13,1,38.22,1
638,0,47,7,4,1,4048,44.74,NA,53.11,2474,1,57.9,3859,3331,5015,1261,1897,3032,1,0,4,NA,1,41.12,1,1702,57.51,4,NA,36.88,57.49,NA,26.56,NA,47.73,45.51,47.1,51.98,629,NA,1234,1144,29.77,2,59.91,59.04,0,1110,35.56,4,1,53.9,1,52.34,1
639,1,54,1,1,1,1726,39.37,6,55.55,934,1,68.92,3118,3209,2674,5428,6537,NA,1,1,NA,2301,NA,43.18,1,628,53.54,0,54.08,66.96,52.36,45.92,40.38,0,45.68,68.19,54.23,69.59,1766,1276,2837,2569,47.23,3,48.41,61.29,1,1969,NA,2,NA,50.83,2,54.85,1
640,0,45,6,3,1,1426,29.44,6,28.47,1172,0,NA,2117,1112,1762,1616,NA,1066,1,1,4,904,0,62.06,1,935,47.59,6,51.67,39.4,49.88,NA,49.44,3,44.43,66.25,56.13,69.21,1038,997,839,659,50.73,3,44.38,37.67,0,1289,41.87,4,NA,32.81,2,42.98,0
641,1,45,10,4,0,3256,50.16,NA,55.52,851,1,48.81,2971,1726,3194,5288,1293,NA,1,1,4,1451,1,69.75,0,2248,46.81,NA,58.78,67.16,53.15,55.72,70,2,58.23,78.41,NA,46.01,4061,3913,3499,3747,50.82,3,57.04,60.5,1,1549,NA,1,0,43.92,4,57.66,0
642,0,34,3,5,1,846,37.77,4,29.09,1320,0,40.37,1691,610,986,917,935,1233,0,1,2,2635,1,50.12,0,NA,42.94,2,43.12,35.68,52.17,61.77,50.38,2,44.87,53.33,48.56,33.85,1006,754,868,702,29.52,0,43.59,58.24,1,1747,38.77,NA,0,57.05,3,50.37,0
643,0,25,5,1,1,1745,34.09,4,NA,901,1,35.36,877,1551,1243,1102,NA,1649,0,1,0,1674,1,43.5,1,629,49.58,0,62.25,43.19,56.33,NA,38.27,5,36.69,44.53,NA,48.67,1717,1443,1508,1206,50.42,2,35.31,43.92,1,1203,38.73,4,0,53.33,2,38.06,0
644,0,61,7,5,0,4693,55.82,4,63.06,2025,1,51.41,1872,2189,1117,3262,1059,2722,0,1,5,2751,1,54.73,1,3837,46.2,2,48.12,42.98,55.2,65.17,53.93,3,62.09,65.95,37.3,NA,3731,7830,4321,2476,60.68,4,57.17,53.12,0,3209,51.86,0,1,46.93,1,46.96,1
645,0,35,10,5,0,2776,NA,4,56.71,815,1,66.51,824,2596,1713,1195,1556,1112,1,NA,3,1237,NA,61.09,0,2013,53.42,2,56.53,48.49,39.83,34.6,NA,4,49.45,46.65,NA,48.46,1080,1556,NA,2444,42.9,4,63.77,39.29,1,1635,44.89,4,1,48.05,NA,47.14,1
646,0,28,8,6,1,2169,38.75,3,45.98,1195,0,54.3,1646,644,2180,2974,1359,2296,0,NA,NA,447,1,57.45,1,NA,45.66,1,44.04,54.77,63.32,40.02,71.11,0,59.37,37.6,59.28,53.29,1780,1871,2202,1787,48.47,1,51.38,52.62,1,1469,37.29,NA,0,41.69,4,55.98,0
647,0,42,6,3,0,1309,NA,2,54.35,2728,1,67.41,1386,805,1860,2471,1309,480,0,0,0,815,0,55.55,0,912,49.7,2,48.82,43.24,44.16,58.3,41.79,2,60.09,57.22,57.61,58.31,1983,1380,2218,3279,65.21,2,43.5,NA,0,933,61.24,2,0,NA,3,56.49,1
648,1,57,3,5,1,1148,53.8,3,NA,1248,0,NA,1061,2119,1821,NA,2756,NA,1,0,3,NA,1,48.86,0,1848,50.24,5,65.54,50.38,55.6,44.45,59.78,4,NA,49.75,55.82,52.62,894,882,1382,691,43.82,2,43.95,NA,1,861,52.99,3,1,53.88,3,38.79,1
649,1,40,13,7,0,3051,36.46,3,58.6,592,1,15.93,1000,2019,744,1550,NA,1417,0,0,3,873,0,NA,0,824,44.79,2,48.25,50.91,62.87,58.11,69.15,0,51.71,44.38,58.96,50.73,1876,2855,1926,2142,58.32,3,NA,45.3,1,1083,38.75,5,0,25.55,3,48.74,0
650,0,38,4,5,0,1903,40.21,NA,38.91,1596,1,41.4,1813,1744,2993,1323,1487,2353,1,1,1,1706,1,53.99,0,1089,60.71,5,53.81,48.64,44.44,54.58,52.85,3,48.25,42.23,56.43,50.33,971,1160,1017,1037,62.76,5,44.09,42.15,0,2925,39.11,3,1,32.39,3,49.65,NA
651,0,36,7,6,0,1361,62.14,3,49.7,1385,0,56.78,1669,1448,3844,900,981,469,0,1,3,806,1,52.17,0,990,56.38,2,51.89,29.03,48.2,56,49.41,2,57.24,42.2,58.2,NA,1904,NA,1917,1274,NA,2,50.84,52.84,1,1822,60.4,0,1,58.21,4,53.75,1
652,0,46,10,4,1,1605,59.76,3,54.77,451,1,44.67,1900,827,2931,3292,1115,990,1,1,4,1640,1,45.41,0,2809,40.21,4,51.21,28.2,NA,NA,43,3,60.19,36.28,49.74,41.76,1681,2099,2814,2406,52.08,3,54.57,NA,1,1889,35,NA,1,33.47,1,45.62,0
653,0,42,6,7,0,2224,27.66,4,36.39,1101,0,41.67,1223,464,1124,NA,881,NA,0,1,0,633,0,NA,1,1492,39.39,4,57.26,67.09,50.51,47.97,41.9,3,34.38,34.86,NA,42.8,570,NA,896,NA,52.98,1,40.12,43.89,0,772,51.78,5,1,37.65,3,55.8,1
654,0,34,15,4,0,3883,48.54,NA,25.99,1230,0,47.01,1016,2145,1771,1590,NA,856,0,1,1,NA,NA,NA,1,888,45.06,2,51.68,56.57,50.86,37.79,42.78,2,57.19,53.3,48.67,58.62,3709,2659,2457,3258,55.6,2,56.52,37.91,0,2235,47.65,5,0,44.03,3,41.2,0
655,1,48,3,6,1,1793,52.73,4,45,1263,0,NA,1012,750,2616,2294,1675,3658,1,1,4,3766,NA,67.39,0,1922,40.24,4,55.37,70.88,40.01,59.46,56.03,2,60.57,35.5,49.07,52.42,11463,4592,3719,4566,50.35,3,40.36,61.63,1,1428,43.41,5,1,50.41,3,40.58,NA
656,1,33,16,7,0,2308,50.09,2,44.52,466,1,43.7,377,1139,842,1775,1267,NA,0,1,2,1031,1,42.46,1,1478,41.28,2,47.89,61.23,58.72,40.93,54.41,2,38.08,54.12,36.85,40.53,361,744,534,589,NA,4,43.02,66.66,1,5925,64.57,0,1,64.17,7,79.66,1
657,1,30,7,4,0,2189,51.9,4,58.05,771,1,47.3,1795,2207,991,1772,1675,1395,1,1,3,2495,NA,41.46,0,2070,51.02,3,48.81,41.65,53.6,60.7,44.4,1,47.44,47.22,53.16,46.47,NA,2850,1869,2311,53.84,5,60.18,NA,1,790,56.76,3,NA,55.01,3,43.38,0
658,1,24,7,4,0,2645,49.69,3,54.52,3282,1,73.3,4047,1138,2060,2241,NA,2498,NA,1,3,1870,1,75.02,1,2738,49.12,2,58.46,63,50.09,53.49,58.62,2,52.66,52.64,59.78,45.48,1424,1402,1115,1983,67.63,NA,58.78,67.26,0,1307,47.58,4,1,60.37,4,60.05,1
659,0,23,7,4,0,1325,56.19,2,67.05,1128,1,60.61,1696,1375,1361,1706,NA,1339,0,0,2,556,1,34.75,1,964,69.35,1,41.87,15.47,47.64,44.69,37.73,4,36.24,43.21,38.85,37.91,1946,1920,1846,1819,63.63,7,38.71,67.87,0,820,46.13,4,0,51.38,3,NA,0
660,0,49,5,4,0,1181,48.8,4,47.95,1322,0,42.03,NA,1513,1161,738,939,1180,0,0,4,1595,1,41.86,0,1696,NA,1,37.76,59.88,NA,65.77,44.9,0,56.9,47.11,58.34,42.2,1154,1039,888,2074,36.82,0,37.07,50.62,0,1183,32.61,NA,NA,44.81,3,50.72,0
661,0,51,18,5,0,2451,55.83,NA,48.04,2264,0,61.93,490,851,1684,687,NA,1319,1,1,1,1153,0,42.21,NA,1715,58.24,5,NA,46.17,NA,52.43,40.38,5,34.16,37.74,55.34,46.44,2176,1196,1107,960,38.47,4,57.87,NA,1,392,36.04,NA,1,41.13,0,37.75,1
662,0,31,9,3,1,940,39.4,1,32.65,NA,0,59.12,1266,1380,1472,1472,1100,785,0,1,0,480,0,56.83,0,1528,45.67,2,56.77,28.26,47.22,56.82,54.33,2,47.74,55,29.87,57.41,904,805,1132,NA,40.47,1,25.69,41.32,0,1156,47.47,2,0,53.37,3,55.87,0
663,0,22,13,3,0,1826,52.61,1,65.28,1539,1,46.82,2541,886,1589,1012,1877,1543,1,0,2,NA,0,65.55,0,1859,59,4,53.37,57.16,40.94,34.07,52.23,1,56.6,58.96,42.02,NA,2392,3168,1508,2073,46.95,5,37.64,43.45,1,930,33.89,6,NA,29.94,2,42.52,0
664,1,42,9,5,0,1214,NA,3,47.37,774,1,49.27,740,1614,3034,596,NA,902,1,NA,2,1187,0,NA,1,4424,NA,2,53.94,45.65,NA,54.19,64.46,0,45.62,52.4,55.89,62.28,NA,NA,1997,1046,38.94,2,40.16,NA,1,304,48.07,4,1,45.27,0,35.1,0
665,0,57,6,6,0,3651,39.7,3,NA,1561,0,48.71,919,4522,1701,1729,1102,2505,1,1,5,3070,1,59.72,NA,3133,38.62,NA,52.29,58.13,71.84,65.49,41.1,2,60.83,56.24,43.15,56.14,NA,1148,1094,595,41.39,2,45.53,52.78,0,1462,59.66,3,NA,42.31,3,47.31,0
666,0,24,9,7,0,2383,70.62,NA,73.12,3001,0,63.02,576,1540,NA,890,577,629,0,0,0,625,1,21.64,0,1804,58.51,NA,48.89,53.68,NA,47.22,33.39,NA,39.75,33.11,46.89,44.38,1777,2162,NA,2191,55.65,6,55.11,49.77,1,1115,24.65,2,1,51.38,5,51.27,1
667,0,43,10,4,0,2577,45.19,2,58.28,669,0,40.84,1228,2742,1481,4268,3560,1523,0,0,2,NA,0,50.64,NA,1191,40.77,3,33.66,46.67,51.61,34.91,51.33,4,45.54,50.63,28.86,56.68,996,607,872,1047,54.88,2,46.42,41.18,0,1146,43.91,1,NA,46.55,3,48.97,1
668,0,48,7,3,1,7637,44.74,NA,69.56,841,1,60.79,770,1167,545,1216,1800,482,0,0,7,792,1,57.1,0,1484,33.64,2,43.88,38.49,NA,53.76,43.36,4,48.72,50.55,71.62,48.66,1748,1611,2720,2543,63.51,4,39.86,55.95,1,974,42.02,1,1,48.37,4,57.04,0
669,1,45,6,3,1,2541,39.93,5,43.81,2771,1,64.56,1109,2988,1230,995,NA,1034,1,1,2,NA,1,45.17,1,897,47.37,3,NA,59.18,64.66,65.98,49.03,1,54.87,67.78,44.77,NA,5592,3168,2936,3338,55.15,1,NA,57.84,0,950,51.25,5,1,31.3,2,30.25,0
670,1,39,12,4,1,955,NA,5,38.38,1443,1,52.3,1170,3783,3636,2109,1508,628,0,0,4,519,0,60.96,0,796,44.86,3,52.55,32.14,53.77,47.93,68.79,6,37.23,41.29,34.06,48.01,1823,2293,3189,2072,51.92,3,51.36,51.1,0,1035,34.19,3,0,50.75,0,50.81,1
671,0,42,11,8,1,1555,NA,4,NA,2721,1,40.85,1131,1317,1339,803,1418,696,1,1,0,859,0,NA,NA,559,67.79,4,44.01,46.82,37.74,54.69,50.05,0,62.52,47.13,29.5,42.08,1116,437,499,886,29.48,NA,43.83,37.34,1,1502,40.99,3,1,57.19,4,NA,0
672,1,28,6,3,0,728,56.41,2,40.57,1095,0,49.81,5004,1566,1283,1236,1058,969,0,1,3,3250,0,52.25,1,NA,51.47,0,31.61,52.07,57.96,40.19,59.76,3,36.85,30.43,45.35,NA,1396,1246,1487,1315,56.45,1,53.91,42.33,1,744,41.99,4,0,41.32,3,49.18,NA
673,0,44,5,3,1,4018,56.56,3,75.26,1002,0,53.96,1078,NA,683,961,3044,2403,0,0,2,326,1,NA,0,NA,51.91,2,42.31,56.43,72.35,43.59,51.36,6,41.4,40.95,37.61,41.43,NA,973,677,533,51.11,3,52.32,64.48,1,5244,51.52,1,0,64.3,6,70.53,0
674,0,30,9,4,1,1377,78.69,NA,73.92,6234,0,48.25,NA,597,1616,1274,1712,3165,0,1,7,2557,1,60.3,NA,1333,NA,4,53.1,59.72,48.72,32.54,51.1,0,57.03,45.83,62.28,62,1010,1213,1104,964,60.94,5,56.52,49.23,0,1673,46.75,5,0,35.11,1,59.88,NA
675,0,38,6,3,1,895,60.39,NA,NA,NA,0,53.88,2387,1533,1710,1346,829,1704,1,0,0,1119,1,51.66,0,NA,51.25,4,56.73,44.05,55.93,50.55,50.5,5,52.64,43.54,47.48,45.14,936,868,936,635,55.68,4,64.91,54.36,0,NA,60.31,4,0,47.99,4,47.26,0
676,1,35,6,3,1,1911,NA,1,69.31,1022,0,48.61,705,1381,1501,1110,1945,3614,0,NA,NA,3659,0,35.55,0,1902,45.65,4,NA,50.99,39,56.78,65.07,2,50.01,57.22,49.86,63.83,NA,1709,1202,2000,47.48,1,38.48,57.4,1,1598,35.22,NA,1,53.91,0,58.26,1
677,0,54,11,2,1,5017,65.41,1,65.58,2101,1,70.11,2091,1370,675,2039,1622,2773,1,1,6,2966,NA,72.18,1,2919,45.89,5,62.98,44.03,66.63,35.26,50.15,3,48.42,57.37,37.63,58.24,NA,1749,2443,1759,46.24,5,55.61,NA,1,4571,58.11,0,0,59.75,8,66.28,1
678,0,54,6,4,1,3215,59.04,2,NA,2159,1,48.7,NA,NA,746,1383,933,2028,0,1,2,1343,1,NA,0,1112,NA,3,53.33,54.57,37.96,55.8,48.51,1,62.64,57.28,57.69,55.54,NA,2161,2125,3576,51.85,4,44.91,NA,1,2463,51.59,0,1,46.26,4,44.16,NA
679,0,52,10,2,1,1998,78.69,2,NA,1605,0,67.1,3430,1951,NA,1572,1183,1205,1,NA,1,859,1,38.74,0,784,NA,4,68.04,32.15,54.92,28.96,44.78,3,30.01,42.89,43.37,41.53,NA,NA,1445,903,38.71,4,46.1,64.42,0,1332,56.54,4,1,52.82,2,43.5,1
680,0,24,5,6,1,1732,61.54,5,37.05,1912,1,57.55,411,2884,1225,NA,2127,NA,NA,0,4,1290,NA,56.96,1,NA,65.29,6,35.68,40.28,50.45,47.53,39.86,6,55.94,48.96,45.02,53.17,3147,1387,1758,1071,54.25,1,41.58,44.02,1,1717,52.74,3,0,60.54,3,59.13,1
681,0,38,0,1,0,2737,45.52,3,54.57,2320,0,40.85,1493,1073,1650,690,838,2256,0,0,NA,1185,1,36.96,1,1681,49.28,3,37.45,56.42,58.49,51.82,41.66,2,46.51,52.77,40.83,47.05,1036,1402,1188,2082,47.19,4,54.82,57.14,0,1599,54.91,5,0,36.22,3,49.6,0
682,0,37,9,4,0,2738,NA,4,48.3,1547,0,70.19,1628,2247,2387,2995,5803,2577,0,NA,3,NA,1,51.08,1,NA,43.36,4,55.6,64.21,43.06,56.38,NA,4,45.82,44.84,47.4,60.84,NA,1137,1028,1012,51.74,5,NA,NA,1,1991,52.5,5,1,58.35,3,59.59,NA
683,1,67,0,4,1,1628,53.25,4,59.77,1565,0,55.45,1865,944,1477,NA,1952,1269,0,0,3,1659,1,46.16,1,546,51.53,6,58.11,48.31,59.18,63.52,25,2,46.73,44.83,44.21,43.82,3132,1848,1521,1942,NA,2,40.58,40.2,1,930,56.84,3,1,39.99,3,39.11,0
684,1,57,5,3,1,2696,48.99,1,NA,1618,0,66.24,1087,1582,568,798,NA,NA,0,0,NA,2789,0,59.77,1,814,39.87,0,60.52,66.9,66.08,51.24,56.71,1,62.89,52.41,63.14,51.07,1621,1099,841,831,42.71,2,49.57,74.05,1,1405,68.53,3,1,64.73,5,NA,1
685,0,36,9,2,1,2157,NA,NA,52.87,1550,0,NA,2658,2191,2308,1615,3783,753,0,NA,4,964,0,43.41,0,1617,51.4,5,65.1,45.37,34.01,NA,51.82,5,58.55,44.11,53.51,NA,731,1005,900,1025,50.55,2,41.35,53.68,1,1506,NA,3,1,60.63,5,52.07,0
686,0,71,8,8,1,865,48.49,6,46.17,568,0,NA,NA,2914,1063,870,1037,495,1,1,3,849,0,58.71,0,1526,70.09,3,62.56,49.53,53.2,46.02,46.87,3,47.19,43.08,42.06,48.04,NA,1059,685,1172,30.2,0,55,31.7,0,931,36.18,NA,0,NA,3,40.18,0
687,0,26,6,7,0,1585,59.73,3,33.04,2449,1,52.16,996,724,703,488,520,1041,0,0,4,614,0,51.28,1,2135,42.08,6,34.45,50.18,NA,61.03,57.32,NA,57.95,64.25,42.64,68.39,1303,956,578,1023,56.97,2,47.83,52.33,0,864,53.91,4,NA,51.71,4,36.8,1
688,0,43,0,5,1,1223,56.05,5,50.19,1303,1,43.17,2579,3212,3508,2869,3449,1889,0,1,5,1908,0,66.02,0,NA,70.9,3,45.21,56.73,NA,41.9,50.14,5,42.8,45.05,50.87,40.37,1235,1339,1591,1910,53.73,4,21.4,49.47,1,512,45.97,2,1,42.14,2,59.09,0
689,0,40,11,5,0,4090,NA,3,48.02,1462,1,50.66,NA,1343,914,1815,1559,1302,1,1,NA,1422,0,52.19,0,1471,55.65,2,54.72,56.53,73.97,64.66,NA,NA,45.69,48.77,58.81,41.57,1627,2009,1801,1643,46.48,2,79.49,52.39,1,1524,48.58,3,1,55.38,4,41.85,1
690,1,37,10,3,1,5319,46.94,4,36.63,1197,NA,56.29,737,1360,2572,1675,1136,5018,0,1,4,NA,0,71.78,1,2580,62.43,3,61.71,50.74,NA,44.31,51.78,4,34.14,58.55,40.51,30.61,1398,620,1372,1712,55.54,NA,64.91,72.27,1,3323,59,4,1,52.64,4,60.36,1
691,0,36,8,4,0,1963,NA,4,51.9,915,1,51.05,1273,NA,2675,1791,1653,NA,1,1,1,1269,0,53.74,0,NA,57.25,3,47.04,58.14,64.38,NA,47,2,52.93,52.8,73.21,46.05,1039,936,1064,909,41.57,3,57.03,35.31,0,2362,47.32,6,1,50.86,2,60.91,0
692,0,49,11,4,0,1438,NA,2,45.9,1110,1,45.48,2871,2952,1983,2313,720,1144,1,0,NA,2168,1,40.39,1,1175,58.56,4,66.29,NA,NA,49.71,56.14,1,63.16,49.08,NA,51.27,1734,3071,2623,3034,NA,1,41.68,51.88,0,952,45.8,5,1,57.67,3,58.47,0
693,0,40,8,6,0,3226,NA,5,66.18,2464,0,38.43,1182,1437,767,485,1399,925,0,0,4,311,0,44.66,0,739,58.7,3,60.78,56.83,66.73,45.52,38.89,1,56.74,57.87,67,54.9,1049,1029,1247,1092,NA,5,59.97,NA,0,1875,47.18,NA,0,52.88,0,46.25,0
694,0,51,7,2,0,891,45.48,NA,47.45,1850,1,NA,NA,1512,831,821,NA,773,1,0,4,1042,1,51.46,0,557,58.99,2,51.21,45,NA,57.46,40.67,7,49.23,29.62,24.85,40.88,914,1238,862,1345,37.94,1,32.88,55.74,1,1002,31.86,4,1,55.63,2,37.66,1
695,0,53,9,4,1,3069,43.63,3,50.37,1785,0,47.08,2587,2181,1879,1695,1330,NA,0,1,4,NA,0,52.51,1,914,63.33,4,57.88,32.21,NA,51.16,36.6,5,53.62,35.4,42.14,31.67,1758,1172,1639,NA,62.41,6,55.09,46.4,1,1367,60.96,2,NA,47.45,4,48.69,1
696,0,38,15,4,0,4436,42.16,1,55.08,868,0,60.43,753,495,1239,1360,951,1077,0,1,5,3077,1,49.79,0,NA,39.16,1,49.32,69.06,31.4,57.12,55.07,1,60.05,48.4,45.07,53.09,3022,2269,2615,3664,56.73,7,66.19,32.8,1,NA,49.46,5,0,43.05,1,57.6,NA
697,0,33,10,2,1,3120,44.8,2,45.65,882,0,55.03,1535,535,NA,1724,863,1737,1,NA,3,1152,0,64.51,NA,705,59.07,4,46.92,41.89,50.85,36.29,NA,4,57.73,51.34,35.56,33.2,1159,1047,1015,NA,47.44,4,42.4,NA,1,2838,47.21,NA,NA,62.07,4,60.65,NA
698,1,60,6,5,1,2742,59.08,NA,46.36,1306,1,NA,1135,1896,NA,2812,2882,5963,1,0,2,1324,1,51.14,1,3309,38.79,5,44.12,60.16,NA,48.8,62.63,3,43.06,34.39,53.76,51.98,2166,1404,1576,1843,NA,3,46,70.07,0,1544,58.03,3,NA,46.41,4,NA,1
699,1,26,12,10,0,2730,NA,1,55.94,3658,NA,68.56,2508,NA,2019,1890,3065,1754,0,1,3,999,1,39.64,NA,2065,50.8,1,48.11,60.87,55.7,NA,58.04,NA,NA,58.28,58.06,63.51,1803,1106,1691,NA,NA,7,45.03,64.97,0,843,53.5,4,1,36.92,3,NA,0
700,0,28,11,7,0,3605,52,4,45.07,782,0,49.88,2507,1972,NA,471,1446,516,0,1,2,1122,0,58.52,0,845,34.6,2,NA,NA,49.6,49.95,58.6,3,48.04,51.95,63.09,35.63,2346,1773,NA,2018,56.53,2,64.7,NA,1,1367,51.04,3,0,42.47,3,51.61,1
701,0,44,12,2,0,3154,49.71,3,53.02,1087,0,49.61,875,893,919,2030,787,1221,1,0,3,1282,0,57.92,1,NA,52.94,4,56.36,50.06,52.96,38.42,47.43,5,57.7,71.19,46.97,58.44,673,1410,1013,1011,54.68,2,44.4,31.9,1,3656,39.54,5,0,39.79,2,55.37,1
702,1,48,1,3,0,2012,57.27,5,40.15,577,1,46.06,824,987,NA,1863,1682,977,NA,0,2,755,0,36.83,1,540,NA,2,NA,53.01,NA,60.29,58.05,0,57.99,49.02,NA,37.76,1015,1122,927,1171,50.55,4,53.63,55.9,1,2839,57.42,2,1,51.85,4,58.51,1
703,0,60,9,8,0,1115,60.49,3,48.01,NA,1,67.8,2036,2626,711,759,715,2002,0,0,3,NA,1,53.01,1,704,52.59,2,53.45,39.6,NA,NA,45.83,3,NA,54.23,46.47,36.48,877,1264,963,645,49.56,2,38.47,42.68,0,1050,43.95,4,0,47.23,3,48.61,NA
704,1,52,4,6,1,1204,49.52,0,32.89,1034,0,50.25,379,416,1464,913,508,914,1,0,4,NA,0,60.81,1,855,55.63,0,NA,39.07,NA,57.81,46.21,0,NA,46.31,47.68,46.26,589,1106,606,526,53.59,NA,40.96,49.04,0,1757,47.96,1,1,62.22,3,NA,1
705,1,36,11,6,1,983,54.24,0,44.21,1126,1,60.72,NA,342,377,540,684,2515,1,0,2,706,1,61.75,NA,3333,54.07,6,50.47,42.51,49.29,51.82,66.72,3,58.89,37.53,61.83,54.52,1533,783,1110,1167,59.16,2,48.55,49.04,0,540,36.61,3,NA,47.93,2,50.13,0
706,0,48,2,3,0,3041,55.15,3,45.01,1091,1,44.66,1273,1944,2066,3521,3693,NA,0,1,4,1223,1,64.15,1,2949,46.55,4,63.96,57.07,52.07,44,56.01,1,67.5,56.61,NA,53.3,1775,1136,2108,1875,44.9,6,69.08,50.47,1,1855,56.73,2,1,54.43,5,51.15,0
707,0,58,10,7,1,2120,61.27,3,41.14,1154,NA,67.33,913,952,933,1162,296,1883,0,1,NA,880,1,NA,1,648,NA,1,58.96,NA,54.44,42.65,NA,3,51.18,62.67,57.07,75.98,475,842,NA,543,32.2,2,41.11,52.94,1,2212,57.87,4,1,69.75,5,53.27,1
708,1,27,9,3,1,742,74.18,5,63.44,1072,0,53.31,1699,1779,814,981,1345,NA,0,1,4,1194,0,52.79,1,755,71.85,5,31.22,48.93,NA,53.54,NA,5,66.96,52.78,42.53,40.94,885,1512,NA,894,40.61,3,40.16,NA,1,1123,37.66,0,1,70.84,4,71.24,0
709,0,42,14,4,0,3238,NA,2,57.4,1638,1,54.2,NA,1757,2118,NA,1056,1960,0,1,4,1615,1,33.13,1,505,46.75,7,51.73,41.9,57.69,75.25,52.34,3,71.88,50.36,52.94,57.54,2617,2262,3155,2591,54.94,3,37.35,51.41,0,1494,61.01,NA,1,41.64,3,56.49,0
710,0,44,9,5,1,1460,48.94,3,63.93,1616,0,54.13,1870,901,NA,1945,1546,1744,0,0,3,1395,0,44.07,NA,793,41.8,0,62.61,54.54,44.52,52.24,59.2,3,52.8,NA,NA,48.69,3527,2314,NA,3220,56.68,1,42.75,24.46,0,925,48.26,4,1,25.36,0,19.91,0
711,1,42,6,2,1,2458,47.21,2,40.8,1564,1,31.14,1624,1800,929,1765,NA,1886,0,1,3,1563,0,71.6,0,NA,48.09,2,NA,64.12,44.39,53.9,51.34,2,NA,38.85,53.48,52.07,1723,NA,1532,1070,NA,4,37.23,64.66,1,3713,54.91,1,0,50.91,4,61.87,0
712,1,47,11,3,1,2071,NA,1,60.4,3817,1,49.53,1473,1974,1571,1279,3079,816,1,1,2,1913,1,40.77,1,1000,55.66,4,42.84,48.61,48.14,60.16,29.09,NA,30.33,48.91,41.89,52.29,2008,1239,1964,2506,59.69,3,NA,39.26,1,1137,51.59,3,1,42.02,0,41.94,0
713,0,28,16,3,0,5521,59.77,2,58.84,3187,0,47.19,1528,1662,1091,2004,2695,1335,NA,0,1,282,1,53.31,1,281,52.67,2,65.11,62.95,28.47,25.48,NA,6,50.95,51.01,52.43,36.07,1828,1650,2516,3153,40.14,2,59.74,50.37,0,2288,64.92,2,0,43.35,5,66.48,0
714,0,44,6,5,1,2022,46.49,2,58.14,1691,0,NA,2085,1035,1662,2235,682,775,1,0,0,1037,0,51.62,1,360,50.6,3,45.49,78.39,56.77,50.01,58.79,3,44.28,53.35,47.73,57.7,1372,1370,NA,891,63.16,1,47.72,42.15,0,828,46.5,4,0,44.4,3,55.74,1
715,1,18,2,5,1,767,63.06,2,54.86,2522,1,62.15,1179,1287,3287,1311,347,887,0,0,NA,NA,0,47.53,1,707,65.43,4,NA,48.21,63.34,43.99,53.9,2,53.61,34.25,49.88,52.91,1139,667,933,854,34.02,3,54.04,50.92,0,1431,NA,4,NA,NA,2,NA,0
716,0,39,12,4,1,3100,59.59,2,NA,1469,1,68.85,NA,2448,3169,4823,2650,544,0,0,2,697,0,45.16,1,1360,56.48,3,53.28,40.39,43.18,29.34,NA,4,53,44.32,31.97,44.49,700,1098,944,1548,NA,2,50.51,81.36,1,NA,NA,0,NA,59.06,7,79.7,1
717,0,32,3,5,1,426,NA,4,35.4,870,1,NA,697,1474,1421,2183,690,1042,0,0,NA,552,0,NA,1,2314,38.96,2,50.13,50.16,55.61,NA,41.43,4,55.97,41.54,40.02,NA,684,378,NA,366,53.17,1,42.2,32.99,1,828,30.88,NA,1,45.25,0,35.58,0
718,0,64,5,6,1,1807,42.11,6,26.19,948,1,50.57,1723,757,1866,1211,1002,1898,0,NA,NA,1151,1,57.96,NA,NA,48.45,6,63.87,58.5,54.52,40.16,32.71,5,NA,NA,36.06,52.53,2761,974,3204,2992,48.74,3,39.49,46.2,1,2965,NA,5,0,47.52,3,54.51,0
719,1,52,9,4,0,1155,57.57,1,43.3,2087,0,37.98,1901,525,1092,889,1281,717,1,1,2,1257,1,48.34,0,900,46.4,5,NA,47.94,59.72,52.35,NA,3,59.18,48.25,56.05,58.16,2149,992,1131,1586,NA,0,56.38,57.46,1,1682,61.4,3,0,48.68,6,NA,0
720,0,34,0,4,1,1344,NA,2,39.13,719,1,52.99,1162,831,995,1135,1498,534,1,0,4,548,1,53.17,0,832,69,5,55.13,NA,28.25,50.25,48.38,1,50.85,NA,46.7,46.58,1823,1395,997,1305,53.12,2,52.41,45.6,1,1366,54.75,2,1,53.79,1,45.23,0
721,0,37,6,8,0,3045,45.38,2,58.13,1697,0,NA,NA,1263,872,1066,1180,1200,1,NA,2,767,1,45.02,1,529,59.14,3,45.68,65.61,NA,47.3,55.68,2,53.43,57.35,43.68,NA,1615,1028,927,1060,54.07,4,30.38,NA,1,1076,55.69,2,NA,42.13,5,53.48,1
722,0,41,10,4,1,1393,37.15,7,29.88,964,0,35.63,1302,688,610,923,394,1355,0,0,0,1941,1,22.5,0,641,63.16,5,60.3,42.94,44.05,50.27,36.32,7,NA,35.36,49.62,47.46,1406,997,1010,1082,13.56,2,13.6,46.53,1,409,39.77,5,NA,54.31,3,34.52,1
723,0,27,5,2,1,2618,41.14,3,53.2,2154,0,53.25,892,2041,3659,1729,1378,744,1,NA,4,2303,NA,41.07,NA,1011,49.46,3,48.4,57.08,60.23,39.88,NA,1,55.81,53.08,44.03,53.59,1369,793,3171,2236,72.1,2,NA,60.63,1,1343,47.65,3,1,53.83,3,63.18,NA
724,0,26,9,6,0,1797,67.33,3,39.03,1959,1,NA,NA,1146,1090,630,2229,1571,0,1,3,1666,1,56.47,0,2405,53.81,2,46.04,28.47,51.18,40.97,48.82,5,NA,58.23,34.5,37.23,2220,1913,2365,2910,52.44,NA,37.11,53.39,0,1195,43.51,5,1,54.88,2,44.57,1
725,1,32,8,4,1,2379,49.41,2,57.43,3394,1,57.76,2860,831,1308,740,2277,595,0,0,2,722,1,54.92,0,999,55.43,3,41.33,42.83,38.55,50.24,43.43,3,50.25,51.84,64.97,33.31,2603,1691,2778,1522,28.97,2,68.48,NA,0,2078,28.55,5,1,35.62,0,50.86,0
726,0,65,16,2,1,5624,60.92,1,75.5,2582,0,50.87,2844,2446,1713,3811,2230,869,1,0,2,770,1,NA,1,NA,50.37,4,47.68,60.74,42.73,57.32,NA,3,65.31,40.91,49.81,28.45,1078,1847,887,1375,58.23,3,57.53,73.43,1,2866,61.04,1,1,NA,5,60.85,NA
727,0,43,8,1,1,2565,NA,4,72.22,1043,0,65.28,874,746,509,1727,523,1622,NA,0,3,1390,1,66.75,NA,1105,50.15,3,49.78,48.8,47.8,51.77,52.6,6,46.53,65,51.83,22.58,1601,1152,1304,1278,41.14,3,38.68,55.56,0,1637,53.54,1,1,59.77,4,56.35,0
728,1,48,0,7,0,1630,53.75,4,54.67,1088,0,44.46,1792,766,1193,1818,1278,2437,0,1,NA,4664,1,61.23,0,2088,48.3,4,33.01,NA,44.62,52.06,41.84,5,NA,34.64,48.99,44.04,1243,982,NA,690,61.18,NA,49.83,36.42,0,602,32.97,4,0,58.73,2,42.45,0
729,0,41,13,3,1,2579,34.97,NA,50.48,905,0,32.39,1579,610,2814,1523,1697,3022,1,1,5,1949,1,52.04,1,1428,57.55,4,64.59,57.13,52.48,63.66,NA,3,66.16,52.63,53.07,NA,781,NA,896,1222,64.5,2,65.35,58.52,1,3115,65.39,3,NA,62.58,5,58.63,0
730,1,22,5,6,1,1620,NA,3,35.05,980,0,46.26,1631,1845,3176,2571,2453,1356,1,1,4,1869,1,53.99,NA,NA,46.68,2,52.95,60.3,47.71,49.05,68.69,2,43.12,47.87,50.85,59.15,3273,6067,3033,4457,54.24,NA,66.77,NA,0,1392,41.06,5,1,62.25,4,50.55,0
731,1,41,6,4,1,906,27.31,NA,54.04,NA,0,36.84,NA,328,764,1696,727,2305,1,0,5,446,1,52.61,0,2830,61.4,6,NA,60.98,34.23,48.51,NA,4,54.42,42.47,50.06,43.54,776,833,780,828,57.17,0,26.81,51.47,0,415,34.5,7,1,33.36,1,34.24,0
732,1,53,6,10,0,1813,NA,1,55.84,2151,NA,55.97,NA,986,1830,944,1678,1554,1,NA,6,1417,1,72.65,0,1964,45.81,0,50.22,69.14,52.26,64.38,38.18,1,63.71,42.64,NA,39.42,1218,785,998,688,55.25,1,54.68,NA,1,NA,61.39,2,1,58.04,1,40.08,0
733,0,44,4,8,1,562,50.19,4,48.32,755,0,61.28,912,589,1520,1006,552,514,0,1,1,601,1,48.25,NA,601,67.65,3,49.07,54.14,NA,29.31,37.46,2,45.22,NA,53.03,33.89,1015,738,392,397,37.87,NA,39.15,54.38,0,1282,41.86,3,1,46.7,2,53.35,0
734,0,18,11,4,1,1918,32.5,3,49.17,769,0,34.13,883,2201,1133,3356,902,1573,1,1,4,1849,0,52.71,1,1226,49.71,2,24,NA,64.84,41.06,NA,2,52.26,55.65,41.29,66.65,NA,2734,1078,1323,65.45,4,49.59,67.54,0,3745,80.73,0,0,62.15,5,54.4,1
735,0,43,9,10,1,1630,56.87,3,22.98,1654,0,45.71,803,1143,3335,3961,1143,645,0,0,1,982,0,34.93,1,805,56.72,4,53.63,51.6,57.54,63.33,62.3,3,48.5,72.41,44.19,42.34,350,450,NA,510,35.89,2,47.81,51.31,0,2060,56.93,4,0,48.3,2,NA,0
736,1,27,9,8,1,1571,35.46,6,35.92,3802,0,60.84,2076,2059,4703,1380,1732,1059,1,0,0,1153,1,55.89,1,994,58.08,3,57.85,NA,47.37,65.44,56.04,3,50.87,39.39,61.46,42.66,1693,1862,941,2245,37.08,5,30.91,37.95,0,429,25.23,3,0,32.74,1,39.52,0
737,0,30,3,7,1,1580,39.67,3,35.92,813,1,NA,NA,1467,1455,1787,1180,NA,1,NA,3,495,1,41.2,0,965,48.18,2,61.23,55.1,54.82,56.94,54.25,5,57.81,NA,55.29,56.36,3083,1476,2815,NA,NA,2,NA,36.43,0,1139,38.57,5,1,43.09,2,50.76,0
738,0,43,12,3,0,1303,37.26,2,52.92,5374,1,49.13,1308,1339,744,644,1046,1263,0,0,4,2206,1,46.61,1,1926,66.3,4,NA,39.32,NA,57.5,55.71,3,48.94,52.39,54.64,52.27,1759,1403,1204,2123,59.89,6,46.35,55.72,1,830,36.81,4,1,53.81,5,55.17,0
739,0,38,11,3,1,1470,65.75,4,45.31,1004,0,47.27,2483,1015,3531,6655,3018,1427,0,0,3,3383,0,54.31,0,NA,43.1,5,NA,61.17,52.7,36.34,55.83,2,NA,44.59,NA,64.19,1827,1899,2254,1789,42.85,3,40.1,60.42,0,1247,56.09,2,1,56.36,3,51.86,0
740,1,19,13,5,0,4000,51.44,7,57.41,839,1,46.07,1941,1055,1464,1650,NA,3268,1,0,5,1379,1,63.39,NA,NA,46.77,2,41.23,58.06,53.89,46.98,49.79,1,37.45,47.19,50.82,61.84,1763,1785,NA,2453,54.58,6,54.4,55.4,0,1602,50.64,4,1,NA,4,68.69,0
741,1,39,3,8,1,1529,32.99,6,53.62,1192,0,61.54,723,608,906,533,1583,2732,1,1,NA,1202,1,39.33,0,2028,48.08,2,43.66,34.34,39.97,NA,43.01,3,48.64,70.67,52.83,50.51,1065,794,926,600,50.67,3,NA,75.97,1,1746,66.84,1,1,56.84,4,57.62,NA
742,0,54,7,5,1,2848,NA,2,47.58,1051,0,44.18,1037,1690,1053,1284,1606,481,0,0,0,1309,1,44.24,0,785,39.15,3,NA,54.51,NA,42.14,64.97,2,48.92,61.81,NA,53.03,897,1551,1299,1330,58.61,3,73.1,38.19,0,818,46.08,3,1,37.69,2,NA,0
743,0,75,4,7,0,939,44.89,4,39.35,2977,1,54.57,2924,1120,1437,1406,1381,1777,1,1,2,1429,0,51.17,1,810,49.65,2,29.69,53.58,47.23,45.12,37.58,4,44.73,46.01,35.61,39.22,1158,938,889,773,53.13,NA,38.96,NA,1,1803,49.76,6,1,55.21,1,57.18,1
744,1,41,5,2,1,1849,50.69,4,55.22,2035,1,69.47,2288,2994,1196,1193,4872,1714,1,1,3,1061,1,59.45,1,1841,50.16,1,51.83,60.94,76.67,75.57,61.82,1,NA,66.96,59.57,68.77,4622,3391,5416,8181,48.02,4,61.73,NA,1,1962,46,3,1,40.97,2,43.36,0
745,1,38,10,1,0,1961,38.85,5,47.17,1767,0,60.11,1257,977,2294,1577,1079,NA,NA,1,6,NA,1,53.03,0,3418,NA,4,36.36,40.77,40.23,42.23,62.56,6,45.86,43.18,46.19,67.25,2235,1401,2363,1779,52.14,4,60.78,70.27,1,1281,63.45,1,0,51.9,4,41.13,1
746,1,30,7,1,1,4358,65.77,0,59.22,1224,0,NA,2193,975,1265,2444,1582,876,1,NA,4,NA,1,59.96,NA,863,47.85,3,NA,40.92,45.08,47.96,58.48,3,47.01,63.88,41.1,44.77,1862,1454,2343,1666,70.47,NA,86.07,67.57,0,1780,59.21,4,1,58.14,4,55.07,1
747,0,41,6,7,0,2243,51.48,4,67.04,1741,1,48.32,2433,1367,3756,3824,1710,1537,0,1,4,1869,1,66.37,0,1214,51.19,4,41.16,61.53,NA,56.7,61.78,4,55.8,55.25,61.46,43.75,1590,3119,NA,3137,63.39,6,59.46,43.32,0,6871,67.48,2,NA,69.28,5,69,1
748,0,55,7,1,0,3909,56.3,4,41.8,881,NA,62.63,1623,604,1869,1557,1062,782,0,0,1,1900,0,NA,0,1229,NA,4,53.28,47.34,59.1,30.59,51.78,5,58.01,52.41,64.07,37.64,NA,3375,2950,3884,63.09,4,61.3,48.21,1,1311,38.76,1,NA,47.58,4,44.77,1
749,0,53,14,5,1,2267,49.61,4,49.49,1059,1,76.17,1475,821,1310,1074,1592,NA,0,0,1,NA,1,51.31,NA,1039,52.27,NA,65.49,NA,52.16,59.34,60.5,7,57.38,39.99,54.21,49.63,580,510,546,456,49.9,4,37,33.81,NA,1622,52.1,NA,1,52.33,2,NA,0
750,1,38,4,3,1,1299,37.66,2,66.55,1448,1,50.1,756,NA,1387,1857,NA,NA,0,1,4,1528,1,53.33,NA,1507,48.38,2,45.53,55.94,65.74,51.7,NA,4,71.89,54.83,NA,60.81,1140,898,865,1445,57.53,3,45.47,76.85,0,NA,63.83,0,0,68.84,6,50.16,NA
751,1,46,4,4,1,1062,24.06,6,37.53,654,0,37.96,2294,4556,1176,4560,2253,1852,0,0,4,3591,0,49.82,1,1849,32.92,3,65.25,50.43,NA,57.98,41.97,4,44.83,63.31,50.57,63.53,NA,3045,2725,2458,80.89,4,56.07,47.29,0,1064,65.74,2,0,53.51,3,53,1
752,1,29,10,2,1,3360,50.03,NA,56.37,1490,NA,65.64,1036,1407,893,NA,1200,1571,1,1,3,NA,1,47.2,0,2647,52.61,3,48.05,47.11,41.78,NA,43.65,3,53.96,NA,54.84,35.94,NA,NA,NA,1676,68.92,7,48.15,52.66,1,2885,56.05,2,0,48.99,3,53.87,1
753,1,55,12,5,1,3142,29.5,2,60.49,5954,1,60.62,1893,1553,876,2884,2028,1838,1,0,5,1554,0,59.62,0,2260,58.19,6,57.38,51.64,35.26,45.82,54.87,0,43.88,57.67,33.23,44.82,NA,1822,1253,1240,52.64,4,51.85,48.75,1,1882,44.5,4,0,54.27,3,30.82,1
754,0,45,13,4,0,1321,24.03,0,28.65,1508,1,58.06,3297,3016,3035,NA,2959,852,1,1,3,NA,0,44.01,NA,NA,55.77,3,39.48,51.34,49.83,42.43,58.43,NA,NA,48.62,59.07,38.33,1104,623,742,535,52.72,2,48.59,31.97,0,482,30.34,5,1,NA,0,18.92,NA
755,0,38,6,1,1,5555,54.58,2,71.65,1344,1,44.69,NA,1642,NA,1516,NA,2793,1,1,6,2746,1,54.54,0,1094,35.26,4,65.92,46.17,37.15,26.76,64.52,2,36.61,NA,45.86,48.76,2265,2067,NA,2863,47.85,4,58.98,NA,1,3809,66.37,0,0,61.96,5,80.3,1
756,0,52,7,4,0,1060,43.84,5,30.63,384,0,42.89,1707,400,2092,NA,1794,NA,0,0,4,1131,0,49.72,0,1413,54.36,3,39.2,30,NA,34.58,53.36,NA,49.11,33.97,68.1,NA,803,606,450,586,52.23,NA,39.99,41.7,0,595,30.17,5,1,23.63,0,43.44,1
757,1,49,-0,4,1,1679,34.35,4,49.22,1662,1,46.77,1817,1945,1183,1657,1499,NA,NA,1,2,924,0,46.31,0,1845,49.7,2,51.41,54.96,50.55,39.93,42.13,4,48.12,58.89,63.83,32.74,2356,4434,2209,2251,60.16,3,57.31,38.35,1,693,39.28,4,1,46.84,2,48.6,0
758,0,47,5,3,1,1127,47.93,3,50.69,716,1,33.03,NA,1858,1741,1623,2601,2473,0,1,4,1830,1,NA,1,1984,51.39,1,57.52,51.65,NA,64.29,NA,3,36.38,51.98,52.83,56.17,1326,1805,NA,2224,44.68,5,52.07,NA,0,1878,57.64,0,1,64.55,2,60.51,0
759,1,36,7,3,1,3096,59.82,6,45.35,716,0,49.73,1047,1696,1039,962,702,1080,1,1,5,1669,1,51.18,0,NA,40.12,2,63.21,61.95,56.68,37.75,NA,4,60.76,50.87,50.14,64,817,1011,NA,929,43.59,5,43.04,41.08,0,1384,66,2,0,39.99,3,62.73,0
760,0,36,13,4,0,3182,55.68,2,62.75,1902,1,56.82,1834,2135,1025,1637,964,1129,0,0,4,3328,1,56.26,1,NA,51.96,4,56.06,58.89,66.65,57.02,36.13,3,48.84,49.72,58.17,53.16,1456,NA,1528,1675,27.39,4,52.15,58.62,0,1915,69.73,1,NA,46.35,3,50.35,0
761,0,51,10,2,1,891,43.97,4,47.09,3064,1,61.6,1068,951,986,474,1762,1078,0,0,2,1668,0,33.31,0,NA,59.31,1,63.42,46.16,55.57,46.58,49.11,5,44.92,54.06,60.31,41.91,1697,2199,1855,1602,45.67,2,45.25,52.68,1,276,54.67,5,1,44.64,0,48.66,0
762,0,43,4,1,1,4936,48.7,5,48.03,599,1,52.83,1872,3462,NA,1334,5861,1551,1,1,NA,1748,0,34.84,1,NA,55.12,3,57.89,53.4,69.63,56.12,53.42,1,53.88,59.98,67.84,45.67,1279,1600,NA,1488,63.97,3,40.71,63.46,1,2957,66.58,1,0,61.09,3,55.78,1
763,0,48,3,2,0,585,NA,5,35.98,1187,0,NA,1853,346,1567,1555,909,752,1,1,1,558,0,36.32,NA,641,65.88,NA,60.79,51.61,46.23,66.68,38.72,4,46.39,40.78,47.19,54.11,2817,1229,1030,875,50.37,2,40.96,49.52,1,2180,54.98,1,1,60.87,5,56.37,1
764,1,18,8,6,0,3506,50.94,4,60.05,4915,1,52.54,1368,724,632,1010,1252,2604,0,0,4,2139,1,59.03,1,1513,42.39,0,56.69,59.53,NA,50.9,43.2,4,38.58,38.82,47.83,46.63,1663,1288,1649,728,69.84,8,63.98,65.1,NA,4152,64.9,3,1,64,3,NA,1
765,1,39,8,3,0,3025,52.89,0,81.17,2554,1,56.39,2207,940,663,1428,NA,1246,0,0,0,1576,1,36.46,0,1152,37.09,2,46.14,61.07,67.45,73.4,66.88,1,44.62,63.93,55.12,57.01,1751,NA,NA,2065,56.89,2,66.26,71.48,0,3095,45.74,3,NA,51.43,4,62.41,1
766,0,46,12,2,0,990,43.68,3,61.37,1126,NA,40.67,708,838,784,946,1039,563,NA,0,1,NA,0,37.41,NA,979,57.53,4,NA,NA,52.28,54.3,59.04,4,46.88,50.79,NA,NA,578,1243,NA,1364,NA,0,46.13,44.18,1,618,49.06,5,0,52.99,4,41.51,0
767,1,56,4,3,1,943,NA,5,59.3,1712,1,46.56,1728,547,1089,1755,660,NA,0,1,5,1675,NA,55.98,1,2348,58.85,3,52.56,49.3,NA,65.79,54.4,2,57.5,63.13,66.28,58.98,1476,966,1414,1730,47.01,1,40.77,64.58,0,1356,64.84,2,0,64.4,4,69.29,1
768,0,41,6,3,1,1465,60.78,4,50.35,3843,1,57.46,3855,2564,1847,2535,NA,NA,0,1,3,1281,1,50.03,0,1593,41.54,4,46.74,44.51,NA,49.61,36.2,2,52.25,54.47,57.77,48.03,1130,871,1189,839,NA,0,48.6,42.35,NA,733,52.35,6,0,48.14,4,60.27,0
769,0,51,4,6,0,6120,60.13,2,44.5,1482,1,59.13,1229,1393,692,1195,1623,2468,NA,1,NA,2373,0,72.65,0,4015,64.89,3,50.5,46.82,43.95,27.36,41.14,4,43.16,33.08,46.95,NA,1500,1011,NA,1999,54.94,3,59.33,35.9,1,1607,65.53,2,1,33.56,3,55.29,NA
770,0,21,10,4,1,3339,34.74,5,38.4,853,0,48.58,2037,1393,1705,1778,1511,NA,1,0,3,1096,0,46,0,1922,46,4,78.85,54.73,60.28,64.76,66.67,5,51.3,61.37,NA,44.57,NA,NA,1566,796,59.22,NA,36.24,64.73,0,1900,57.56,4,1,47.75,3,65.89,0
771,1,34,9,5,1,5580,NA,2,NA,1920,NA,NA,1095,3419,1872,3291,2759,1566,0,0,2,497,1,60.88,1,1019,54.21,6,49.86,52.99,37.52,62.42,41.15,5,NA,69.33,NA,47.57,1009,2270,1397,2629,51.4,6,57.35,59.92,NA,2157,59.21,4,1,NA,1,44.37,1
772,0,25,11,4,1,1671,47.04,3,46.7,1563,1,46.42,2477,2685,3480,1788,2481,692,0,1,1,968,0,45.65,1,NA,55.85,NA,NA,38.39,62.69,NA,48.36,3,56.05,49.34,50.11,36,NA,2852,NA,4455,51,4,58.26,57.18,0,2008,60.48,1,0,56.75,8,66.03,NA
773,1,31,7,4,0,1326,51.19,4,38.62,1104,1,54.26,1011,843,NA,1224,1184,1360,1,1,6,4047,0,46.07,NA,1560,59.39,4,40.44,62.76,54.04,58.88,54.41,2,59.91,57.65,46.89,47.64,1533,1446,1571,1629,55.07,4,39.26,70.14,0,431,46.37,3,1,43.89,1,57.35,0
774,0,21,13,1,0,6190,47.75,0,60.2,4708,0,73.04,2221,NA,2455,2526,2247,1387,1,NA,6,3181,1,57.16,0,5800,55,6,60.75,49.6,49.74,48.11,55.06,1,47.62,64.5,43.91,57.35,661,862,1073,937,40.73,6,NA,49.04,1,NA,51.42,3,0,58.92,NA,53.7,1
775,1,40,12,5,0,1991,NA,3,63.88,NA,1,47.69,1715,1308,2363,1251,1211,2458,1,1,5,1742,1,63.53,1,3381,47.96,2,50.53,NA,57.48,43.41,52.99,2,63.88,52.81,58.89,39.13,1576,1788,1092,2334,53.37,4,67.47,54.86,0,1740,59.77,4,0,50.05,4,33.6,0
776,1,26,8,9,1,1019,60.01,NA,41.86,1474,0,NA,1720,706,680,501,927,969,1,NA,2,680,0,43.69,0,781,NA,1,61.71,43.62,NA,38.15,33.76,3,35.67,60.85,50.33,53.7,1033,1615,849,727,NA,4,48.14,33.51,1,NA,39.6,6,1,30.67,0,NA,1
777,0,36,6,2,0,722,59.22,7,32.54,1260,0,50.97,1802,1184,1797,4125,1822,2412,1,0,3,1608,0,33.8,0,1064,60.21,2,60.79,43.21,NA,33.89,35.56,3,57,44.34,62.33,26.96,740,676,502,709,55.69,3,45.3,46.92,1,1643,41.07,3,0,49.81,1,56.2,0
778,0,70,7,6,0,1825,NA,2,51.19,492,1,46.33,2099,1086,1339,984,1109,1697,1,0,4,609,1,57.93,0,NA,44.65,4,55.71,46.49,40.62,51.82,55.79,3,61.92,56.48,55.63,57.07,1649,2353,2459,1224,48.78,4,49.38,44.77,1,1512,64.46,4,0,56.49,2,47.3,0
779,0,37,11,5,0,3843,63.86,4,56.98,6124,1,42.83,NA,678,1065,1495,1387,3675,0,0,3,1946,0,72.42,1,NA,49.12,3,52.97,52.62,43.36,49.74,65.78,4,34.64,NA,54.55,59.2,1415,1721,2572,3424,44.65,3,56.62,51.08,1,1165,55.1,2,1,44.31,2,58.06,0
780,0,36,5,3,1,1949,41.67,1,38.56,4151,1,41.54,907,1059,826,651,537,991,NA,1,4,1661,1,53.15,1,1126,54.23,4,45.54,55.59,16.63,38.75,37,4,58.32,NA,NA,54.86,2503,620,1212,563,40.81,3,49.96,48.73,0,1199,40.13,2,1,54.1,3,52.04,0
781,1,18,8,1,0,3534,43.51,3,63.02,1135,0,59.5,3693,NA,1674,3018,3916,1075,NA,1,3,NA,NA,62.9,0,1387,52.08,4,37.21,39,51.05,54.9,47.91,0,42.97,41.7,51.2,51.16,1361,1600,1010,1511,32.9,3,60.46,62.19,1,4033,65.57,2,0,64.84,4,65.97,0
782,0,50,10,7,0,1823,NA,3,45.19,2247,1,52.44,NA,NA,510,1176,439,1109,1,1,2,1229,0,54.27,0,1199,NA,2,46.56,48.8,56.26,63.37,NA,2,44.29,44.66,48.12,49.6,NA,1328,1742,1528,57.06,7,46.02,36.3,1,2812,41.93,3,1,61.89,4,59.14,0
783,0,54,9,3,0,7183,50.65,4,32.54,1394,0,73.87,575,2426,1088,1184,NA,515,1,0,3,709,1,43.44,0,NA,49.94,4,41.66,36.81,63.33,68.21,51.78,2,62.28,48.84,60.44,51.02,1880,1319,1741,2589,46.38,1,63.79,79.19,0,2149,NA,0,NA,47.98,4,48.71,1
784,0,48,2,4,1,2604,41.38,5,54.14,4012,0,59.95,NA,1620,1053,745,1173,1551,NA,1,2,1528,1,59.58,1,1461,69.39,NA,37.73,53.47,69.72,61.05,40.01,5,48.36,34.73,37.06,55.7,1237,1423,NA,1313,53.54,4,34.26,47.07,1,1640,54.49,5,NA,57.77,4,48.37,NA
785,1,24,5,2,1,1123,NA,5,43.76,570,0,37.25,NA,590,1858,1094,925,2074,1,0,2,1057,1,56.94,1,NA,47.69,6,NA,51.26,51.07,47.9,31.63,4,50.6,45.29,37.01,34.19,1166,1217,578,744,59.61,4,52.82,36.54,0,846,33.18,7,1,35.7,3,47.18,0
786,0,23,7,2,0,4275,37.06,4,30.87,2977,0,63.95,545,1211,1106,983,1307,926,0,0,2,756,1,32.38,1,383,54.75,0,67.11,51.14,50.62,51.83,33.37,5,45.28,41.17,45.59,28.44,4524,4185,7920,5713,44.51,0,46.36,58.89,1,3336,56.41,NA,NA,58.99,4,69.93,1
787,0,36,8,1,1,1865,36.11,4,44.73,1664,0,33.93,1166,1143,1296,640,NA,1297,0,1,3,3970,0,51.76,0,868,27.47,1,66.5,58.72,62.16,67.58,35.69,2,59.29,NA,NA,NA,994,501,1257,705,49.9,3,43.83,57.94,0,NA,56.34,2,0,47.17,2,54.59,NA
788,0,51,4,3,0,2427,64.29,2,61.22,1505,1,52.79,NA,1159,1201,1245,1019,689,1,0,2,1179,1,40.4,NA,1215,NA,5,54.08,NA,55.82,41.69,NA,4,50.78,60.24,39.77,52.66,1204,2356,2238,2468,53.32,4,69.41,40.37,1,1364,55.92,5,NA,46.27,4,40.69,NA
789,0,44,6,3,1,1417,43.29,5,47.74,776,1,44.12,NA,771,993,580,679,581,0,1,1,NA,0,49.21,0,684,50.37,1,37.2,57.05,52.14,41.72,48.49,4,50.21,49.18,50.65,NA,658,NA,897,728,37.7,3,31.38,NA,0,1373,55.76,NA,1,34.41,1,51.34,1
790,1,33,5,5,1,2077,35.99,3,NA,381,0,50.35,1203,4188,NA,1090,1098,1255,0,1,2,NA,1,31.09,NA,1510,46.41,4,57.25,30.38,51.92,44.68,61.08,3,43.89,61.83,52.29,47.81,528,630,430,259,48.71,5,41.4,63.97,1,2018,35.95,2,1,42.95,3,56.62,0
791,1,30,9,2,0,4327,56.46,3,48.69,1538,1,70.09,9274,7070,3842,5361,NA,3125,1,1,5,1160,1,66.63,0,3408,63.5,6,60.05,37.77,33.75,52.35,NA,4,48.28,NA,45.18,43.46,4375,2552,3098,1367,56.22,3,57.7,52.67,NA,2267,44.37,2,0,63.12,4,59.89,1
792,0,46,7,1,0,3138,53.37,1,52.84,NA,NA,62.45,876,741,359,387,NA,1180,0,0,2,1077,1,41.39,1,1282,44.02,2,38.82,39.39,NA,NA,45.08,5,59.02,42.9,NA,57.44,1565,768,796,711,49.69,4,NA,56.27,0,2272,55.88,3,0,48.15,4,60.53,0
793,0,42,5,5,1,1718,48.34,2,54.12,1824,0,48.38,NA,2110,4788,1182,1231,1350,0,0,3,2180,0,58.81,0,694,51.43,6,NA,45.85,45.43,54.93,48.31,3,52.26,36.92,46.61,34.98,992,928,865,784,57.49,3,61.43,26.82,1,969,31.25,5,1,48.89,3,46.19,0
794,0,37,8,3,1,2447,57.98,4,55.69,1358,NA,53.58,1267,828,1138,NA,1088,2123,1,NA,4,1075,1,NA,0,NA,48.83,3,54.62,26.12,51.53,52.44,38.1,1,36.51,41.46,44.15,45.02,1168,1303,1280,2517,47.46,2,49.64,64.44,1,1422,46.68,3,0,38.81,2,50.77,0
795,0,43,9,5,0,2267,46.14,0,56.59,915,0,NA,1284,1954,686,1241,1800,NA,0,1,5,NA,0,56.6,1,1844,54.56,5,38.03,NA,57.26,55.49,23.46,3,37.2,52.86,36.94,NA,1329,2633,1995,1933,NA,4,52.99,47.01,1,2133,57.7,2,0,NA,4,46.05,NA
796,0,43,11,3,1,1752,43.68,3,41.59,635,1,52.12,2689,911,2741,1212,1502,1684,0,1,2,NA,NA,NA,1,1587,NA,3,56.93,43.24,NA,NA,56.7,3,45.34,55.62,52.19,56.38,1403,1349,1617,2118,56.68,3,45.14,45.01,0,744,36.75,NA,1,48.84,4,37.14,1
797,0,26,5,6,0,1787,40.35,4,35.87,3675,1,52.51,1985,1398,2827,2515,3022,947,0,NA,1,829,0,48.18,NA,938,68.23,3,49.66,49.81,35,47.93,48.32,5,40.39,48.7,31.9,51.54,858,881,1947,598,36.89,4,45.09,NA,1,916,40.69,4,0,29.52,2,40.39,0
798,0,37,3,2,1,1071,37.39,1,33.37,1109,1,47.53,1298,951,NA,1629,1111,1397,0,0,4,1224,1,45.74,1,1289,56.91,2,44.22,66.24,38.69,46.36,50.74,1,53.67,46.62,46.44,NA,NA,1541,2051,1191,58.74,3,48.67,55.64,1,689,46.87,4,1,46.16,5,48.1,0
799,0,49,6,5,0,4416,59.6,1,46.71,659,1,35.3,1382,1321,876,987,NA,NA,1,0,2,503,1,52.15,1,821,39.09,NA,43.23,48.8,NA,55.07,44.38,2,66.28,51.9,58.14,54.06,1664,1366,1419,1494,41.94,2,53.74,39.04,1,850,48.86,3,1,36.96,3,NA,NA
800,0,41,9,7,0,1476,56.64,NA,36.7,2418,0,34.63,1219,1496,2841,1882,1794,922,0,NA,1,1384,0,55.05,1,2292,67.57,5,57.6,48.35,NA,NA,50.19,5,40.73,45.5,43.63,25.58,NA,2773,1824,2420,42.1,3,34.43,NA,0,135,56,5,1,41.86,1,NA,0
801,1,30,13,3,1,1370,56.38,7,33.68,2439,0,34.09,3709,1465,1317,2269,3480,1208,0,0,0,1466,0,43.49,1,620,53.45,2,60.85,73.5,46.2,43.52,56.46,NA,41.55,54.6,NA,52.49,2475,2331,2155,1714,53.49,0,48.55,72.71,0,2020,55.1,2,1,46.8,6,49.41,0
802,0,37,6,3,0,1349,49.6,2,50.12,1263,0,40.5,761,678,884,324,586,1014,0,1,2,1450,0,NA,1,1415,46.17,6,51.81,47.36,50.15,49.84,43.54,4,47.92,45.23,NA,51.79,NA,1023,1339,998,NA,1,39.16,47.08,0,1123,37.48,4,NA,65.43,3,32.26,1
803,0,18,5,5,1,2418,47.17,1,51.8,3809,1,58.04,3822,1910,1293,1594,809,3324,NA,NA,5,928,1,57.62,1,1126,45.56,5,36.28,18.69,59.53,49.15,41.51,2,38.31,45.94,51.65,36.01,NA,2870,1059,1866,66.89,4,56.51,47.41,1,1986,48.92,6,0,42.89,2,51.71,1
804,0,26,5,4,0,1497,45.41,4,57.42,932,0,65.96,1149,2308,685,1317,2928,NA,0,0,4,2802,0,54.24,NA,1518,51.63,3,55.06,41.89,NA,52.22,53.72,3,57.79,39.55,41.1,NA,538,1007,892,1394,53.05,NA,49.6,39.09,1,1411,37.97,6,NA,39.46,3,35.53,0
805,0,40,11,3,1,2284,NA,3,33.72,1158,1,60.44,2295,1930,2243,781,1607,1055,0,1,4,1364,0,43.21,0,2241,54.27,2,47.96,49.34,47.4,57,60.13,3,67.16,NA,55.34,NA,2633,743,1926,NA,44.79,6,60.84,46.84,1,965,46.5,5,0,44.29,3,42.5,1
806,1,39,20,1,1,5161,41.83,4,55.77,1474,1,45.9,1566,2837,NA,6288,3080,2286,0,1,3,707,0,53.02,1,2050,NA,5,36.81,36.58,31.8,43.02,55.76,4,74.08,43.88,65.78,47.3,971,1344,1234,1909,54.85,3,61.41,68.62,1,2992,63.05,NA,NA,54.21,6,73.29,0
807,0,40,7,6,1,1866,56.31,3,63.25,1506,1,45.26,1857,1087,900,934,2092,NA,NA,NA,4,1151,0,65.61,1,1999,59.62,5,51.05,62.25,49.19,63.75,32.3,1,50.83,46.07,45.05,33.17,688,604,973,647,61.18,NA,37.38,53.66,0,1668,42.64,1,1,45.8,3,60.31,0
808,0,66,10,5,1,1204,59.41,2,40.4,1663,0,41.7,2487,1580,982,2561,649,443,0,1,0,1073,0,45.86,0,472,57.41,NA,48.16,36.11,54.85,52.56,35.5,4,29.75,48.61,48.98,44.49,1226,1005,905,786,44.92,3,41.85,40.09,0,631,46.74,3,1,NA,2,51.39,1
809,1,26,6,4,1,1897,36.22,5,51.79,1675,0,40.97,1270,818,2284,1479,1947,925,1,NA,2,NA,0,41.94,0,855,49.57,3,58.14,74.73,37.7,37.11,50.59,2,56.23,47.11,60.75,51.73,6583,2274,3658,2808,49.94,1,44.64,40.14,0,727,31.9,3,0,36.06,0,28.98,1
810,0,34,17,3,1,1685,35.73,5,48.24,665,0,60.61,1701,1101,863,477,781,NA,NA,1,1,NA,1,41.5,1,1262,59.52,3,34.09,50.32,29.76,53.78,37.21,4,50.62,47.27,51.82,43.55,1920,1527,1616,NA,NA,4,49.24,54.84,0,5279,72.35,NA,1,68.17,4,69.46,1
811,1,50,6,8,0,2470,65.13,2,63.45,3548,NA,63.05,1852,1092,2842,4730,2965,NA,0,0,3,NA,0,55.18,0,2919,57.8,4,57.65,55.45,28.88,NA,58.02,4,58.22,68.24,46.48,NA,1340,NA,2043,1316,56.96,1,41.11,50.25,1,2694,37.77,2,0,52.42,2,NA,1
812,0,34,7,2,1,2357,52.1,2,45.79,1436,1,54.31,707,651,1117,921,467,2511,NA,0,4,NA,1,51.68,NA,922,37.55,4,46.23,54.71,52.47,37.79,NA,2,58.67,NA,54.65,42.79,1608,1219,1221,2364,39.12,3,58.56,38.8,1,2050,44.09,1,1,43.34,2,38.41,1
813,0,57,6,6,0,1000,30.57,4,29.19,1342,1,46.06,1346,NA,603,552,531,880,0,1,NA,1110,NA,NA,0,494,40.81,5,42.45,54.5,70.24,52.29,NA,NA,28.46,62.54,43.28,39.78,740,NA,1134,1042,33.34,1,41.81,36.45,0,515,33.44,NA,0,58.43,1,30.6,1
814,1,34,4,4,1,3736,53.37,4,58.34,458,1,60.13,NA,632,415,4603,1903,NA,1,1,4,1925,0,53.22,NA,571,41.44,2,33.05,59.43,58.42,43.46,50.83,0,59.01,42.97,47.4,40.57,2082,1124,NA,2043,48.13,3,60.55,70.04,1,1172,58.87,0,NA,46.93,4,54.44,1
815,1,41,12,6,1,1570,NA,5,NA,1043,0,50.53,2030,NA,3982,1227,604,3055,NA,1,2,974,0,61.7,NA,1607,58.23,3,51.34,52.49,55.84,57.45,NA,2,50.19,43.09,63.87,NA,NA,2792,NA,639,NA,3,59.24,50.2,1,759,36.7,4,NA,40.63,1,NA,0
816,1,35,7,7,1,2199,30.52,4,42.22,842,0,38.7,NA,580,1510,1528,1923,1117,1,0,3,491,1,57.48,1,816,44.14,NA,46.48,52.68,40.12,43.18,54.33,1,38.11,55.86,46.5,49.31,1375,2230,NA,3499,41.85,3,51.39,55.3,0,2316,49.89,2,1,51.6,6,53.64,0
817,0,18,6,4,1,1815,40.86,6,48.35,1143,1,43.95,1829,1344,1302,1841,1763,360,0,0,2,813,0,44.23,0,619,59.23,6,67.34,41.15,59.58,56.19,58.01,3,39.31,54.58,38.26,52.51,970,979,887,730,43.67,0,42.77,43.13,1,1557,37.86,3,1,43.33,3,38.84,1
818,1,20,4,3,0,2783,65.66,2,NA,952,1,57.75,1008,1915,NA,665,1857,1005,0,1,NA,NA,1,53.07,1,1464,39.1,3,21.17,28.09,38.63,56.99,61.2,4,49.58,52.93,56.76,56.91,699,965,606,NA,48.63,3,51.08,61.22,1,2249,51.12,1,0,68.76,5,68.28,1
819,0,48,13,4,1,2678,NA,3,46.69,2777,1,43.94,1300,1276,762,924,1947,1295,NA,0,NA,752,1,57.56,0,1006,53.99,4,34.16,48.38,42.8,57.63,39.72,5,50.93,43.89,NA,60.71,1277,1281,989,1863,59.13,5,46,NA,1,2657,43.4,1,1,48.63,7,36.78,0
820,0,54,13,5,0,3557,54.7,3,49.86,2597,0,66.31,2069,961,962,1487,709,1724,NA,1,2,864,0,43.55,1,NA,49.91,2,45.02,41.41,63.78,47.21,61.75,NA,47.42,66.25,51.33,70.59,NA,1055,851,778,56.71,1,59.42,NA,1,1398,43.09,1,1,40.5,1,44.03,1
821,1,29,4,6,1,3165,53.12,0,49.65,938,1,67.9,1099,701,615,437,682,616,0,0,5,517,1,49.7,0,1012,33.79,4,NA,56.96,60.68,66.21,58.4,3,56.23,53.89,49.19,51.01,1645,1731,831,1687,37.61,5,70.05,NA,1,1790,45.46,6,1,42.8,4,29.08,1
822,1,40,17,6,1,3068,56.09,2,55.56,1728,1,58.92,4186,2358,2068,1852,2449,2546,1,1,4,NA,1,NA,1,2582,43.56,2,52.47,50.91,46.04,45.98,59.6,4,62.61,NA,51.54,NA,2007,2306,1754,2305,34.84,5,49.92,42.26,0,514,47.65,5,0,46.39,1,58.7,1
823,1,66,8,3,0,3944,64.87,3,48.16,925,NA,34.45,1327,1045,869,NA,NA,420,NA,0,NA,929,0,31.78,0,2011,37.88,2,46.59,49.86,55.63,62.77,42.88,2,51.82,56.16,51.31,45.79,1916,1557,1041,1817,NA,4,NA,39.33,NA,2000,56.2,3,1,47.38,NA,41.68,1
824,1,39,5,5,1,792,35.54,3,NA,660,1,45.05,1152,615,959,1206,2109,1505,1,0,NA,NA,NA,66.2,1,NA,39.65,6,62.53,34.66,34.67,38.45,39.1,5,51.4,61.53,56.49,54.54,217,233,221,409,43.97,5,52.93,NA,0,879,47.53,2,1,37.43,1,49.52,0
825,0,18,5,2,0,1887,48.16,1,65.68,2482,0,32.16,894,1782,1598,743,1076,NA,0,0,3,NA,0,23.47,0,2365,58.19,2,57.46,66.11,66.29,54.19,41.02,4,43.23,NA,59.61,41.83,1016,557,1114,NA,53.48,3,52.13,51.49,1,860,40.89,NA,NA,62.88,NA,46.75,1
826,1,65,11,2,0,1863,47.59,3,52.35,1142,1,63.85,680,3198,929,1168,1343,NA,1,1,7,2087,1,59,0,2687,48.94,2,56.17,38.22,50.06,54.34,62.56,2,37.07,63.23,46.12,51.87,665,766,722,797,NA,2,52.84,44.3,1,1527,39.06,4,0,33.6,2,53.85,1
827,1,38,3,1,1,2200,59.6,1,47.43,825,1,63.08,NA,4812,1286,2899,2896,1499,0,1,4,1681,1,57.28,NA,1384,65.18,2,53.62,50.52,40.66,59.08,51.93,4,50.54,47.95,NA,53.73,NA,2774,2968,2151,44.02,5,42.76,51.73,0,4078,64.5,4,NA,47.37,5,41.88,NA
828,1,48,12,2,1,5671,43.26,NA,62.7,4224,NA,38.01,2932,2558,1320,5709,6003,960,0,0,1,1307,1,48.52,0,1137,31.4,NA,52.68,NA,45.01,NA,63.4,1,66.22,44.69,54.21,47.73,2019,1428,2222,2353,63.99,4,62.09,67.94,1,NA,61.07,0,1,52.27,5,62.29,NA
829,1,31,12,5,1,3618,NA,2,50.67,2197,NA,NA,924,1477,1047,1689,2085,2991,1,0,0,1843,1,47.81,1,901,NA,1,61.6,55.67,57.8,51.25,NA,3,71.31,64.11,58,46.66,2063,4938,2352,3618,66.62,2,60.8,53.8,1,1555,45.22,4,0,46.22,3,47.57,0
830,0,46,3,7,1,793,NA,3,NA,391,NA,41.51,955,1071,1018,668,786,1074,1,0,2,NA,0,50.6,1,2556,23.89,5,54.93,45.75,NA,54.36,48.7,3,NA,75.54,NA,43.59,1064,543,1077,783,38.04,3,48.04,44.11,0,486,49.96,4,1,35.78,2,NA,1
831,0,26,0,6,0,539,54.84,3,30.81,1249,1,40.39,954,417,923,417,841,879,0,1,2,1062,0,52.21,0,757,NA,1,59.37,51.84,52.64,51.09,52.74,3,59.58,49.94,31.95,66.73,549,NA,578,NA,28.19,2,48.36,18.7,0,730,27.97,8,1,26.19,0,21.34,NA
832,0,38,14,3,1,1470,68.24,4,NA,2577,0,49.81,432,1389,1009,724,1498,1606,0,1,5,808,0,51.05,0,NA,55.32,NA,49.42,49.64,67.15,49.69,39.85,5,43.52,69.85,34.24,42.26,NA,1474,2437,1826,NA,2,NA,54.13,0,1493,54.54,2,0,61.28,4,58.82,1
833,1,58,6,2,1,2492,51.97,2,54.61,1550,0,38.58,1703,2089,2860,516,2830,NA,0,0,2,NA,1,47.99,1,1412,38.86,0,71.55,71.66,45.97,52.13,NA,1,53.84,51.1,47.01,58.15,1315,1796,1852,2067,43.96,4,58.93,56.27,0,589,46.39,NA,0,53.94,4,49.75,1
834,0,32,10,6,0,3619,45.25,3,53.76,1136,NA,67.39,421,867,NA,717,2021,1207,1,1,5,1280,NA,43.82,1,2664,49.4,3,45.57,60.37,51.71,52.33,49.11,4,NA,44.6,49.86,50.03,2908,2470,4111,3061,43.33,3,71.57,59.4,0,1514,61.9,0,1,74.82,5,47.99,1
835,0,60,8,6,0,3495,49.51,3,44.61,1870,0,40.29,1275,1289,1129,2445,3818,2206,1,1,7,NA,1,65.19,NA,NA,64.42,3,52.29,58.75,38.2,48.16,40.27,3,50.25,54.88,64.46,50.31,1229,1138,1657,1557,40.62,3,36.42,NA,1,1487,56.69,1,0,54.55,4,54.38,0
836,1,47,7,7,1,2013,NA,2,65.7,1584,0,27.28,1384,1705,1481,2914,4306,1630,0,1,5,2307,1,52.4,0,771,55.59,1,59.97,66.12,NA,38.45,NA,1,53.2,53.75,53.25,43.76,1435,NA,NA,1386,47.94,3,55.36,39.16,0,614,NA,6,1,42.24,1,47.01,0
837,0,33,12,6,1,2741,NA,4,55.45,1029,0,69.07,1055,721,956,979,1203,NA,NA,0,2,994,1,46,1,1307,48.66,3,60.55,44.84,NA,56.04,59.79,2,41.91,46.34,44.07,39.96,2222,2576,2352,3304,38.39,2,NA,47.53,1,1572,55.14,2,0,51.13,4,50.51,1
838,0,57,0,3,1,1972,50.9,4,71.69,1506,1,62.28,497,1028,1348,1007,802,1388,0,0,4,1810,0,64.06,1,2437,44.02,2,36.69,63.38,30.94,64.92,67.25,NA,56.4,NA,38.21,40.36,881,2165,1460,1368,42.77,1,64.23,35.86,1,1444,54.25,3,1,35.97,0,47.08,0
839,0,51,12,1,1,1202,NA,4,32.01,1574,1,37.07,1481,454,453,255,764,1069,1,0,2,700,NA,57.74,1,NA,44.14,2,59.88,48.07,NA,42.82,58.42,0,NA,NA,52.05,52.29,1348,996,1044,1320,33.87,2,60.81,42.15,0,1440,48.26,3,0,53.9,0,47.85,1
840,0,24,4,5,0,1702,74.08,2,38.73,1790,0,38.38,1191,1822,1508,765,739,1322,0,NA,NA,994,1,55.34,0,1772,59.81,2,69.83,55.15,61.85,64.3,24.86,3,46.12,52.5,55.39,50.55,NA,1331,1260,2107,53.25,NA,46.52,56.85,0,764,61.73,2,0,50.02,5,66.25,1
841,0,59,9,6,0,5229,48.52,2,44.77,3375,1,NA,1912,1841,1109,4502,1581,1328,NA,1,NA,2055,0,64.47,NA,1631,55.51,3,59.54,37.86,54.62,NA,64.65,5,54.41,38.71,30.95,53.91,1879,1481,NA,2806,71.04,6,47.81,59.91,1,1992,NA,4,1,60.73,4,41.72,1
842,0,46,5,1,0,2248,26.99,4,56.8,1702,0,36.62,3414,2132,1543,3569,NA,964,1,1,2,1400,1,53.9,1,1166,40.98,2,36.35,58.89,32.03,48.64,46.89,4,44.79,39.59,52.85,NA,2399,2503,NA,3724,38.36,NA,60.9,51.28,0,1085,39.27,NA,1,NA,2,53.71,1
843,0,25,10,2,1,1375,53.5,5,53.4,1692,1,48.45,5112,NA,2445,2002,1726,1116,1,0,3,518,0,NA,0,NA,49.18,3,44.33,63.08,45.5,53.84,40.47,5,47.4,43.91,32.37,48.33,1978,2120,1681,1468,60.45,5,45.1,37.11,1,1085,33.02,3,0,48.5,4,47.51,0
844,0,32,4,3,1,1610,46.36,5,53.56,1806,0,37.91,2218,2851,2232,5130,3657,781,0,1,2,NA,1,NA,NA,1038,42.53,4,43.85,66.01,55.74,51.66,45.77,NA,60.44,NA,51.94,39.93,1068,1222,1723,2076,44.3,3,50.47,NA,1,596,48.33,4,0,37.51,3,46.76,1
845,0,38,7,4,1,2167,57.72,3,61.96,1385,1,NA,762,1151,NA,1608,1059,NA,0,1,4,987,1,39.12,1,1052,61,4,63.53,48.74,NA,46.62,50.34,3,46.09,43.68,NA,47.55,1767,895,1714,1722,56.69,1,40.14,NA,0,2573,62.27,2,0,53.48,3,48.49,1
846,0,37,8,1,0,2862,60.23,2,56.9,1379,NA,65.01,1098,1402,752,867,NA,2261,0,1,4,1238,0,63.15,1,1096,40.53,6,39.4,53.04,43.16,NA,37.4,4,44.18,48.67,45.75,45.88,1273,958,1757,1582,26.47,3,59.4,56.21,1,1164,50.58,2,0,43.3,4,67.37,0
847,1,38,15,5,0,3363,59.91,1,63.49,1000,1,54.43,2836,3056,3352,1812,2052,1615,1,0,3,820,0,50.62,0,1603,45.8,5,71.51,51.42,65.07,52.63,49.93,3,45.96,43.15,44.87,52.94,771,1244,1513,2109,57.9,5,48.95,58.64,NA,1747,51.67,2,1,NA,6,37.86,0
848,0,39,7,7,1,782,41.99,2,41.4,907,0,44.46,1707,828,635,977,539,537,0,0,0,NA,1,NA,0,650,61.08,5,38.02,42.46,47.96,41.91,46.31,1,45.79,56.66,47.98,58.01,NA,1326,1857,1400,58.77,4,52.55,33.32,1,640,29.46,6,1,26.09,0,35.03,1
849,1,18,6,5,1,1548,NA,NA,35.87,1533,1,56.55,1772,1209,2117,1473,1509,3649,1,1,3,1098,1,60.54,0,4060,49.24,4,58.82,53.78,56.4,51.46,50.89,NA,43.1,NA,41.12,38.79,4429,2354,1753,2405,65.57,5,59.33,64.74,0,1798,NA,0,1,68.62,4,60.05,1
850,0,37,4,2,1,3381,34.75,2,57.9,1793,0,55.39,1321,1695,885,1844,607,591,0,NA,4,688,1,37.77,NA,769,42.7,2,NA,42.37,54.51,39.65,37.77,6,52.35,49.55,49.95,53.99,3129,2117,3190,2062,61.64,5,37.29,48.13,NA,1178,48.99,4,1,43.24,4,50.39,0
851,1,34,7,3,1,1372,56.6,2,NA,1647,1,52.85,2387,2162,1367,1433,1589,1644,0,1,3,NA,0,51.52,0,1788,65.97,4,NA,49.91,41.88,53.97,56.1,2,57.72,46.06,41.41,60.12,1799,1483,NA,1833,66.38,5,67.35,47.51,1,2501,45.68,2,0,NA,3,48.44,1
852,1,22,9,9,1,3887,50.15,4,42.34,1850,0,23.08,2606,1495,1643,2657,1632,2133,1,0,4,1857,1,69.84,0,3652,31.02,2,51.92,47.12,48.24,67.37,71.56,3,53.56,50.92,47.73,40.27,2951,2297,NA,2989,62.5,4,68.13,45.12,1,1475,47.49,3,NA,44.33,2,58.93,0
853,0,41,7,2,1,3610,55.9,2,73.09,2190,1,45.04,874,NA,1513,2045,1387,NA,0,1,3,6030,1,71.13,NA,NA,NA,6,36.5,45.97,37.91,NA,45.59,3,48.79,53.21,36.07,NA,1036,1392,1332,NA,61.22,1,53.8,60.62,0,2477,53.88,3,0,69.44,4,61.49,NA
854,0,20,14,4,1,1942,NA,4,60.65,2408,1,49.59,1537,2747,2975,1704,782,812,0,0,4,1318,1,NA,1,NA,NA,1,44.88,39.97,44.66,43.63,59.75,1,NA,49.29,45.64,51.55,2926,2988,3591,2397,NA,5,54.67,53.36,1,2824,52.86,1,NA,52.63,4,49.95,1
855,1,36,6,3,1,792,39.17,2,39.58,845,1,36.97,NA,1916,1491,1369,1089,873,1,NA,4,1525,1,65.85,NA,2878,41.17,3,NA,37.33,43.45,27.95,47.38,1,46.99,51.93,36.46,47.73,NA,1461,925,1288,47.08,4,53.01,41.21,0,1582,33.74,6,1,NA,1,43.52,NA
856,0,35,0,3,1,1932,64.87,1,54.53,3641,1,47.03,895,901,823,950,NA,525,0,1,0,2939,0,56.75,0,1531,65.85,3,53.39,59.76,NA,75.33,53.56,0,49.5,41.53,54.23,48.22,642,915,857,675,60.3,0,59.44,47.96,1,2516,71.56,2,NA,55.92,2,41.67,1
857,0,30,13,4,1,3039,65.69,1,59.35,1426,1,70.1,1289,1293,782,676,899,2346,1,0,9,4271,1,71.02,NA,4414,39.99,5,50.85,37.45,61.9,49.73,51.13,2,63.59,60.64,58.85,39.21,2520,1870,NA,1090,34.85,3,72.78,57.85,1,2550,59.28,2,0,57.31,6,54.16,NA
858,1,35,2,2,0,687,NA,NA,36.17,1916,NA,42.44,669,755,620,1474,1318,NA,0,0,1,926,0,39.67,1,764,42.86,3,43.66,37.01,56.9,NA,36.7,3,45.19,43.82,49.79,35.53,514,574,456,599,35.08,1,30.78,59.16,0,1457,53.1,5,NA,52.94,2,58.23,0
859,1,56,15,2,1,2703,NA,4,51.52,2564,NA,62.06,1241,900,1483,1949,2636,1348,0,1,5,NA,0,56.19,0,1084,33.63,3,54.59,63.98,66.71,43.83,NA,2,68.73,60.21,55.07,47.6,1245,2193,1390,1328,48.25,NA,72.43,46.88,1,1518,51.78,NA,0,57.1,4,76.03,1
860,0,31,6,6,0,2854,65.27,1,NA,4602,1,64.08,1433,NA,3677,1816,1926,2713,0,1,4,1392,NA,62.93,0,2341,46.08,2,47.51,49.51,56.6,59.32,41.24,3,67.71,54.96,41.34,41.92,1631,2034,NA,915,58.35,3,41.6,64.66,0,4381,67.22,0,0,54.99,4,67.77,0
861,1,35,5,3,1,1168,56.98,NA,46.29,1259,0,51.37,1105,607,1384,453,473,489,NA,0,0,636,1,30.63,NA,1202,NA,3,NA,65.62,39.3,NA,54.74,NA,43.65,NA,54.04,49.56,543,1121,NA,596,56.67,3,36.49,41.24,1,953,43.32,5,1,54.11,2,47.72,0
862,1,45,1,3,0,815,NA,1,42.88,1220,0,41.26,1948,1098,1030,904,901,945,0,0,5,1063,1,60.6,1,1518,55.36,4,44.36,37.15,58.77,32,56.43,2,36.04,53.53,65.44,53.22,951,1216,1071,NA,NA,2,NA,47.82,0,593,40.23,3,0,31.42,NA,50.79,0
863,0,31,6,5,0,1208,61.73,6,67.13,1019,1,41.49,3180,813,2951,964,1221,2043,0,1,3,2614,1,59.24,NA,2478,41.28,4,53.86,70.74,51.32,65.24,48.82,NA,40.08,44.94,42.97,38.29,2135,1795,NA,1029,49.22,5,47.66,53.15,0,1709,52.17,NA,0,55.31,3,56.4,1
864,0,41,10,11,1,2181,61.04,1,58.06,2393,0,52.62,728,1636,1275,2524,NA,946,0,0,4,NA,0,43.94,1,1157,58.25,5,48.57,58.8,30.6,38.71,45.46,3,43.47,43.78,34.06,55.4,1378,2279,1785,2920,34.35,1,37.12,NA,1,703,41.21,NA,1,53.9,1,25.47,1
865,1,37,6,4,1,549,42.14,4,30.78,1198,1,52.2,915,558,2599,534,1769,1229,0,0,3,NA,0,37.51,0,1874,67.64,2,NA,32.61,44.18,42.35,29.12,5,32.53,29.23,42.85,51.03,540,342,NA,NA,41.4,0,21.92,30.48,0,282,43.65,5,1,30.4,2,31.9,0
866,1,39,13,3,0,2869,60.5,1,66.59,1411,1,63.38,2098,1056,719,2034,2751,1463,1,NA,1,3466,0,62.38,1,2199,51.15,3,NA,39.98,49.52,31.15,43.57,1,49.76,60.18,NA,NA,1505,1907,1725,3413,51.66,9,61.94,64.59,0,3174,62.1,3,0,NA,5,51.76,1
867,1,52,2,4,1,1663,37.87,NA,47.87,631,0,38.76,986,1397,1396,778,924,1248,0,1,2,NA,0,NA,0,1767,NA,1,39.89,NA,NA,NA,58.85,4,50.91,46.03,64.87,49.42,640,1312,797,908,48.43,2,NA,52.87,0,627,47.71,5,0,42.81,0,38.74,0
868,0,52,7,7,0,797,44.29,1,49.42,1473,0,40.72,1292,2479,811,430,886,NA,NA,1,4,1451,1,43.33,NA,NA,49.81,3,31.8,NA,48.44,NA,40.93,4,40.21,39.83,42.11,NA,1691,1045,1697,989,47.09,4,57.01,34.73,0,893,46.83,4,1,43.88,0,56.44,0
869,0,18,10,8,1,823,46.63,1,52.98,828,NA,35.09,2291,2245,6275,2550,1154,725,NA,0,0,NA,0,53.95,0,1239,62.94,3,43.62,53.94,52,60.77,72.69,4,NA,35.77,48.12,60.91,NA,1164,530,507,45.66,1,46.37,18.57,0,1093,27.15,4,NA,43.44,1,NA,0
870,0,44,11,6,1,1467,59.73,2,45.87,1265,1,48.29,3360,3268,1691,2818,1965,1494,1,0,6,2620,NA,58.34,1,1766,38.07,1,NA,NA,NA,44.73,NA,4,NA,43.38,54.38,41.3,813,757,653,532,55.58,2,39.18,NA,1,1326,48.34,1,1,60.39,4,53.04,0
871,1,18,9,4,1,4258,67.42,0,56.91,1486,0,58.88,1411,3311,1907,1428,1044,1868,1,0,3,1639,0,75.96,0,2255,47.95,3,55.39,58.49,41.73,NA,NA,1,53.36,60.19,37.7,47.38,1600,2619,2136,2563,55.33,5,49.22,46.62,1,2074,52.8,3,1,52,4,48.57,0
872,1,43,6,5,0,4433,NA,3,36.87,2718,0,63.62,1761,3408,1673,1391,3744,2206,0,1,4,2816,0,49.92,1,1012,26.73,NA,41.99,NA,58.11,NA,32.43,2,NA,57.53,57.29,48.42,699,869,901,1037,38.54,2,63.71,67.1,0,1608,52.61,3,0,41.53,2,60.24,0
873,0,56,6,4,0,1642,NA,NA,53.89,3060,0,43.15,NA,919,774,1855,1515,1525,1,0,1,814,1,48.83,1,1381,52.4,1,51.13,58.85,52.81,55.43,36.06,3,48.55,37.49,47.7,47.06,1928,1717,1100,2792,77.77,NA,47.84,30.1,1,272,29.13,NA,0,37.42,0,36.81,0
874,0,50,6,1,1,2587,45.99,2,47.34,1500,0,43.52,360,1577,547,1233,NA,2585,0,0,2,1963,0,38.8,1,393,47.78,6,NA,60.05,44.37,51,NA,5,55,NA,34.19,NA,1597,870,1953,1102,59.58,5,34.82,41.86,0,1903,39.01,4,1,57.34,2,51.45,1
875,1,27,4,2,1,1057,39.4,5,40.41,256,0,38.61,NA,NA,724,695,2117,862,1,0,0,NA,1,38.61,NA,921,42.32,2,37.01,47.9,55.86,46.68,51.01,3,47.58,38.74,56.29,42.14,1874,1156,1354,1255,35.34,NA,NA,56.33,1,598,48.74,2,0,47.84,0,NA,0
876,0,46,11,2,0,2135,58.51,0,63.65,3699,1,64.52,1620,938,NA,1254,1559,1528,0,1,2,1079,0,33.99,NA,NA,46.85,3,49.95,56.73,59.05,47.15,NA,5,35.94,67.21,52.04,NA,1792,2592,NA,4129,76.9,5,44.18,57.62,0,1319,41.92,NA,1,57.14,4,42.79,1
877,1,63,11,5,0,1402,63.04,5,NA,1413,0,43.42,1048,1084,687,1541,994,1687,1,1,2,5715,1,NA,NA,2166,66.18,4,NA,40.53,41.46,44.11,NA,6,48.39,39.37,58.33,NA,1987,1171,966,1933,54.18,5,45.41,56.47,0,916,50.34,2,0,54.29,1,40.02,1
878,1,43,11,4,1,2827,72.68,3,53.39,746,1,50.18,NA,1837,2527,2334,3090,2012,0,0,3,1262,0,60.8,1,1306,23.34,2,50.43,72,55.34,45.39,48.98,2,57.94,46.67,65.44,45.75,1605,2303,1281,1460,56.53,8,61.98,56.37,0,3084,65.25,NA,0,45.08,6,56.4,1
879,0,29,7,3,1,1909,51.23,2,47.71,1112,0,NA,1246,NA,1668,557,1017,1194,1,1,1,2135,0,47.84,0,1234,46.64,1,35.32,57.07,47.35,74.89,NA,2,34.93,40.99,57.29,NA,829,1499,1326,2643,NA,5,53.55,32.57,0,432,47.44,6,1,47.79,3,NA,1
880,0,62,6,5,1,2661,56.68,4,41.55,1620,NA,41.11,1363,2279,1302,978,1501,474,0,0,4,1942,1,50.89,1,789,42.28,4,55.15,47,NA,46.46,53.61,0,36.88,65.79,64.69,56.67,2226,3548,2520,1910,45.69,6,35.72,51.9,NA,818,38.98,NA,1,54.14,3,27.86,NA
881,0,31,8,6,1,2330,56.09,3,62.67,755,0,60.26,862,1714,510,876,841,1225,0,0,3,1837,0,50.21,NA,788,62.21,1,47.73,48.75,67.59,43.26,45.35,1,76.76,47.51,50.61,64.53,NA,996,743,814,41.9,6,53.22,64.14,1,2174,55.41,NA,0,42.42,4,NA,1
882,1,32,9,4,1,3832,48.67,2,71.41,1256,NA,50.06,694,789,1083,1084,646,2159,0,NA,4,677,NA,44.52,1,1587,34.43,3,28.2,56.11,21.85,39.63,49.48,NA,59.21,47.98,52.03,51.42,NA,4247,2759,3031,66.67,5,53.95,62.53,1,2629,68.96,NA,1,59.05,5,68.63,NA
883,0,29,2,8,1,1690,41.77,1,64.36,2330,0,44.1,2205,1411,808,956,4663,786,1,1,3,616,0,41.78,0,515,44.03,5,52.03,50.39,56.52,NA,46.31,3,50.35,51.96,41.38,NA,2256,980,2263,1691,44.1,1,NA,63.19,1,1693,61.62,NA,0,56.65,4,52.3,1
884,0,43,8,4,1,2291,NA,3,55.79,1748,0,58.87,1592,1020,788,766,NA,1425,0,1,2,441,1,52.29,0,NA,NA,3,56.43,35.23,33.04,56.64,48.55,2,NA,NA,48.13,46.37,824,NA,1219,1123,37.28,5,46.74,64.13,1,1915,52,1,NA,46.17,5,53.24,1
885,1,52,4,4,0,961,38.49,6,23.58,1917,1,NA,1164,826,1136,1349,680,2724,1,1,4,587,1,45.44,0,1580,42.87,1,62.43,75.64,48.19,NA,62.07,3,42.42,71.99,47.21,46.57,912,685,716,964,64.54,2,47.41,NA,1,847,43.43,3,NA,33.69,2,48.2,0
886,0,47,3,3,0,1462,19.25,3,56.9,657,1,22.68,2254,654,732,NA,1380,761,0,0,3,1221,1,50.05,1,NA,56.05,2,38.88,44.07,35.22,NA,54.9,0,55.29,53.63,64.03,NA,601,461,578,545,44.08,3,57.17,40.26,1,792,44.82,NA,1,52.17,1,32.29,0
887,1,37,8,5,1,5235,73.14,3,55.87,1605,1,NA,NA,2590,2064,3343,1610,1473,0,0,5,1713,0,48.73,1,2372,NA,4,64.15,35.45,51.76,62.24,55.63,2,62.33,52.02,61.86,52.65,2553,3974,3902,3875,71.19,4,59.04,NA,0,1147,37.69,6,1,47.7,2,NA,0
888,0,27,3,3,0,1827,51.63,3,60.17,1264,0,44.64,1844,1674,852,542,NA,1779,1,NA,5,NA,0,61.56,1,2411,59.86,0,38.06,30.65,NA,31.46,35.91,3,NA,46.88,47.43,34.86,1043,1676,1895,711,58.62,3,50.8,37.69,0,803,26.64,4,0,NA,1,27.14,NA
889,0,52,6,4,1,1886,53.75,4,55.3,1611,0,50.7,512,1276,1117,799,821,1471,0,1,NA,670,0,44.05,1,1417,48.75,2,44.29,51.2,71.95,56.14,63.06,0,51.92,NA,42.16,64.27,NA,569,1375,977,40.94,4,18.64,47.64,0,2197,59.37,2,0,NA,5,51.25,1
890,1,46,5,1,0,3377,63.25,5,41.35,1441,NA,45.33,2376,820,1750,1592,1213,NA,0,0,NA,2869,0,NA,1,2269,45.49,4,46.96,52.76,40.26,72.48,60.4,5,55.47,26.34,59.62,24.16,NA,443,NA,402,43.05,2,53.33,53.89,0,1753,49.53,3,0,55.15,3,48.43,1
891,0,49,4,1,1,1672,51.26,4,61.17,1760,0,54.74,586,1172,731,436,1073,990,0,1,1,819,0,31.44,0,591,59.64,4,NA,51.53,50.55,39.39,35.17,4,43.57,NA,NA,35.73,334,564,344,504,NA,3,38.89,NA,1,1586,54.67,NA,0,46.75,4,NA,1
892,0,32,12,6,0,2502,46.23,2,43.2,1342,1,51.34,1361,819,904,1122,2289,937,0,1,NA,2692,1,51.96,1,1965,38.25,1,41.53,58.96,36.98,55.53,NA,2,70.61,61.34,58.79,49.02,1677,2140,1519,2030,NA,0,49.16,NA,1,1073,65.06,NA,0,43.82,4,48.64,1
893,1,33,16,4,1,3418,NA,1,56.96,1393,1,67.59,2840,1727,2869,3251,2168,NA,1,0,5,2789,1,60.34,1,1602,NA,6,52.69,53.24,38.33,58.76,53.57,2,NA,52.66,38.11,49.23,NA,2725,1312,NA,62.53,6,NA,47.95,1,896,41.95,5,1,49.98,3,53.17,0
894,0,41,13,1,0,2828,46.26,3,51.38,616,1,46.02,938,1926,1295,761,628,NA,1,1,4,NA,1,39.66,0,2264,NA,3,47.4,46.49,42.99,48.99,52.17,NA,48.95,57.83,54.19,65.57,1819,1493,3115,3595,55.43,2,25.64,52.48,0,1167,63.42,4,0,42.38,0,58.61,0
895,1,40,11,4,0,2605,NA,4,87.43,1416,0,69.39,1479,1862,3747,3762,2800,4693,1,1,4,1663,1,64.8,NA,1626,37.54,3,39.73,51.71,NA,44.67,55.2,5,57.89,65.94,NA,45.33,2232,4472,2926,2903,NA,5,41.31,47.65,1,1563,64.73,5,0,54.85,5,NA,1
896,1,26,6,6,1,1472,NA,4,32.22,796,0,40.63,NA,3097,1723,1365,2442,1446,0,1,4,1965,1,75.58,1,3623,44.38,NA,44.98,53.78,68.73,51.5,43.99,NA,46.75,56.75,49.02,48.62,2150,4173,1944,2527,56.29,4,49.06,44.55,0,NA,40.75,4,0,40.42,2,48,NA
897,1,53,-0,7,1,987,51.46,4,35.03,2127,1,34.39,653,850,1008,528,1068,1781,NA,0,NA,1317,0,48.68,0,3143,59.18,2,40.7,46.97,58.37,57.1,53.56,4,NA,52.31,43.36,58.04,NA,557,523,483,20.9,0,NA,NA,1,1253,41.33,3,NA,44.24,1,NA,1
898,1,45,3,3,0,1528,45.11,3,51.4,1828,1,52.03,1780,661,2566,1734,2012,569,0,0,NA,1068,1,32.07,0,686,66.75,3,50.21,44.6,58.65,43.1,NA,0,50.15,50.74,51.44,NA,826,957,NA,501,59.68,3,53.01,62.99,1,2341,52.67,1,1,68.33,5,62.08,1
899,1,32,7,11,1,2100,NA,3,61.41,2787,1,68.28,1830,1829,2386,982,1353,880,1,NA,2,407,0,39.19,0,1081,49.69,4,46.18,40.78,70.63,NA,NA,4,NA,53.31,44.7,40.49,NA,907,1777,2092,42.47,1,41.47,33.2,0,1150,24.65,4,1,54.44,1,42.82,0
900,0,40,2,7,1,2163,NA,3,40.79,778,0,49.25,1252,358,2107,855,1047,864,0,1,2,436,0,47.08,0,941,34.62,4,60.64,38.42,NA,53.21,63.22,2,52.41,49.5,66.2,57.94,1184,1151,765,908,45.89,4,40.72,60.28,NA,1917,54.16,2,0,66.77,5,50.46,1
901,1,42,3,4,1,1769,51.83,2,60.6,3098,1,53.51,580,1393,993,2441,750,1480,0,1,0,307,0,41.41,0,880,42.55,4,44.96,57.82,32.24,42.14,41.06,4,50.13,46.99,45.05,55.91,3255,4045,5961,3352,50.36,3,58.46,NA,0,1634,48.4,1,NA,53.89,5,56.76,1
902,1,37,5,2,1,3508,59.47,2,45.22,2018,1,54.27,2862,2691,3072,1139,3260,1881,0,0,2,1986,1,29.56,0,NA,47.92,6,25.55,47.26,30.98,46.71,47.57,4,NA,35.99,51.82,67.24,1467,832,NA,1798,54.46,3,47.01,59.41,0,NA,52.64,0,1,56.84,3,46.84,0
903,0,57,8,5,1,2678,48.39,2,61.73,612,1,NA,3081,1308,2009,2177,2909,2441,0,1,5,2155,1,80.13,0,2929,45.46,1,51.55,57.28,50.42,49.72,66.09,1,NA,45.6,55.37,57.11,1999,2900,3513,3400,39.87,NA,48.61,49.71,1,1584,52.94,2,1,45.74,1,46.31,1
904,0,36,3,3,1,1697,42.79,4,60.72,2165,1,57.13,2034,1242,1173,710,924,908,0,1,1,1736,1,50.34,0,1098,NA,0,40.81,54.8,38.29,63.74,43.52,NA,34.9,53.5,58.98,48.51,971,826,642,584,47.08,2,44.15,NA,1,2592,43.81,NA,0,60.92,1,38.88,1
905,0,41,2,8,1,937,NA,5,38.84,975,0,50.41,850,771,561,1998,979,1184,0,0,1,717,0,43.11,0,1519,60.55,1,41.86,41.86,50.07,58.13,61.08,4,NA,74.41,55.66,34.07,993,NA,546,681,40.19,2,46.58,36.07,1,1101,33.18,NA,1,55.39,2,43.14,1
906,0,31,6,5,0,2892,53.48,2,50.73,1343,0,34.28,928,NA,717,1026,1304,697,NA,0,2,820,0,46.36,0,NA,50.81,4,46.04,51.02,46.04,43.31,58.77,4,53.47,27.27,65.4,50.43,1641,1070,1415,586,48.28,NA,69.67,26.31,1,387,38.79,NA,1,28.78,2,28.7,0
907,0,25,7,3,0,3733,54.2,2,53.08,2494,1,49.58,1459,1232,1585,2173,1979,NA,1,1,3,1417,0,51.03,1,3665,45.06,4,55.1,57.75,54.96,61.07,37.63,1,46.84,NA,53.47,39.74,795,1458,1812,1084,35.37,NA,NA,54.85,1,1530,45.56,1,1,47.58,3,49.69,1
908,1,54,6,3,0,2985,44.28,5,45,841,NA,51.11,1244,518,1721,467,4178,1482,0,1,5,2687,1,50.5,0,3174,36.9,2,50.92,NA,55.68,58.51,48.67,4,52.82,31.43,35.82,67.41,2117,1548,NA,1438,52.95,2,67.02,NA,0,4618,46.76,2,1,41.69,4,50.97,1
909,0,47,7,1,1,3804,73.33,0,60.05,3881,1,NA,956,993,2986,3127,1776,1560,NA,1,6,NA,1,62.01,1,1442,54.19,2,NA,50.13,38.36,36.52,42.87,1,52.72,40.04,61.18,63.02,913,424,996,710,48.91,4,61.82,51.04,0,1352,55.57,2,1,53.04,4,NA,1
910,0,51,4,3,1,858,65.55,3,35.85,2503,0,44.33,822,1148,1154,703,NA,2826,1,1,1,1281,0,42.01,0,NA,55.24,3,34.06,37.12,54.52,53.57,56.12,3,38.24,46.17,24.87,44.64,NA,436,837,531,33.63,0,31.05,33.78,0,486,23.08,3,1,36.08,1,39.35,NA
911,0,66,4,4,1,897,27.45,7,37.28,1877,0,48.72,344,815,511,1963,1357,1087,0,0,2,994,0,62.35,NA,536,61.67,1,67.77,44.68,34.07,NA,58.48,4,53.44,55.87,48.9,NA,1775,1188,3311,1451,53.23,5,44.99,38.69,1,1834,42.05,2,0,47.56,2,49.25,0
912,0,30,11,6,0,1633,49.4,3,50.87,1095,0,62.3,1198,1974,2287,1355,878,2764,NA,1,6,530,1,59.31,0,1713,60.69,4,33.32,39.71,57.16,46.55,41.54,4,26.41,43.97,46.5,42.65,1103,746,754,619,46.09,NA,46.63,51.43,0,4054,42.85,2,1,48.55,3,39.51,0
913,0,63,11,2,1,1380,33.08,2,37.09,603,NA,47.29,1100,1045,4352,1632,2763,725,1,1,2,1288,1,50.4,0,685,33.73,1,52.41,81.19,33.13,45.45,48.78,1,NA,50.37,NA,61.82,NA,4400,1527,1424,55.07,5,62.09,NA,0,1745,51.79,0,0,NA,3,56.94,NA
914,0,44,9,4,0,1181,NA,3,53.71,931,0,60.6,1498,2195,1777,2074,2562,1935,1,1,3,NA,0,45.71,1,660,35.27,2,42.11,26.57,46.78,57.46,33.13,2,53.64,68.02,64.35,57.5,359,932,347,380,43.38,2,49.77,61.43,1,1879,NA,3,0,60.2,3,63.1,1
915,0,30,10,8,1,3984,41.36,2,NA,2954,1,56.34,1507,1569,1192,1952,1346,1573,0,NA,2,1052,1,34.52,0,454,54.08,4,43.13,39.98,37.78,49.24,51.51,0,NA,50.29,49.74,41.32,1108,980,NA,1133,59.77,2,52.41,59.71,1,3786,66.93,3,0,62.82,3,47.48,1
916,0,40,15,1,1,4324,49.22,4,33.89,2568,1,40.84,1100,1521,1235,875,1730,1637,1,0,3,1112,0,50.08,0,2150,45.74,4,40.49,16.9,43.64,40.22,48.89,4,25.66,33.4,47.18,39.02,1302,1682,1071,1839,45.33,2,48.6,49.56,1,NA,54.13,NA,NA,65.12,3,44.3,1
917,1,37,9,4,0,3432,64.85,2,52.63,3879,1,NA,1169,1256,2872,1774,1776,1190,1,1,4,NA,1,NA,NA,5334,55.44,2,53.39,50.44,64.25,71.12,52.86,2,54.89,46.83,43.8,55.61,3144,1681,2514,2976,37.63,NA,NA,65.1,0,2104,61.14,0,NA,51.19,4,52.34,1
918,0,52,11,2,1,2660,54.58,1,55.78,3818,1,62.08,926,NA,NA,2710,1266,384,1,NA,1,356,0,NA,1,NA,37.6,0,72.43,50.73,50.28,57.25,53.02,2,59.34,45.65,NA,68.83,1242,937,1687,1142,58.35,NA,66.75,NA,1,1600,62.95,3,1,40.26,4,64.46,1
919,0,63,5,6,1,3045,NA,4,54.93,4346,0,46.87,1593,2837,1500,1571,1865,1413,NA,0,3,700,1,49.59,0,674,41.34,3,NA,48.73,44.26,52.91,37.92,1,33.42,NA,52.56,51.56,649,1033,1063,1134,53.55,1,45.32,NA,0,2259,58.62,1,0,53.07,4,54.32,0
920,0,18,8,3,0,2359,57.37,3,48.45,607,1,48.29,808,1503,1123,1403,956,888,0,0,4,1243,0,55.05,NA,735,43.8,2,62.6,61.29,48.93,59.01,55.37,4,60.26,53.92,52.2,35.47,2470,NA,2146,2072,49.4,4,38.38,59.89,0,1412,44.79,NA,0,53.79,4,43.63,0
921,1,59,6,6,1,1410,61.08,NA,56.21,2703,1,NA,1171,1132,3377,927,881,603,0,0,3,NA,1,NA,NA,1032,47.1,1,40.15,44.94,NA,NA,70.07,0,33.19,77.35,55.47,NA,1675,1758,1782,1473,41.35,2,56.73,55.66,0,907,46.49,2,0,40.81,0,34.54,NA
922,0,47,8,7,0,1937,44.9,1,62.83,2314,0,46.9,NA,1069,NA,1611,1259,NA,0,1,NA,4492,1,66.92,0,NA,52.11,3,NA,48.48,NA,54.02,66.15,3,67.47,38.32,60.08,49,958,920,1362,958,64.29,0,45.82,54.29,1,1954,44.01,3,1,61.7,5,48.48,1
923,1,49,3,7,0,1924,37.91,1,32.83,548,0,46.51,1340,1777,1485,746,1029,851,NA,1,3,2391,0,51.06,1,1098,55.82,2,54.26,45.46,61.07,66.13,35.04,8,54.34,42.93,36.51,44.78,2668,2188,2000,3765,44.53,3,31.22,59.64,0,3068,58.18,3,1,57.31,3,57.86,0
924,1,63,11,2,0,7097,NA,3,64.83,2339,1,57.24,3418,1266,2192,1833,2293,525,0,1,2,773,1,50.34,1,1819,63.25,0,57.47,66.48,42.92,45.27,NA,4,57.22,46.96,45.83,NA,673,1733,887,1383,66.01,3,79.33,50.66,1,2066,48.09,1,1,46.44,2,64.42,1
925,0,47,5,3,0,1981,NA,5,37.88,1963,1,48.03,1420,902,1232,1046,954,1719,1,NA,4,NA,1,57.99,1,2897,39.1,3,47.56,66.28,35.76,NA,45.8,2,51.77,NA,51.39,48.85,3328,3800,2125,2506,58.06,2,36,51.84,1,1354,58.84,NA,0,51.36,4,50.04,NA
926,0,23,3,2,1,914,52.57,2,48.06,1103,0,53.98,744,3277,934,2315,1129,817,1,0,4,1195,0,45.97,0,1242,62.2,3,43.32,46.67,52.5,50.89,39.09,4,42.33,37.57,34.71,42.86,1412,1338,1620,1795,37.73,2,48.86,NA,0,NA,32.79,NA,1,50.62,2,47.37,0
927,0,38,8,5,1,2042,38.24,1,49.34,1026,NA,45.94,NA,1693,969,1178,949,2580,1,1,3,965,1,44.61,1,1206,53.77,4,46.1,55.03,NA,52.35,41.64,2,48.33,33.21,43.59,37.18,3506,5886,3118,2521,62.56,8,65.71,42.83,1,1990,51.06,1,0,71.17,5,59.19,1
928,1,27,11,4,1,4566,53.31,6,51.23,1365,0,42.57,656,1326,NA,1127,417,NA,0,0,NA,626,0,53.1,0,NA,37.34,4,44.1,57.73,35.39,57.04,41.82,4,42.35,63.64,43.06,54.85,1628,1250,1411,1161,49.77,4,55.96,63.99,1,855,46.52,5,1,40.64,0,52.98,NA
929,0,29,11,6,0,2133,62.42,4,29.92,1550,NA,55.25,843,3317,935,2204,2200,501,1,1,0,811,0,40.96,0,NA,62.69,3,48.07,43.71,39.33,56.6,61.39,4,54.24,39.53,59.72,57.63,927,792,NA,597,30.5,NA,41.11,54.51,0,1937,57.76,4,0,42.85,3,49.26,1
930,0,33,2,3,0,1456,44.58,3,44.44,2157,0,48.31,2555,2694,1291,1917,6574,1181,0,1,NA,1969,0,43.6,1,1317,35.88,4,61.14,48.67,63.22,61.97,52.45,3,43.95,61.4,60.54,55.49,1834,1923,1379,NA,59.79,NA,39.39,59.2,1,2717,53.01,0,0,NA,4,NA,0
931,0,30,8,2,0,4347,39.9,7,52.25,2044,1,65.99,757,742,1048,717,484,1975,NA,0,3,1107,1,56.99,1,1493,48.54,2,39.47,56.16,46.39,54.45,58.05,2,52.22,44.78,50.45,46.61,NA,1619,1882,2261,50.78,NA,57.29,NA,1,1857,50.11,4,NA,28.38,2,53.14,0
932,1,42,8,2,1,3708,50.44,NA,38.3,1476,0,63.56,2928,1497,4688,2889,NA,2315,0,1,3,2633,1,52.88,1,2718,45.68,5,44.37,45.41,49.27,48.28,60.18,2,61.53,53.69,26.6,33.9,1946,1065,1202,1459,55.43,3,NA,66.37,1,1510,44.07,NA,1,40.73,1,72.57,1
933,0,48,5,5,1,2434,69.41,0,53.26,2548,0,50.75,522,NA,732,483,726,1384,1,1,5,1578,1,64.79,0,NA,43.98,3,67.03,46.42,60.58,29.89,57.36,2,68.59,48.51,59.32,NA,1362,1117,1214,1350,49.58,1,58.9,NA,1,727,59.12,3,1,NA,2,44.1,1
934,0,35,13,3,1,2567,41.72,2,28.43,1029,0,50.82,993,1448,1530,1141,1118,NA,NA,1,6,3723,1,58.5,0,NA,52.96,1,61.88,48.29,53.64,49.61,59.95,1,40.5,48.92,62.63,NA,1909,1570,1755,2357,54.61,5,59.81,54.17,1,1315,42.71,0,0,61.5,5,71.62,1
935,0,49,7,3,1,1076,51.58,3,46.07,1253,1,46.4,NA,1008,2164,2165,712,1608,0,1,5,1255,0,50.19,1,NA,55.51,4,48.17,46.72,46.05,33.06,52.06,0,54.68,49.78,56.21,28.48,1336,816,NA,789,54.13,2,59.88,43.28,0,1321,57.56,NA,1,53,4,46.78,0
936,0,48,15,6,1,3757,65.45,2,51.19,1449,0,64.05,1185,1186,931,2166,2809,2294,1,NA,4,1011,1,47.75,1,662,NA,2,46.38,49.99,35.93,32.72,40.82,3,38.79,50.13,47.72,47.92,2841,2394,851,1188,43.58,5,50.96,51.09,0,3468,57.16,NA,1,NA,2,58.33,0
937,1,33,7,4,0,2219,57.34,4,NA,1789,NA,54.23,2790,5765,1551,3433,NA,693,0,0,3,NA,0,39.33,0,872,43.79,2,56.02,63.24,41.46,66.38,42.35,3,31.51,57.64,38.49,NA,2263,2483,2225,NA,57,3,61.97,60.76,0,1341,47.81,1,0,56.9,6,NA,1
938,0,52,10,4,1,1984,NA,2,48.99,1355,1,56.28,1730,NA,1651,718,2291,1623,0,NA,2,1083,0,45.6,1,1568,45.84,5,52.02,67.68,42.97,NA,71.77,3,54.64,46.76,67.22,69.9,1164,1981,1995,934,49.28,4,24.41,48.45,0,1096,50.15,3,0,44.6,2,67.36,1
939,1,35,4,5,0,2579,63.88,2,59.54,2121,1,NA,759,1053,NA,2135,573,1436,1,0,5,1180,1,58.54,0,2337,58.85,2,69.75,51.2,NA,57.83,72.35,4,60.64,49.99,49.93,51.43,1356,754,1039,1041,58.2,NA,43.5,50.99,1,2549,64.33,1,1,57.47,6,66.33,1
940,0,32,7,3,0,970,39.29,3,34.63,1304,0,41.94,1319,1787,789,679,1023,725,0,1,5,1593,1,45.48,0,2821,50.25,2,43.89,55.39,35.86,52.24,64.23,2,53.45,36.4,60.16,NA,491,453,386,458,68.77,4,52.8,54.56,0,2006,61.79,4,0,55.74,3,NA,NA
941,0,32,10,3,1,1758,49.89,0,51.68,1038,NA,44.44,3129,855,680,881,1247,2147,1,0,4,693,0,42.56,0,1960,58.85,4,51.52,63.96,NA,45.38,34.97,4,62.14,52.4,55.14,53.21,1392,1781,1768,1803,36.62,1,53.42,70.05,0,4297,54.49,3,1,53.4,3,NA,0
942,1,26,10,4,0,1338,48.46,6,20.9,566,1,36.92,NA,1943,1898,1639,1311,712,0,0,3,995,NA,38.28,0,865,39.08,3,65.75,57.92,53.08,55.07,51.2,2,40.95,50.89,50.26,49.44,599,1114,1520,588,62.66,NA,44.5,43.83,1,1709,44.34,3,0,41.28,1,39.39,1
943,0,30,7,4,0,3001,53.54,3,NA,914,0,38.37,2925,1358,1058,1408,1221,806,0,0,2,598,1,38.32,0,1278,57.15,2,37.22,49.39,63.64,43.1,NA,1,41.72,43.92,41.29,48.03,764,589,682,882,35.91,4,39.62,NA,1,841,44.47,4,0,51.74,4,49.12,1
944,1,32,4,2,0,1847,36.4,5,40.56,1299,0,55.5,536,804,703,1430,1492,1864,1,0,4,477,1,43.95,1,2779,48.45,3,NA,53.03,41.47,55.13,44.57,2,36.09,47.71,68.96,33.15,698,NA,NA,589,40.34,4,45.07,42.93,1,NA,45.45,NA,0,NA,3,59.15,1
945,0,51,7,5,1,6103,52.74,6,72.26,2114,1,56.84,1627,1026,1765,1806,3210,2380,1,1,4,1292,0,54.17,NA,5272,37.3,4,41.29,59.83,50.7,NA,NA,NA,25.75,53.55,31.9,62.22,642,1054,1726,1489,57.03,3,49.4,42.02,1,2593,53.65,0,NA,42.49,5,67.13,1
946,0,45,11,7,1,1168,48.98,4,45.9,2004,1,NA,2175,1055,714,981,672,871,0,1,2,1216,0,63.12,0,1369,31.16,3,NA,54.88,41.22,41.3,51.31,4,30.54,42.56,46.5,57.17,1599,1327,1231,963,38.8,3,65.05,25.99,0,880,43,4,NA,53.2,2,39.28,1
947,0,18,6,1,0,1074,37.41,4,58.94,2481,1,43.2,343,917,1468,464,944,835,0,NA,NA,1863,0,44.62,0,796,75.58,NA,50.09,51.48,47.4,46.37,53.73,4,58.48,43.04,NA,54.79,1517,1670,2423,2450,64.71,5,63.01,36.99,1,2672,42.92,NA,0,52.5,3,NA,0
948,1,67,7,6,0,1673,70.86,4,55.45,1202,1,59.86,422,992,971,1227,614,1153,0,0,2,626,0,29.84,1,NA,53.31,0,42.04,58.54,48.9,58.27,45.46,1,45.48,66.22,45.79,55.65,1659,2212,2783,1133,60.14,4,52,44.36,0,1748,43.24,3,1,37.75,0,40.33,0
949,0,39,7,2,0,2050,NA,6,64.4,1586,1,45.16,1541,812,1099,3582,1372,3073,1,1,5,2076,NA,60.02,0,NA,53.22,1,23.89,56.31,55.4,32.43,51.32,1,60.73,59.64,37.63,43.48,2337,1778,4690,1724,48.05,2,36.96,42.11,0,1350,45.24,5,NA,53.48,3,44.83,0
950,0,34,6,4,0,2271,NA,3,41.88,1058,0,NA,643,1860,1353,2340,1941,2232,1,0,5,2645,NA,64.53,1,NA,44.77,1,56.91,65.15,55.87,55.35,62.09,4,NA,71.02,56.11,42.15,1222,1438,1687,1102,NA,2,50.67,NA,0,1259,46.15,NA,0,49.46,1,42.07,1
951,0,39,3,2,1,2837,47.93,3,45.55,721,0,56.61,953,NA,420,1070,608,NA,NA,0,2,1062,NA,50.3,0,794,64.21,6,37.54,56.28,49.38,34.9,46.39,1,38.8,44.71,50.27,57.23,1366,2140,2473,1831,67.08,4,49.36,58.32,1,1815,56.52,1,1,54.22,4,43.42,0
952,0,42,6,2,1,2037,NA,0,54.73,2694,0,56.63,2314,1882,1031,1836,NA,1818,1,1,1,2747,0,62.62,0,1413,51.76,1,57.03,43.34,43.48,61.16,NA,4,NA,54.26,67.48,48.83,NA,620,839,NA,49.39,0,38.91,45.12,0,1451,44.73,4,1,46.05,0,64.61,0
953,0,25,8,2,1,2144,70.17,2,NA,665,1,57.15,2351,NA,3519,1931,5034,420,0,0,1,639,1,29.23,0,902,45.93,1,66.11,60.56,46.46,63.25,35.88,2,67.61,70.46,65.35,59.13,2012,1235,981,936,56.78,3,54.96,60.84,1,710,50.43,1,0,55.14,3,53.51,1
954,0,41,6,4,0,1312,36.74,1,43.21,966,1,51.19,542,2151,2423,497,1217,1350,1,0,3,NA,0,35.98,0,757,50.99,3,45.67,47.79,NA,43.21,42.03,3,55.98,51.9,61.58,31.39,1724,2234,1619,1056,52.29,6,64.03,60.63,NA,3684,65.82,3,1,49.15,6,58.12,1
955,0,18,7,3,1,4872,62.33,2,54.52,1224,0,60.68,1493,2758,1407,NA,1238,2272,0,0,4,1573,1,39.79,1,3974,53.57,1,55.15,57.8,58.29,40.88,57.22,1,NA,51.81,67.87,50.29,830,1044,NA,1385,39.28,4,NA,53.2,1,3460,60.48,4,0,37.41,4,56.93,1
956,1,27,15,6,1,2640,45.22,3,57.76,1637,1,53.05,989,1335,1088,1248,1604,646,0,0,6,1036,0,40.91,1,1660,43.57,3,35.36,47.37,56.55,46.61,49.89,NA,58.2,56.02,45.5,50.66,517,545,1459,476,38.48,NA,51.34,49.95,0,1687,34.66,4,0,37.26,2,37.43,0
957,1,56,18,8,0,3257,48.38,3,70.16,907,1,38.23,633,2385,1812,NA,4624,1215,0,0,NA,1788,0,59.4,1,799,60.68,2,46.89,38.04,51.06,62.82,36.69,3,55.51,50.32,NA,NA,884,NA,NA,986,NA,4,65.87,38.61,0,1219,41.59,3,1,31.17,2,26.58,NA
958,1,27,12,2,1,1235,46.98,3,34.43,827,1,39.78,4375,4696,3254,1662,2953,1147,0,1,5,1417,1,NA,1,1589,35.13,5,NA,37.34,28.67,42.53,56.28,6,48.53,48.4,58.54,NA,NA,1366,1651,2141,65.82,1,NA,43.84,0,729,46.07,2,1,52.08,3,57.05,0
959,0,37,6,3,0,1027,59.77,1,56.08,1677,1,46.19,3429,1637,1890,1470,1240,956,0,0,2,2429,NA,NA,1,1458,45.88,3,39.3,59.03,56.93,NA,60.24,1,45.41,37.91,50.57,55.25,1204,2320,1751,1192,50.81,2,45.01,56.63,0,2614,52.58,2,0,43.69,4,66.13,NA
960,1,31,11,7,1,1557,52.17,3,65.07,1458,1,65.61,690,908,1148,1351,1862,3821,1,0,3,NA,NA,65.31,0,1639,56.61,1,37.27,35.39,NA,42.07,48.6,5,52.97,30.53,40.72,50.11,2009,2326,1178,867,56.49,3,64.33,58.35,1,NA,53.77,5,NA,46.17,3,53.49,0
961,0,46,4,7,1,1357,48.84,3,48.3,NA,0,36.82,966,1526,1030,587,855,1059,1,NA,4,NA,1,58.49,0,2245,54.17,4,45.31,48.62,NA,NA,36.67,NA,44.6,21.88,37.56,37.06,1015,951,1427,1598,50.47,0,60.98,33.19,0,513,37.48,6,NA,36.13,1,NA,0
962,0,30,7,1,1,1667,50.75,2,48.49,816,1,67.05,1552,5393,2254,743,5338,1297,1,1,NA,3689,1,NA,1,NA,37.68,3,61.25,58.77,47.3,46.97,56.57,NA,57.51,NA,52.66,56.12,609,1852,1042,635,35.24,1,41.74,45.96,0,1775,52.05,2,1,53.01,3,53.4,1
963,0,46,6,5,0,1432,51.18,7,39.59,787,1,39.25,880,892,NA,1836,1275,1053,0,NA,2,NA,0,56.05,NA,1267,66.06,2,45.99,34.39,43.12,33.12,64.38,2,47.78,64.16,51.99,58.6,914,994,1065,894,37.33,3,40.93,32.63,0,841,53.68,4,1,49.33,1,35.02,NA
964,0,46,9,4,1,2578,43.86,3,48.52,1806,1,48.49,1292,1698,1460,3254,2684,1299,1,1,5,NA,0,37.92,0,2319,57.83,2,36.73,44.86,40.32,41.54,NA,3,33.37,54.76,30.03,49.77,2453,1339,NA,1398,51,5,51.47,42.9,0,1084,37.33,5,0,25.93,NA,NA,1
965,0,33,8,6,1,2315,NA,4,47.07,954,0,47.92,3535,1652,2182,1007,2307,2107,0,NA,2,3093,1,57.37,1,1804,51.38,2,NA,53.09,50.77,70.14,56.36,0,47.32,61.87,48.76,48.77,519,1061,1289,1132,35.87,2,68.97,42.99,1,1356,40.71,1,NA,40.48,0,60.96,1
966,0,34,9,3,0,2606,50.21,3,57.08,1884,0,56.66,521,486,NA,692,275,1408,NA,0,NA,796,0,49.6,0,2184,55.33,4,52.99,59.14,31.27,58.88,59.98,6,24.94,46.68,43.59,41.65,638,1142,NA,945,40.56,4,49.2,58.07,0,1842,40.82,1,0,54.61,1,62.65,1
967,1,53,6,1,0,2044,60.9,5,54.36,1507,0,56.65,NA,2638,2226,1679,3177,1938,NA,NA,6,NA,1,66.99,1,2000,44.81,4,39.77,42.42,46.66,52.26,46.43,2,41.24,40.94,56.23,45.51,1119,809,1106,907,71.29,5,48.54,57.2,1,2662,62.94,NA,NA,49.39,4,NA,1
968,0,46,2,5,0,881,46.53,3,43.41,806,0,49.08,NA,2469,1806,952,1467,511,1,NA,0,NA,0,33.38,1,466,52.34,5,47.54,56.83,40.39,45.26,44.85,5,45.59,40.23,50.44,46.9,NA,705,2406,1124,51.74,5,25.72,NA,1,981,64.93,4,0,64.3,5,63.51,0
969,0,39,4,3,0,1468,39.93,3,42.3,1680,0,32.97,873,236,NA,1380,1132,264,1,0,3,1084,0,NA,1,NA,54.58,3,66.55,33.53,63.56,42.37,52.3,NA,42.42,56.95,57.45,50.29,735,1404,1037,916,52.96,1,39.18,53.14,0,1054,55.83,2,0,49.21,4,48.05,NA
970,0,33,8,8,1,1164,47.4,5,41.6,NA,0,57.27,1688,640,1540,750,600,1326,1,1,1,987,0,61.41,1,NA,49.95,2,63.85,28.35,NA,52.54,55.24,4,53.7,44.34,56.72,57.9,1045,753,646,785,50.93,3,59.57,51.2,0,782,34.99,6,1,48.92,2,35.53,0
971,1,35,2,7,0,1685,50.1,2,42.82,856,0,51.39,9403,6457,3037,1608,2417,2872,NA,1,0,594,0,51.65,1,1073,56.32,3,51.18,35.08,50.38,59.19,44.88,3,47.66,55.13,51.36,NA,2575,1833,2304,2667,58.2,2,45.17,28.28,1,759,33.42,NA,0,32.3,2,38.19,0
972,0,60,18,6,0,4812,58.79,2,60.31,1035,1,58.94,1971,1562,821,833,1540,1747,1,1,3,1900,0,50.37,NA,946,65.32,2,38.56,61.65,59.45,54.33,48.11,5,46.63,54.42,52.18,58.91,820,1056,785,950,47.94,5,39.44,49.13,0,882,34.88,2,1,34.33,0,NA,NA
973,0,34,4,4,1,2123,NA,4,53.09,1710,1,43.26,1599,1132,1784,965,925,436,1,0,4,342,0,60.2,0,1001,46.29,5,56.94,NA,61.9,62.19,48.87,4,50.52,66.47,59.93,56.79,969,1016,1418,857,39.69,2,44.25,61.13,0,1705,58.15,2,1,52.14,3,70.69,0
974,1,57,6,5,1,2628,66.35,5,44.51,2160,NA,64.97,1538,2075,1884,1203,1524,1692,0,0,5,NA,1,63.38,1,3438,43.57,3,45.18,40.15,NA,47.98,45.21,2,47.44,NA,54.73,NA,3620,NA,2634,1632,49.47,6,68.08,NA,1,850,40.79,1,1,48.52,0,42.8,NA
975,0,31,10,6,0,2343,51.04,NA,51.3,1029,NA,52.89,897,1238,1386,949,618,913,0,1,1,NA,1,43.33,0,729,43.16,1,36.13,53.02,NA,49.77,31.71,2,41.29,43.53,60.85,58.42,1428,849,1225,839,39.11,NA,64.21,54.31,1,1737,62.15,3,0,61.84,6,64.27,1
976,1,48,1,4,1,1751,43.02,6,47.06,1453,NA,62.02,1669,1111,1296,1617,382,1079,1,0,6,NA,0,58.18,1,1256,71.87,5,35.09,29.32,52.21,42.11,57.22,5,62.85,48.3,46.49,63.79,972,1447,1102,1246,45.94,5,54.61,70.32,1,1186,50.94,1,1,42.42,4,53.27,0
977,1,32,10,4,0,913,41.87,6,51.28,758,0,45.7,749,1104,621,670,834,1054,0,1,3,1171,NA,68.34,0,726,61.85,4,44.14,45.18,NA,44.82,26.21,5,37.18,44.38,49.59,50.17,2013,2307,1559,1244,61.33,4,44,49.21,1,2297,67.44,1,NA,48.14,3,71.47,1
978,0,45,7,2,0,2008,42.61,3,33.24,2763,0,32.79,709,948,548,809,1025,919,0,1,1,NA,0,33.91,0,758,58.76,3,49.3,54.35,NA,51.19,33.1,4,36.78,47.66,55.99,47.89,1863,830,1298,1355,50.36,3,39.98,44.97,0,954,49.74,5,0,43.96,1,42.88,1
979,0,55,15,1,1,4597,55.15,3,83.24,1671,1,40.13,1237,834,1844,3893,2350,NA,1,1,8,NA,1,56.2,NA,2598,NA,1,42.51,54.34,47.32,29.71,NA,4,45.57,43.94,61.07,58.57,1515,2261,3235,NA,54.33,3,86.08,74.7,1,2381,62.9,1,0,NA,5,64.3,1
980,0,51,18,4,1,1614,44.47,4,42.11,1788,1,50.12,891,1584,929,1356,984,3088,0,1,3,1938,1,56.45,0,870,49.97,3,37.09,77.04,43.58,37.45,58.51,2,66.31,57.8,NA,53.19,1465,NA,1743,1947,43.82,1,51.66,NA,0,1411,65.35,1,0,44.09,5,56.62,NA
981,0,58,7,4,1,1550,42.21,0,30.79,1973,0,60.15,NA,2708,571,1090,617,530,NA,0,NA,1234,0,37.98,0,1366,59.41,2,53.76,61.64,56.26,47.28,64.26,5,30.42,47.84,43.22,52.13,655,645,675,405,50.42,NA,33.55,NA,1,2164,43.39,4,0,34.69,1,41.49,0
982,0,32,6,1,1,2971,38.49,6,46.26,419,1,NA,1183,1468,1068,1591,1377,1077,1,1,NA,NA,0,63.4,0,2057,42.79,7,NA,41.6,50.9,19.07,37.12,3,23.21,51.89,51.76,39.86,751,1085,1621,1060,58.29,1,52.82,NA,1,748,43.1,NA,0,46,3,33.74,1
983,0,34,11,5,1,5940,53.15,1,50.88,1663,0,32.46,2069,1582,2623,1447,4382,2046,1,0,4,1118,1,41.47,1,1653,42.77,5,NA,56.13,45.07,33.64,48.43,3,36.14,NA,53.98,49.5,582,419,609,639,45.44,5,40.89,49.22,0,2759,61.99,2,0,51.67,5,53.29,NA
984,0,56,2,2,1,1432,NA,4,47.02,500,0,44.37,NA,1076,1065,NA,1873,2517,NA,1,0,1365,1,54.48,NA,1903,NA,6,NA,36.86,51.5,41.57,NA,5,48.29,28.1,41.34,54.45,1257,933,NA,907,52.83,1,48.36,NA,0,455,42.93,5,0,44.77,4,39.09,1
985,1,42,9,5,0,2998,32.73,7,47.72,610,0,35.79,NA,1682,1349,1953,1796,NA,1,1,NA,3004,1,60.2,NA,1852,NA,3,49.77,65.34,NA,54.91,61.62,6,46.29,57.05,43.72,37.99,700,1003,810,1500,53.83,5,42.71,61.18,0,1226,57.83,3,0,58.35,4,65.72,NA
986,0,60,3,2,0,2105,64.6,0,43.8,1071,1,48.64,818,647,1090,1858,2304,3648,0,NA,3,1821,0,47.25,1,NA,54.37,5,38.17,38.35,NA,58.08,35.9,2,51.53,57.01,NA,42.59,NA,1210,1637,2239,64.88,1,51.54,NA,0,3111,49.16,5,1,55.7,2,46.88,0
987,1,45,5,1,1,1048,39.72,NA,35.6,346,1,30.85,609,505,721,506,693,1702,1,0,2,799,0,43.9,0,508,43.96,3,53.87,53.73,69.85,52.69,46.89,2,50.31,58.97,NA,51.43,2059,1570,1564,NA,53.96,NA,46.32,51.46,0,862,41.36,3,1,51.4,2,NA,1
988,0,60,10,3,0,1861,56.88,3,46.35,3068,0,51.91,1911,1743,NA,3444,1648,1211,0,NA,4,1205,1,50.73,1,1228,50.36,2,39.42,38.5,56.45,NA,58.34,2,60,51.41,57.89,66.43,1141,445,925,1231,67.2,6,68.95,NA,0,1246,38.61,4,1,39.81,2,44.82,0
989,0,55,7,4,1,2389,NA,1,44.65,1361,0,56.77,1878,2642,576,2946,1186,1583,0,1,2,1095,1,39.59,0,1131,53.81,3,NA,77.1,49.15,53.24,49.29,5,52.59,47.63,48.57,44.22,640,784,682,620,36.22,2,54.78,62.91,0,2099,59.98,NA,0,56.34,5,53.2,0
990,0,37,3,3,1,3677,58.89,3,49.96,6861,0,71.71,1073,891,1478,661,1159,1719,0,1,2,602,0,36.84,0,1248,44.97,3,61.16,50.36,NA,37.99,44.85,1,NA,45.4,45.02,58.63,1794,1771,NA,1750,55.96,4,26.3,58.79,1,1729,67.72,2,1,70.45,4,59.48,NA
991,0,52,14,3,1,1814,64.49,2,41.4,NA,1,58.24,1230,1867,1501,1811,636,3091,1,1,4,6857,1,61.17,0,NA,56.38,NA,38.25,32.67,46.76,63.27,NA,2,56.64,50.21,37.64,50.79,1102,734,1073,1502,55.15,1,39.74,74.55,1,3048,59.16,NA,NA,57.26,2,46.09,0
992,1,41,5,5,1,751,43.16,3,41.31,1793,0,43.9,478,691,2223,990,NA,932,1,1,0,1089,NA,54.01,0,690,46.5,2,49.9,51.02,34.66,34.25,46.48,3,59.27,NA,71.95,59.09,1607,1853,1674,1179,44.54,3,18.25,NA,0,662,42.8,4,NA,45.55,3,38.49,0
993,1,18,4,2,1,4274,38.32,5,56.05,1879,1,49.92,1335,1023,2114,1147,883,1517,0,1,4,1527,NA,NA,1,1918,53.59,2,56.76,48.12,61.22,NA,49.33,3,37.16,64.85,NA,50.88,2260,1906,2287,1612,58.33,5,40.39,53.65,0,1842,34.61,3,0,46.14,5,51.15,1
994,0,24,8,7,1,1408,44.08,2,50.31,639,1,37.67,1430,824,1268,2270,521,1507,1,0,3,1782,1,56.24,0,1765,64.93,4,56.92,47.56,29.82,45.79,46.74,3,58.12,39.7,48.89,56.01,NA,1898,2174,2008,66.39,1,48.41,51,0,1783,73.17,4,0,44.99,0,32.8,1
995,0,32,7,5,1,2362,62.65,3,46.48,1919,0,58.99,NA,1809,942,1301,NA,448,0,0,2,656,0,30.53,1,784,70.65,4,42.89,58.34,50.59,8.93,33.26,5,57.59,41.19,52.43,NA,2020,1746,1517,911,48.17,1,33.1,NA,0,3338,47.78,1,1,65.2,3,50.51,NA
996,1,18,13,7,1,1770,64.07,2,39.08,1993,0,53.44,1698,907,NA,1986,1556,550,1,1,3,6414,1,54.62,NA,1570,NA,3,48,51.32,64.06,54.59,45.88,5,45.18,43.72,76.33,37.68,1367,963,1125,1153,39.38,0,56.43,60.85,0,1312,55.33,2,1,NA,3,NA,0
997,1,55,0,10,1,1807,55.75,5,39.63,1172,1,48.38,1451,884,1409,1055,1312,2969,NA,1,5,1746,0,50,0,1269,53.53,3,NA,39.63,53,59.26,44.93,5,53.89,69.75,31.58,NA,1446,788,629,1084,39.96,5,NA,65.32,1,2618,55.16,4,NA,45.12,1,49.7,NA
998,1,39,6,9,0,623,56.39,4,54.85,665,0,66.54,NA,1697,1058,763,1183,998,NA,0,2,945,0,33.05,1,1760,32.22,2,51.95,41.86,64.06,60.17,48.04,3,43.66,60.11,47.16,43.32,1450,817,1089,973,58.82,3,60.34,55.83,1,692,42.64,2,1,44.5,3,42.89,NA
999,0,28,12,5,1,2228,55.65,4,51.7,1055,0,62.12,1707,1943,1348,1491,1253,636,1,1,3,1251,1,34.6,0,829,34.38,6,51.78,55.48,54.72,40.29,53.61,2,69.15,54.03,57.87,43.33,1796,1668,NA,2000,40.34,2,67.53,52.86,1,680,44.35,3,1,53.22,4,46.43,1
1000,0,56,14,4,1,1747,69.95,4,58.31,3392,0,63.54,544,1168,1117,1158,511,2853,1,0,3,2219,NA,60.23,0,NA,51.1,2,46.92,60.21,63.67,49.49,NA,3,67.02,45.88,49.58,NA,1430,3572,2576,3371,46.67,2,51.09,57.1,1,2030,69.93,4,1,NA,4,45.54,0
1001,1,23,5,5,0,3215,49.61,2,29.07,1156,1,49.35,1709,1052,941,851,1827,1249,0,0,4,NA,1,55.47,1,NA,64.62,5,47.85,34.43,NA,63.51,46.8,NA,37.82,NA,47.77,NA,2217,1556,3270,1528,NA,3,56.92,49.16,0,1304,48.21,6,0,51.5,3,37.52,1
1002,0,53,9,3,0,2938,54.87,2,53.7,1271,0,42.13,1415,1423,1732,898,707,549,1,1,NA,NA,0,44.04,1,401,73.9,1,19.16,46.86,39.41,NA,46.39,4,53.44,41.16,62.09,44.4,1822,1847,1141,3148,49.55,2,57.65,35.32,1,1071,27.65,6,1,35.93,2,55.04,NA
1003,0,19,7,3,0,5000,41.98,1,43.86,1599,0,68.69,1279,1164,798,1289,1621,1483,0,0,1,1534,0,47.47,NA,1318,NA,NA,68.8,38.68,33.26,59.99,43.04,0,34.24,NA,43.05,NA,1217,2823,2016,1477,53.9,4,60.49,47.81,1,1830,47.74,4,0,52.58,3,38.46,1
1004,1,46,1,5,1,2094,NA,0,51.61,724,0,45.57,NA,1664,732,1152,1845,713,0,0,4,NA,0,55.32,NA,865,47.62,1,NA,30.98,35.12,62.35,52.93,9,52.86,NA,48.62,61.63,3817,3876,1505,1991,74,3,56.52,60.57,0,1723,52.35,2,1,59.04,6,NA,1
1005,0,37,7,3,1,3745,68,1,68.94,935,0,60.36,3028,766,1210,4543,3067,2692,0,1,4,NA,1,60.12,1,2145,24.38,2,58.95,56.7,48.05,42.12,36.04,2,47.28,37.78,58.65,59.65,1958,2856,4015,3181,65.48,3,62.65,60.38,0,1226,54.45,2,NA,61.75,5,56.7,1
1006,0,24,10,7,0,1824,49.31,1,51.48,541,0,50.8,1767,1651,1517,2275,1936,396,0,1,2,737,0,32.09,NA,2225,45,2,51.9,52.4,43.85,44.66,NA,2,67.88,34.72,43.39,NA,NA,2528,2080,2469,46.51,4,42.19,47.69,0,1160,44.51,4,NA,NA,3,47.53,0
1007,1,43,7,6,0,1601,38.83,1,40.47,2105,0,51.46,2419,NA,1290,1756,3048,1523,1,0,4,NA,NA,66.99,0,4966,57.75,2,48.53,50.4,47.2,46.91,58.9,1,39.14,NA,NA,39.26,794,1413,1008,801,44.03,5,49.22,63.51,0,1763,66.02,2,1,46.59,2,NA,0
1008,0,23,12,4,0,2990,25.08,4,35.7,NA,0,45.08,948,3715,1800,3092,1344,1025,0,0,4,NA,1,63.58,0,1103,54.43,3,47.13,51.51,45.79,44.5,37.59,4,45.7,54.76,NA,33.83,1443,1675,1633,2366,61.03,4,54.96,NA,0,709,39.72,2,0,57.24,3,36.55,0
1009,1,45,12,6,0,1900,43.81,3,57.29,676,1,50.4,2455,3448,3262,2909,2620,1018,NA,1,3,3696,1,66.88,0,1961,54.89,3,49.48,48.46,61.18,53.01,41.63,2,30.7,50.23,64.39,42.47,603,1497,1152,1481,43.78,6,58.56,45.64,1,649,41.05,3,0,56.93,1,41.05,1
1010,0,61,10,4,1,1789,56.87,NA,54.3,2018,1,48.6,1711,688,2113,4961,656,2776,1,1,2,3056,NA,40.46,1,2151,52.3,1,61.43,56.48,49.92,60.46,NA,1,66.62,55.95,75.55,42.29,NA,1165,NA,1141,48.97,6,71.36,48.23,0,1122,38.84,4,0,52.82,4,42.74,1
1011,1,48,1,3,0,1342,29.77,4,41.22,3867,0,25.28,763,1110,1050,1610,3572,NA,0,1,2,1176,1,64.92,1,1646,49.54,2,41.31,54.55,49.04,45.36,53.87,1,51.1,53.9,44.08,52.84,1667,1855,1828,1101,54.05,3,41.43,64.79,1,870,47.48,4,0,60.22,6,50.32,1
1012,1,38,5,2,1,1441,35.71,5,36.13,1841,1,24.17,483,NA,NA,437,899,2044,1,0,1,NA,0,53.14,0,306,NA,5,28.34,62.56,61.05,41.14,41.33,NA,24.39,35.24,61.2,53.72,869,893,1400,NA,49.86,1,42.26,NA,0,652,13.54,6,1,41.95,2,31.13,NA
1013,1,36,8,3,0,2081,37.54,3,24.82,1231,0,40.39,1018,2194,2262,1305,1261,1926,1,1,3,2557,1,60.69,1,2346,65.02,4,38.72,55.34,48.75,37.14,45.41,2,56.22,49.03,45.36,NA,1033,1289,NA,989,40.41,1,56.36,41.62,0,420,43.84,2,1,35.69,1,30,0
1014,0,53,5,4,1,2151,55.83,2,NA,1387,0,58.47,1150,1196,939,1901,1725,NA,0,0,NA,1296,NA,69.01,1,1522,38.02,3,62.21,53.63,NA,58.96,60.46,6,24.21,45.07,42.95,66.61,NA,1199,733,997,35.27,1,37.71,34.02,0,504,NA,5,1,46.42,0,NA,NA
1015,0,45,11,5,0,4986,39.66,4,56.33,1369,1,54.11,715,848,1022,1001,2020,1727,1,0,0,NA,1,40.79,NA,NA,51.36,4,52.88,31.91,45.06,61.92,43.69,5,45.38,50.89,39.75,47.89,1205,1712,1644,2201,53.79,4,56.8,47.79,1,1620,63.63,2,0,NA,3,51.73,0
1016,0,63,6,4,0,1593,47.55,4,34.36,1401,0,40.65,2201,1780,1867,2024,3310,1535,1,1,NA,1500,1,38.1,NA,NA,46.59,5,36.33,55.15,42.33,50.86,70.57,NA,51.61,47.77,56.08,39.33,964,2105,1484,1898,44.38,5,59.84,41.9,1,1306,54.03,3,0,48.17,4,42.52,0
1017,1,38,13,3,0,2567,NA,4,49.96,1013,1,53.49,1848,1889,1740,3326,2014,1506,1,0,6,2290,1,53.76,0,NA,58.55,5,47.7,58.84,NA,46.92,32.33,1,51.24,57.22,66.04,54.42,569,NA,728,1214,49.55,2,56.53,72.25,0,804,46.75,3,0,43.71,2,54.31,NA
1018,0,60,7,5,0,1528,32.59,2,38.27,755,0,46.02,875,2086,NA,590,1874,851,0,0,0,1024,0,33.26,0,NA,60.42,1,45.62,49.06,57.82,39.53,46.22,4,61.64,49.65,39.93,52.98,3175,3196,1944,1762,51.72,3,37.31,61.48,1,1237,45.39,1,0,65.58,3,52.41,NA
1019,0,49,9,5,1,1305,NA,3,50.79,885,0,33.83,4375,3152,1339,2653,NA,1422,1,1,1,434,0,66.36,0,1010,46.12,1,44.09,59.79,54.85,49.42,48.55,2,62.03,54.9,60.05,41.69,2278,3623,1054,3302,52.74,3,40.49,65.61,1,2160,63.38,1,1,39.87,2,40.68,1
1020,0,22,5,4,1,3366,53.49,4,71.07,1438,1,59.96,NA,1815,3826,1335,860,1866,NA,0,3,2587,0,67.86,1,1731,47.85,2,40.79,49.65,54.66,27.91,46.82,1,53.45,32.85,49.38,43.17,588,NA,1431,499,41.95,0,43.15,53.25,1,2875,72.7,4,0,55.24,3,45.42,0
1021,0,48,6,3,0,1669,42.28,2,33.91,1507,1,64.09,1532,1975,3137,749,1643,1517,NA,0,1,1320,0,NA,0,1046,42.27,1,51.75,44.74,46.31,46.32,63.11,4,48.66,NA,56.56,45.73,738,422,657,NA,39.96,3,58.04,56.01,1,1239,50.87,1,0,49.13,5,50.88,1
1022,0,66,4,6,1,2333,56.19,6,NA,457,0,49.94,342,1675,1173,1101,298,1186,0,0,5,NA,0,47.79,NA,2052,67.55,3,57.48,62.61,37.54,56.24,35.38,2,NA,45.99,45.56,55.34,1259,1598,1451,1879,40.43,2,55.56,47.05,1,1288,47.22,5,NA,37.75,1,NA,1
1023,0,40,10,8,0,2529,39.18,3,38.27,1230,1,51.44,1868,1082,1875,1759,1848,1152,1,1,4,844,1,69.14,0,959,NA,2,NA,46.7,54.08,48.24,54.75,3,NA,60.21,51.09,55.25,755,763,803,623,44.54,2,33.65,53.12,1,590,44.98,3,0,48.69,2,51.46,0
1024,1,66,8,4,0,1177,59.17,4,46.41,1356,0,27.61,1745,2683,929,1113,NA,NA,0,1,3,2324,1,48.22,1,1840,NA,3,65.14,NA,NA,47.13,45.37,5,43.74,51.94,55.26,41.26,6294,4039,6054,5419,55.99,3,NA,52.03,1,NA,42.52,4,0,42.91,1,33.47,0
1025,0,63,9,5,0,2548,NA,1,55.24,1959,1,46.79,1829,2070,1309,1624,NA,548,0,1,3,NA,0,33.21,0,2842,52.34,0,67.61,34.5,49.8,47.25,60.65,NA,72.76,41.95,59.7,NA,811,1209,1577,1741,75.95,2,67.85,49.07,1,2042,72.98,3,1,49.12,5,47.38,0
1026,1,39,10,7,1,2286,47.46,3,30.66,1391,0,61.28,1295,4054,1618,1930,NA,1682,1,1,5,NA,1,49.85,1,1194,50.37,2,53.28,59.48,59.53,46.3,47.67,4,40,43.63,60.27,50.67,5433,5034,4796,6756,76.73,6,45.35,70.94,1,984,68.59,2,NA,63.45,5,63.44,1
1027,0,35,11,3,0,567,61.73,4,33.56,NA,1,67.43,700,1087,1893,NA,1510,985,1,1,1,1589,1,54.44,0,1114,67.93,2,44.75,56.54,39.81,41.26,48.57,3,59.78,44.47,54.28,51.98,986,437,771,485,46.69,NA,45.32,42.61,0,1136,43.43,NA,0,42.02,0,30.8,0
1028,0,25,8,5,1,4386,49.42,1,51.13,5134,1,46.55,1996,3064,1917,1581,1552,1199,1,1,3,1872,1,42.76,0,NA,86.02,4,42.2,33.61,40.13,NA,49.88,2,NA,57.29,NA,NA,2784,1836,3240,2012,54.07,3,70.41,NA,0,1503,46.04,2,0,38.57,2,59.17,1
1029,1,48,8,2,0,1884,NA,5,56.18,1436,0,38.83,1770,2082,3431,1843,1646,1075,1,0,2,964,0,46.88,0,1399,55.1,2,48.68,51.31,59.24,43.43,NA,3,49.68,71.04,57.87,27.96,630,1181,754,NA,51.36,2,63.39,74.38,1,3991,50.99,1,NA,61.33,3,53.94,1
1030,0,64,11,4,0,4302,51.12,2,67.36,2388,1,44.95,1180,1072,575,1115,1246,1242,1,0,4,2095,NA,45.89,0,1718,29.54,1,28.54,50.29,51.64,59.54,54.15,3,51.81,63.9,40.85,56.95,7574,3895,3171,4483,51.23,NA,32.62,52.61,1,2408,65.25,1,1,68.88,6,63.63,1
1031,0,41,11,2,1,2319,49.54,5,47.46,1526,1,70.35,NA,777,829,1216,1462,3317,1,1,NA,1034,0,57,0,1842,48.13,3,43.34,64.44,27.4,58.38,49.6,3,50.41,47.62,58.23,42.48,1175,1498,NA,1182,61.1,2,42.09,26.21,0,1564,44.42,4,NA,44.64,3,43.7,1
1032,0,42,6,3,0,3276,37.33,5,43.3,529,0,36.57,574,1219,1118,1355,995,2118,1,NA,3,NA,1,45.05,0,1894,55.32,5,43.46,61.96,39.65,34.19,54.78,3,51.82,NA,49.16,49.13,1020,837,903,1525,59.04,2,47.17,41.79,1,994,51.29,2,0,56.24,5,49.04,0
1033,0,35,5,5,1,1470,35.78,4,34.89,879,1,51.54,3383,2083,734,2166,1387,951,0,0,4,NA,1,51.6,1,1829,53.69,6,55.78,47.16,54.47,55.79,60.6,4,68.08,49.11,38.81,59.47,1034,859,940,854,22.13,3,36.5,59.35,1,1627,47.51,NA,0,52.65,5,73.44,0
1034,0,30,4,1,0,2501,52.03,2,45.56,561,0,56.68,580,1138,568,967,NA,549,NA,0,3,972,0,59.91,1,916,57.77,5,76,48.55,55.76,NA,52.57,4,46.62,63.29,35.28,33.66,794,1220,2314,1584,43.76,3,54.86,27.04,1,479,37.12,5,NA,43.32,3,49.81,0
1035,1,33,-0,7,1,862,37.08,2,40.81,2138,0,34.87,710,402,444,313,625,580,0,1,NA,931,0,50.72,1,708,NA,5,41.92,50.17,64.32,42.94,31.72,1,44.36,47.72,53.53,37.4,1419,444,471,844,62.31,1,48.01,38.81,0,675,29.78,5,1,NA,2,23.97,NA
1036,1,42,13,7,0,1619,42.09,1,48.34,2038,1,59.61,5361,1836,1791,1968,2351,1632,1,1,3,1795,1,58.39,0,1106,52.8,5,34.59,49.96,24.44,NA,62.84,5,43.95,42.78,NA,40.15,736,449,NA,346,42.92,1,43.65,57.25,0,1791,42.63,NA,0,52.91,5,54.26,1
1037,1,55,11,4,1,4392,NA,3,66.23,1383,1,43.47,2998,1462,2034,4867,1806,2113,0,1,4,3099,1,56.59,1,1678,61.8,5,50.19,58.55,52.23,62.02,51.96,0,39.57,50.11,NA,52.61,1117,943,917,1317,NA,NA,68.32,92.69,0,1621,51.52,NA,1,45.25,8,67.89,0
1038,0,42,14,6,0,3750,58.61,0,45.25,1774,0,41.34,1153,NA,1785,4142,893,NA,0,1,3,3496,1,53.69,1,1950,42.79,3,67.93,44.62,49.65,59.7,43.17,6,42.22,56.71,52.93,43.47,804,1215,1454,824,50.1,2,35.48,NA,1,1729,77.21,4,0,56.03,2,61.29,1
1039,0,30,13,7,1,2220,48.07,3,NA,3118,0,45.51,760,639,1645,1691,NA,2169,NA,0,NA,1129,0,29.52,0,1535,NA,5,68.08,57.61,51.2,44.82,65.95,3,43.7,54.85,57.55,45.86,1811,1380,1013,1707,61.09,5,54.37,56.3,0,NA,46.56,2,1,50.28,3,NA,1
1040,0,45,9,5,1,1663,30.76,3,50.91,2368,0,53.21,443,511,904,822,417,1113,1,1,3,2374,0,38.76,1,731,61.08,2,57.66,37.1,42.55,65.75,47.43,2,NA,59.3,56.09,NA,1724,3408,2396,1835,43.22,2,49.52,44.71,0,4877,55.62,0,0,70.93,5,NA,1
1041,0,29,11,5,1,2334,67.43,1,52.15,669,1,61.43,975,2105,1585,1833,2598,905,0,0,2,966,1,52.64,1,NA,38.49,4,78.89,59.68,52.12,36.56,54.45,3,60.16,52.73,40.01,66.19,3613,NA,2360,4174,35.43,7,61.8,59.05,0,3018,80.75,NA,0,60.49,2,63.93,0
1042,0,37,4,4,0,1166,40.6,6,32.52,2996,1,57.39,704,1212,1298,2365,1159,1692,1,1,3,2354,1,46.87,0,1924,52.57,6,49.06,23.58,41.74,50.42,73.94,2,40.56,36.55,35.67,39.51,2489,1526,2645,2221,50.38,2,37.45,57.93,1,1326,54.59,NA,0,73.55,4,45.23,0
1043,0,49,4,3,0,2348,56.21,3,NA,1604,1,40.99,1043,1087,1280,2123,1563,NA,0,0,4,1074,0,52.42,0,NA,38.9,4,57.85,55.51,NA,54.82,54.99,2,51.49,63.67,59.68,40.28,1447,1303,2551,1617,59.45,5,65.23,69.52,1,1526,78.71,1,NA,NA,6,89.08,1
1044,0,49,7,7,0,3144,33.23,6,43.44,564,1,46.38,1539,881,1840,1129,1528,1042,0,1,NA,1898,0,49.33,0,2002,41.08,1,64.45,54.26,53.99,37.84,35.54,4,36.77,44.95,NA,54.29,1043,1240,1260,2694,57.01,2,56.64,59.41,1,1265,48.09,3,0,45.27,2,45.35,NA
1045,0,44,5,1,0,2501,65.82,3,41.86,1462,1,64.88,NA,1413,2118,1463,2926,NA,0,0,2,1251,0,56.59,NA,NA,42.86,3,66.08,42.57,39.88,NA,47.16,3,53.85,70.87,52.84,56.1,1798,901,2994,2504,47.06,NA,46.7,NA,1,940,56.39,1,0,45.72,6,36.18,0
1046,0,34,8,3,0,4534,66.72,0,63.62,8724,1,45.12,1598,1113,2215,610,1723,NA,0,0,4,NA,0,45.62,1,1885,40.61,NA,38.4,51.61,NA,60.51,NA,5,50.09,55.05,32.29,44.64,4280,5009,4332,2890,66.71,4,52.35,44.36,1,1115,54.74,2,0,37.31,2,62.07,0
1047,1,30,4,6,0,1970,49.59,NA,35.78,477,1,51.97,NA,1085,1613,757,1464,NA,1,1,5,1763,NA,59.64,1,1889,72.72,3,41.84,43.84,34.22,54.78,29.75,1,53.72,44.46,38.53,NA,2164,1865,2403,2025,50.44,0,35.84,61.62,0,1776,52.56,2,1,56.2,3,40.76,0
1048,0,29,6,5,0,2055,73.68,3,66.49,2137,0,50.53,1678,990,NA,4711,1754,1386,1,1,5,4795,0,NA,0,2792,41.22,3,58.92,59.71,44.58,68.82,54.33,3,NA,55.05,51.34,48.95,1463,NA,NA,1352,48.84,4,54.52,36.22,1,NA,54.72,4,0,60.39,3,48.98,1
1049,0,31,9,6,1,781,47.77,5,37.22,587,0,47.35,763,1020,1516,1477,1555,511,0,1,2,765,1,54.32,0,711,53.68,2,36.52,49.99,32.42,44.32,NA,3,44.1,51.47,29.59,49.73,755,506,642,848,NA,0,38.36,26.19,1,643,NA,4,1,39.68,NA,31.97,1
1050,0,47,14,2,1,1384,NA,5,40.89,1338,0,37.18,NA,852,1056,1661,462,1126,1,1,2,1607,1,58.03,NA,1368,40.74,4,49.1,47.21,47.89,37.61,NA,3,40.35,49.19,41.33,NA,2702,1339,NA,3033,49.33,6,74.76,32.67,NA,470,37.67,NA,1,56.88,3,41.81,0
1051,1,41,1,6,1,3102,54.37,NA,47.87,1161,0,31.21,2353,1903,2989,1588,2932,510,0,1,0,1014,0,51.5,0,1103,41.66,1,48.99,42.03,49.68,43.01,74.18,1,56.17,48.06,58.14,NA,1090,1319,991,943,67.08,3,53.55,51.38,0,680,42.9,2,NA,34.19,2,23.95,0
1052,0,54,15,4,0,724,56.37,2,44.74,1690,0,49.95,487,1638,1321,773,1145,3420,0,NA,1,792,0,45.13,0,586,55.05,NA,NA,46.34,59.85,73.84,44.43,6,66.77,52.36,32.28,NA,1142,607,1239,699,41.95,1,47,50.02,0,NA,29.22,3,1,40.59,4,30.65,1
1053,0,48,6,7,1,3625,NA,0,43.33,1385,0,48.64,1659,2075,1243,580,1602,1609,NA,0,3,1830,0,55.09,NA,NA,39.84,3,43.05,44.97,35.33,49,44.11,NA,52.93,61.51,NA,53.75,679,706,1412,1209,54.93,3,37.85,60.29,0,1351,64.33,3,0,NA,3,55.41,NA
1054,0,26,7,1,1,1941,33.97,5,46.63,1245,1,50.2,1454,1378,871,1280,1715,1704,0,NA,NA,2147,1,56.62,1,1369,41.31,2,59.89,52.34,66.35,53.38,75.85,3,55.07,53.31,65.89,57.67,2511,2497,NA,1232,44.5,1,60.27,52.95,0,959,44.76,6,1,27.98,1,40.07,NA
1055,0,46,8,2,1,1307,29.43,5,51.18,2238,0,51.6,1800,996,1493,1365,749,924,0,NA,4,1079,1,50.64,NA,539,35.97,0,38.97,NA,34.1,NA,44.22,1,45.67,NA,58.54,37.2,457,445,NA,NA,45.28,3,46.82,29.92,1,NA,52.34,4,NA,51.72,2,54.19,1
1056,1,19,7,6,1,1853,45.93,NA,47.05,NA,0,63.38,1440,1388,1197,910,2025,1361,NA,0,3,641,0,NA,1,1037,61.29,0,39.39,46.61,43.71,48.78,41.45,NA,49.01,64.98,46.35,41.45,3627,1122,2243,3459,48.39,1,64.45,NA,0,585,38.22,2,1,39.73,1,43.4,0
1057,0,45,11,1,1,2974,48.17,2,42.91,1126,0,50.14,1111,730,1172,929,1557,1381,NA,1,0,1221,1,40.18,0,1437,33.38,5,65.67,65.08,63.17,46.35,NA,0,41.36,49.12,55.33,40.3,2783,2398,2327,1745,58.14,5,56.13,52.56,1,2130,58.72,5,0,36.73,3,49.33,0
1058,0,35,8,4,1,1953,55.69,1,NA,4171,1,58.93,1598,2953,1584,932,2498,1154,0,1,3,890,1,47.58,1,831,36.33,6,64.43,45.03,NA,44.82,51.36,7,44.92,36.65,59.43,43.29,921,1081,1105,943,48.11,2,50.87,47.85,1,867,38.93,4,NA,37.18,3,50.42,1
1059,1,48,8,3,0,4485,50.45,2,53.55,609,NA,70.23,1436,702,2135,825,1302,1732,1,0,2,1632,0,43.83,NA,2694,36.22,3,36.28,39.16,NA,51.47,52.83,4,66.09,55.2,47.64,36.16,1157,1087,NA,2085,57.59,1,50.59,56.92,0,1360,50.61,4,NA,40.67,3,39.5,0
1060,0,33,17,6,1,1717,34.37,7,39.25,2071,0,33.47,701,NA,602,855,1507,936,0,NA,NA,840,0,51.55,0,429,40.35,2,49.27,38.99,46.98,49.65,39.78,NA,24.86,42.56,34.87,60.92,2213,2345,2069,2956,56.43,2,57.03,40.91,1,783,22.34,6,1,34.12,1,50.73,1
1061,0,54,13,5,0,5866,58.43,1,55.78,3474,1,54.13,692,1503,1220,1369,734,745,1,1,4,1561,0,60.93,1,1400,NA,3,64.96,51.2,45.31,42.43,66.75,6,54.29,42.4,37.74,NA,1378,1245,NA,2211,59.48,5,52.46,71.69,1,4092,NA,0,0,NA,5,58.65,0
1062,1,38,9,5,0,2365,39.18,5,46.15,1630,1,47.74,NA,1641,671,1420,1766,2118,0,1,5,1661,0,56.12,1,4172,65.01,NA,49.86,50.68,43.15,53.25,61.66,3,52.9,32.31,57.28,NA,1838,2157,1126,1477,60.49,NA,39.55,58.52,0,621,45.62,3,0,28.49,3,51.54,NA
1063,0,24,5,2,1,1314,55.75,6,59.12,904,0,45.33,1462,957,1249,685,749,1761,0,1,4,2654,0,76.21,0,NA,NA,2,55.64,43.83,45.48,62.7,62.35,3,75.06,71.93,50.82,58.14,2125,981,NA,2631,46.17,5,52.99,50.62,0,1532,61.37,4,NA,43.8,1,44.72,NA
1064,1,39,9,3,0,1851,58.2,0,39.38,2699,1,53.24,2696,4225,2251,1043,1449,2808,0,1,3,559,0,45.66,1,1694,53.27,4,51.52,35.78,56.66,37.8,50.45,3,56.75,32.68,54.92,48.91,1832,1373,1852,1488,51.53,5,53.86,70.39,1,822,52.97,6,1,46.18,2,NA,1
1065,1,36,15,9,1,4123,53.15,4,45.49,793,0,NA,1505,3406,2263,1261,NA,1701,0,0,4,1061,1,58.83,0,NA,58.38,3,43.37,30.7,61.17,53.57,NA,0,52.58,50.78,60.12,53.36,1406,1447,1249,1843,63.66,2,46.73,66.1,NA,2795,70.8,NA,0,64.89,3,62.49,0
1066,0,74,5,5,1,1626,52.34,5,40.75,609,0,56.83,626,538,659,1304,677,1859,1,1,4,NA,1,55.55,1,1870,54.85,4,NA,61.12,53.45,57.04,44.41,1,NA,39.89,44.91,58.65,4131,2337,3310,1869,50.04,4,49.08,66.54,0,1587,49.17,0,0,51.47,6,NA,NA
1067,1,28,11,4,1,5386,NA,2,59.55,1095,0,NA,1436,4824,1417,2118,5418,1744,NA,0,6,3445,0,51.62,0,1320,61.01,4,49.45,53.76,51.56,39.66,50.75,5,58.41,44.91,46.24,54.31,1871,1243,1271,1951,51.18,4,71.39,49.23,1,579,52.94,4,1,50.25,0,40.44,NA
1068,1,55,6,5,1,2048,68.5,2,48.37,1227,1,46.79,928,525,1427,2149,839,764,0,1,2,1679,1,65.64,0,1693,55.53,4,54.76,53.5,NA,56.1,29.4,4,36.12,47.82,49.69,38.32,1105,NA,NA,545,25.17,1,34.75,60.43,1,2501,46.75,2,0,78.51,4,64.96,1
1069,0,43,13,5,0,4463,61.07,2,51.86,696,1,51.05,2659,3112,2653,2242,1557,NA,1,0,6,2325,1,68,NA,2826,40.84,1,32.48,60.77,54.82,NA,NA,1,NA,43.57,51.73,36.55,1184,1169,NA,1790,50.03,5,70.11,56.25,0,982,33.21,6,0,32.1,NA,32.78,0
1070,1,44,3,5,0,1132,60.85,1,39.68,630,0,NA,537,NA,1066,2310,NA,1368,1,1,2,2446,0,65.84,1,1720,52.94,6,57.85,43.36,37.97,53.36,54.95,0,57.82,53.6,49.17,61.38,2820,1946,2183,NA,61.05,NA,57,42.53,0,1227,48.18,4,NA,47.85,1,46.94,1
1071,0,58,3,5,0,3045,43.32,1,51.15,1364,NA,54.74,1011,1160,677,441,1405,1087,1,1,6,905,0,51.99,1,3192,40.58,6,34.61,42.4,42.99,56.19,26.88,6,31.88,56.86,50.28,47.62,1257,1281,1119,1209,48.25,5,66.66,NA,0,865,51.42,2,0,NA,1,53.32,NA
1072,1,44,8,3,0,1669,41.01,4,65.01,776,0,46.71,1660,1221,1926,NA,1505,3329,1,0,3,1509,1,54.46,1,1151,50.62,1,50.12,53.66,66.06,31.35,46.3,4,70.94,50.68,29.53,47.01,2938,1531,2166,2075,NA,5,40.98,41.36,0,1744,51.61,3,1,71.21,1,54.4,0
1073,0,50,6,4,1,1004,47.71,3,32.47,1948,1,39.22,869,942,2173,845,536,684,0,1,1,787,0,43.81,0,1629,51.8,3,50.26,48.69,39.46,59.83,32.9,2,33.89,52.97,39.3,58.13,1091,1581,NA,957,45.07,4,NA,38.22,0,918,51.65,4,0,50.8,4,47.97,NA
1074,1,54,6,3,0,1506,47.3,3,51.82,NA,0,41.01,1227,1176,734,3952,2222,2879,0,0,4,NA,1,59.24,1,NA,50.88,0,66.72,81.29,45.85,57.59,56.8,3,67.5,60.29,63.51,59.31,2640,2372,2659,2589,NA,3,53.06,38.89,0,NA,50.79,3,0,53.26,3,38.45,1
1075,0,61,6,2,1,2802,55.13,2,56.58,984,1,52.92,1839,738,1851,2492,1389,2021,0,NA,2,NA,1,50.09,1,780,43.32,0,67.21,52.48,53.79,63.68,52.14,4,33.35,57.52,34.13,53.95,1227,1131,827,884,41.56,5,30.11,51.01,1,1001,42.52,NA,1,35.55,3,30.31,1
1076,0,33,5,1,0,2174,46.06,4,59.79,747,1,NA,436,698,632,1296,779,2915,NA,1,4,1751,0,45.44,1,1529,70.08,6,54.13,47.82,55.77,46.63,49.72,5,49.64,43.05,47.59,54.58,761,882,1531,842,NA,2,61.2,45.56,1,575,44.59,2,NA,44.35,3,NA,0
1077,0,61,8,5,1,1187,43.78,2,62.45,2193,1,59.49,NA,542,1573,768,971,2169,1,1,3,512,0,45.61,1,815,42.43,2,67.67,58.48,39.6,63.11,50.5,2,NA,47.85,60.59,67.18,2652,2693,2597,4260,40.54,3,41.17,41.83,0,822,46.57,2,0,52.5,NA,64.79,0
1078,0,50,4,3,1,816,57.75,2,53.09,3215,0,NA,1439,1605,805,570,1045,NA,0,0,NA,NA,0,46.26,1,2598,52.02,3,52.47,41.33,43.29,NA,60.79,NA,40.73,34.75,NA,49.18,638,531,446,1010,48.44,0,37.35,42.37,0,1712,30.5,4,0,45.35,2,41.08,NA
1079,0,22,11,6,1,1560,50.49,4,48.59,1060,1,57.76,1670,1551,777,462,1059,1624,0,1,2,1174,0,52.47,0,924,54.94,0,68.19,47.98,70.18,NA,62.38,1,33.45,46.05,NA,37.32,1808,1568,NA,1755,45.5,3,42.94,41.2,1,1295,41.31,3,1,57.42,3,46.69,1
1080,1,61,4,3,0,1376,31.43,2,50.54,1106,0,33.91,1539,1068,3033,2049,1392,1937,0,0,3,660,1,37.29,NA,428,47.25,5,42.91,62.68,51.54,48.98,41.89,4,43.01,32.63,44.05,27.43,NA,655,1130,662,NA,4,53.29,58.32,0,1720,50.9,2,1,52.66,3,49.29,1
1081,0,22,9,4,0,1279,NA,3,46.42,6007,0,NA,1716,853,1302,946,620,559,0,0,0,472,NA,38.89,0,642,61.33,5,35.27,59.62,43.79,57.26,NA,2,52.21,60.21,50.05,NA,1366,1462,NA,803,62.33,0,48.02,30.29,0,479,45.21,NA,1,NA,3,43.55,0
1082,0,41,8,3,0,1175,47.25,3,43.61,688,0,NA,602,1397,702,1455,863,NA,0,0,0,559,0,29.74,0,1045,NA,4,34.13,48.4,36.01,38.81,60.14,2,49.86,42.75,52.87,40.86,1731,1252,1156,NA,54.04,4,41.61,46.37,1,942,NA,4,0,50.5,3,44.11,1
1083,0,65,4,2,1,723,54.51,4,53.19,1639,0,45.42,2104,701,1593,287,1088,1442,1,NA,3,1281,1,45.98,NA,2266,59.45,1,54.75,64.21,53.54,49.32,NA,3,30.24,43.83,61.21,NA,1409,1143,NA,955,30.16,3,40.04,49.97,1,493,29.69,3,0,45.02,2,32.24,0
1084,0,60,14,2,1,3642,50.55,2,67.05,3185,0,56.72,1234,3466,1149,4624,1679,4865,0,NA,2,1646,NA,57.2,1,1213,NA,2,39.47,59.15,47.45,45.46,55.46,6,54.01,58.49,47.09,53.83,1065,NA,1149,1198,34.25,3,63.05,NA,NA,1867,55.21,2,1,57.96,3,50.32,NA
1085,1,26,6,8,1,6003,NA,2,60.07,867,1,35.48,5616,2640,2535,3104,3105,519,1,0,6,820,0,61.65,NA,2175,50.93,5,49.28,64.67,NA,NA,67.78,3,49.04,67.57,58.49,35.91,1175,1404,2804,2305,58.72,3,56.31,56.52,0,1495,38.17,3,NA,44.86,4,NA,0
1086,0,41,7,2,1,4325,51.99,4,47.85,467,0,39.06,1314,946,2739,638,NA,2216,0,NA,4,NA,1,40.15,0,1718,44.51,2,39.72,49.24,45.87,NA,NA,1,46.04,59.93,64.2,65.98,790,934,858,904,59.49,5,68.43,64.08,0,1102,59.9,2,NA,NA,2,54.33,1
1087,1,63,6,5,0,2008,52.81,5,40.22,1369,0,26.37,2493,1931,909,880,1028,NA,NA,0,2,1190,1,51.46,1,833,56.69,2,NA,61.57,35.94,NA,NA,3,60.34,37.14,51.81,58.62,736,1022,1408,1365,NA,2,60.18,64.96,0,1073,51.31,2,1,31.07,4,53.39,1
1088,1,64,5,5,1,4625,NA,NA,53.76,2601,1,55.5,3323,855,2168,3266,1952,3874,1,1,6,NA,0,72.3,1,3647,64.25,2,40.35,56.69,NA,63.4,51.7,3,NA,42.7,42.95,48.53,1248,1414,NA,1656,61.42,NA,44.29,72.38,1,3245,74.58,0,0,57.25,6,84.71,1
1089,0,44,8,8,0,777,45.71,5,53.94,710,NA,43.95,1399,1384,805,592,1272,1876,0,0,4,1939,1,39.6,NA,1097,49.68,5,54.97,34.97,62.94,38.26,59.32,NA,51.09,67.53,47.27,51.41,392,603,425,537,41.78,2,49.8,50.48,1,1828,56.44,5,0,61.73,3,46.72,0
1090,0,59,3,13,1,1822,40.92,1,55.5,1205,0,41.86,1029,1709,830,2436,1599,906,0,1,1,NA,0,66.45,0,4137,68.36,3,65.18,60.57,NA,33.01,45.03,0,44.07,60.33,37.59,65.16,1075,749,926,557,38.27,2,43.42,52.01,1,944,54.21,NA,1,NA,3,56.73,1
1091,0,35,7,4,1,1823,NA,0,60.72,2315,1,47.22,1294,1886,1637,1818,865,640,1,1,3,1143,0,47.29,0,2148,NA,4,NA,45.14,43.33,41.95,64.31,4,71.2,32.99,51.01,46.71,NA,886,NA,NA,57.99,4,41.71,39.97,1,1220,50.05,5,1,29.97,0,25.65,0
1092,1,30,8,4,0,1408,62.07,3,57.24,976,1,NA,463,1385,1060,470,1072,1586,0,NA,1,1523,1,54.76,1,800,54.33,0,53.44,50.3,52.78,45.25,NA,2,54.05,45.39,54.56,54.97,1391,1715,1059,617,19.59,3,54.72,NA,0,1057,47.88,5,NA,NA,2,48.78,1
1093,1,56,7,6,1,591,53.05,2,29.41,354,1,49.15,890,632,847,775,3374,1290,1,0,3,713,1,38.52,NA,1623,38.02,5,58.39,58.79,53.86,62.33,44.62,6,NA,76.46,56.41,68.49,2137,2638,1004,3940,56.55,5,NA,44.65,0,701,46.92,5,0,48.92,3,51.86,NA
1094,1,24,3,7,1,1420,NA,4,44.92,1815,0,53.66,1112,1423,1274,1440,1011,266,0,0,NA,624,1,30.97,1,632,NA,3,49.06,44.78,46.72,54.57,44.39,5,43.09,NA,55.15,79.77,1519,1513,2282,1453,52.79,1,44.01,55.37,0,2512,33.55,3,1,59.69,5,41.46,0
1095,0,38,5,2,1,1702,34.95,4,51.73,2454,1,65.02,1565,1335,406,623,759,365,1,0,4,960,0,49.23,1,1389,40.93,0,61.23,62.3,63.47,45.63,46.65,2,47.23,62.07,36.08,49.92,525,1343,561,1083,43.38,2,42.22,21.89,0,743,NA,6,0,43.24,0,48.93,NA
1096,1,18,9,1,1,1991,NA,3,NA,484,0,48.91,NA,1022,1818,968,3195,1834,1,1,4,1950,0,NA,0,1045,39.43,4,54.56,70.7,45.16,39.52,61.12,2,49.14,NA,43.27,40.24,1627,NA,583,549,36.64,2,46.58,60.44,NA,1867,56.78,3,0,58.15,4,51.29,0
1097,1,44,9,7,0,2162,53.39,NA,27.85,1811,0,62.08,NA,285,1160,1602,1881,NA,1,0,2,651,0,28.55,1,880,43.2,1,57.99,52.72,63.41,58.7,52.35,5,52.65,75.02,50.28,76.42,NA,NA,1842,NA,38.75,5,48.65,36.06,1,562,45.42,4,1,NA,2,39.36,1
1098,0,18,6,3,0,829,35.79,4,43.14,739,0,40.85,457,547,686,906,1341,NA,1,NA,4,754,1,51.95,0,728,NA,NA,54.48,53.41,46.61,48.16,42.34,4,65.54,NA,50.79,55.98,891,795,622,1002,47.43,3,48.28,52.24,1,718,51.95,6,0,43.89,4,42.57,0
1099,0,36,12,5,1,2250,54.9,3,53.18,1520,1,34.12,1461,826,1334,1369,969,NA,1,0,4,384,0,55.09,0,1449,50.58,3,60.6,48.93,37.8,53.97,69.55,2,53.57,64.98,38.79,NA,1505,1849,1377,1600,46.56,3,NA,NA,1,1636,68.76,0,1,63.2,4,56.86,1
1100,1,52,3,9,1,894,45.33,NA,42.91,759,0,40.03,1380,683,1291,839,728,1231,1,1,5,788,1,45.05,1,1310,61.49,3,52.72,48.75,69.94,48.95,42.82,NA,47.22,63.11,45.37,NA,694,1412,1330,873,45.59,4,51.89,29.95,0,895,37.78,NA,1,47.43,0,13.79,0
1101,0,23,9,2,1,3452,73.2,2,62.2,1937,1,56.29,NA,1354,NA,1571,1592,1324,1,0,3,1750,0,NA,1,905,59.91,2,49.61,53.99,46.43,39.54,51.13,2,37.24,60.69,50.79,49.1,2975,3085,NA,6132,64.6,1,66.41,NA,0,NA,70.85,2,NA,45.72,3,54.94,1
1102,0,37,9,9,1,998,NA,1,47.61,984,0,57,455,1075,629,1245,526,1625,NA,0,3,2030,1,51,0,1692,54.31,3,42.47,48.72,36.64,52.53,31.36,5,39.63,52.71,44.41,64.26,1913,2004,1429,1272,45.7,3,41.44,49.02,0,NA,56.84,NA,0,33.78,1,41.46,0
1103,0,50,10,3,1,4901,54.36,0,65.67,1407,1,68.45,1908,1794,969,2797,1216,504,1,0,NA,1082,0,52.61,0,1193,NA,6,45.76,55.96,69.13,49.67,51.69,NA,41.91,NA,52.33,40.35,809,634,653,414,43.7,2,43.28,76.65,0,2162,49.89,1,1,58.32,3,NA,0
1104,0,36,7,3,0,3253,NA,3,54.14,694,NA,53.64,6994,2228,NA,1044,1605,531,1,NA,2,NA,0,41.14,0,868,NA,3,60.99,45.55,NA,45.25,31.93,6,51.51,NA,44.82,39.74,516,1092,NA,649,61.73,3,45.1,45.43,0,771,36.84,1,0,50.63,4,41.67,0
1105,0,56,4,3,1,2067,NA,0,48.31,1174,0,54.13,1154,1746,2479,610,1813,NA,0,NA,4,1697,1,68.81,0,NA,19.98,4,55.47,45.92,32.67,39.94,51.71,6,50.97,46.66,50.93,48.09,976,1377,NA,1555,63.96,2,50.52,NA,1,1647,67.88,2,1,42.69,3,NA,1
1106,0,44,12,6,1,726,54.99,4,NA,1322,0,36,700,1664,909,1516,1382,1938,NA,0,NA,1461,0,55.39,1,640,64.54,5,NA,49.89,48.14,43.72,58.34,3,41.19,50.57,49.01,42.35,686,323,489,482,48.48,2,NA,39.06,1,464,36.18,5,0,44.18,1,51.29,0
1107,1,27,8,6,1,2371,46.39,1,30.39,3070,0,37.53,2417,2731,1107,2524,1546,1073,1,1,3,NA,1,42.49,0,3253,42.73,1,44.97,58.12,41.14,60.43,54.69,4,27.52,52.39,31.13,48.07,828,1156,2002,871,58.2,2,55.79,NA,1,408,54.84,0,0,48.75,3,47.96,0
1108,0,30,13,6,0,1405,44.77,4,41.79,1887,0,41.01,1835,3691,3382,1432,2619,NA,1,0,3,1570,0,56.23,1,NA,44.96,4,25.7,61.88,43.75,45.63,52.04,NA,47.1,51.78,41.27,35.71,877,494,478,482,29.5,3,49.29,45.18,1,1116,42.64,3,1,49.48,3,37.21,NA
1109,1,42,6,1,1,1143,32.25,2,39.98,793,0,51.53,736,1109,2697,784,1310,424,0,0,0,NA,0,NA,NA,NA,46.59,6,NA,64.63,50.06,32.65,NA,2,39.56,52.33,38.84,36.36,4149,2333,NA,2626,38.83,1,44.1,48.01,0,498,49.09,6,1,46.76,3,47.99,0
1110,0,38,6,4,1,3263,50.23,2,45.94,502,0,32.34,1507,NA,2048,1680,991,1988,NA,0,4,1755,0,40.04,1,NA,44.25,3,NA,42.04,65.66,NA,46.17,2,36.44,59.65,58.72,49.23,2313,1968,1909,2242,43.73,2,44.7,NA,0,1557,34.19,3,1,76.09,4,61.21,1
1111,1,53,11,6,1,2065,48.92,4,37.73,1068,0,50.77,2266,1237,1317,2706,1215,NA,1,0,5,1788,1,51.47,1,2478,49.67,3,50.22,64.02,41.97,52.73,34.75,3,49.16,37.88,34.85,42.07,2236,1851,1795,1392,49.58,2,58.12,51.31,0,1666,32.36,NA,1,NA,1,40.06,1
1112,0,40,12,1,0,3552,50.13,6,53.63,1952,NA,64.15,694,833,474,704,871,3163,1,0,1,1785,1,NA,1,1433,35.19,2,47.04,61.7,54.64,61.65,50.58,2,46.6,56.14,51.69,61.79,1854,1252,1814,2719,50.19,3,NA,60.33,0,NA,40.4,3,NA,55.07,4,45.43,0
1113,0,40,9,6,1,1172,38.58,6,28.29,2108,1,45.81,1451,859,NA,527,742,577,0,0,2,1674,1,59.18,1,NA,60.69,3,59.18,66.38,NA,38.92,55.46,4,56.98,51.02,60.23,67.47,NA,920,NA,804,45.52,2,44.32,NA,0,400,47.38,6,1,48.31,3,54.54,0
1114,0,32,11,6,0,2364,57.61,3,46.87,1301,NA,52.93,3128,3634,2281,753,3657,NA,1,1,4,2287,1,43.3,0,1387,61.4,4,NA,28.33,54.2,55.39,NA,NA,45.19,43.68,42.09,63.07,2347,1469,1362,1138,51.37,1,24.33,50.53,NA,2009,43.6,3,1,44.94,4,56.24,NA
1115,1,33,8,2,0,1506,61.6,1,56.83,3778,1,64,3513,2641,957,3484,2208,1659,1,NA,NA,1587,1,62.03,1,2670,55.97,4,40.19,46.01,61.12,62.7,41.68,3,38.13,29.91,58.8,69.23,1071,2948,2608,1584,NA,6,45.6,71.52,1,2567,62.93,2,0,62.92,4,NA,0
1116,1,37,9,3,0,2654,37.8,0,40,950,0,45.92,980,2684,2950,1366,1280,1768,1,0,1,1076,NA,42.39,0,1054,45.1,3,NA,48.13,41.69,71.66,57.03,3,56.65,42.39,50.16,58.53,1186,1161,1194,1210,51.18,4,76.65,41.76,1,879,35.53,3,1,NA,2,44.76,NA
1117,0,48,8,3,1,1683,34.83,NA,61.24,1576,NA,50.06,NA,736,1111,1636,1055,1174,0,1,1,NA,1,51.55,1,1301,NA,1,59.58,57.9,42.38,38.18,45.07,3,43.08,43.6,58.19,NA,1419,1896,2156,2129,69.81,3,69.65,NA,0,586,69.29,2,1,65.23,3,NA,1
1118,0,40,15,3,1,7917,59.46,5,44.02,1074,1,42.17,674,1097,1324,1311,879,1902,0,1,4,3200,0,NA,1,3766,41.9,NA,41.3,61.08,47.08,47.54,48,5,46.85,57.76,42.68,53.67,1528,3223,3252,2355,52.01,4,51.6,54.21,1,1911,62.35,0,0,43.58,7,53.21,1
1119,1,18,12,3,1,3137,51.28,6,64.74,867,1,49.28,871,2024,NA,1437,NA,838,0,1,6,1941,1,42.32,NA,781,NA,4,62.47,61.15,43.07,48.28,55.98,5,65.54,58.87,53.62,58.24,1113,663,1263,946,68.47,4,64.71,35.17,0,2777,41.91,NA,NA,31.62,3,44.31,0
1120,1,39,13,9,0,1090,NA,4,42.7,745,1,45.46,992,1191,1394,3166,1045,2406,1,NA,NA,873,0,49.78,0,3780,62.4,4,52.12,49.23,57.3,61.42,55.15,1,52.46,41.66,68.14,63.14,1632,2340,2471,1678,53.98,3,53.42,42.08,0,1122,42.03,NA,1,57.63,2,52.03,0
1121,0,32,13,6,0,2099,61.25,4,48.08,1455,0,NA,NA,1202,1276,907,345,NA,1,1,2,868,0,47.36,0,981,60.85,4,41.71,53.77,45.24,28.63,59.76,4,45.87,53.64,48.1,34.27,611,666,655,704,49.47,4,59.23,40.41,1,401,41.16,5,NA,40.11,3,39.43,1
1122,0,30,10,5,1,2096,44.67,1,44.33,1431,1,56.92,1735,846,1378,2102,1048,1601,0,1,5,NA,0,41.78,1,1164,43.72,4,51.86,64.48,25.65,51.42,55.55,3,50.71,52.92,45.68,43.71,1305,2490,1487,1672,31.07,NA,59.57,71.88,1,2013,57.33,1,1,64.13,5,65.51,1
1123,1,62,0,5,1,1333,33.02,1,46.77,771,1,26.25,985,2736,1192,1017,1383,NA,0,0,3,1260,1,49.67,0,1258,60.5,1,46.75,41.26,43.92,45.7,52.1,3,46.45,44.61,59.38,44.08,542,745,919,770,73.15,4,60.56,56.89,0,595,50.93,4,1,45.58,5,40.64,0
1124,0,40,8,3,1,1297,66.07,3,57.32,2310,NA,43.45,577,1118,636,437,NA,4642,0,NA,NA,597,0,52.22,0,1126,53.27,3,41.62,43.93,40.31,52.93,41.63,2,NA,48.27,55.65,37.48,931,1347,1474,970,41.54,4,44.99,52.77,0,3274,38.23,3,0,53.6,3,49.08,1
1125,0,35,10,7,1,1956,NA,4,40.2,882,1,59.14,979,2753,1450,803,1415,886,1,0,NA,1766,0,NA,NA,2803,63.34,5,38.68,33.21,37.36,47.51,49.88,3,48.22,43.38,51.28,52.32,1981,1145,NA,1230,40.93,5,28.45,39.93,1,1141,38,3,0,50.09,1,54.79,1
1126,1,50,8,3,1,1915,53.26,3,74.43,4263,0,57.75,1169,2768,2100,2035,5598,1262,1,0,3,1378,0,55.32,0,972,51.17,3,40,42.24,44.14,44.26,22.22,7,45.21,47.81,48.99,43.22,1952,1479,NA,1401,57.58,5,54.3,60.42,0,2761,46.93,4,1,59.86,1,NA,NA
1127,1,55,11,1,1,8355,49.47,0,54.57,1548,0,NA,814,882,1394,3627,1383,3802,NA,1,NA,2673,1,79.5,0,2444,46.75,4,44.73,52.19,57.79,45.08,62.51,NA,63.59,67.93,48.02,62.85,NA,2569,3222,3954,63.33,5,66.96,73.93,0,NA,66.02,2,0,51.13,4,60.25,1
1128,1,31,3,4,0,2156,47.46,3,59.4,759,1,NA,2445,709,NA,804,637,993,1,NA,4,744,0,78.65,0,1196,NA,3,60.24,33.96,59.83,NA,NA,2,57.44,45.76,61.44,48,983,530,817,985,42.03,3,56.85,56.44,1,535,49.63,4,1,56.06,2,60.02,1
1129,0,52,11,3,1,1933,48.29,3,48.98,729,1,67.95,918,1041,977,2049,2543,603,1,0,4,1509,0,38.54,0,1110,69.08,6,NA,45.81,35.86,49.31,NA,4,37.23,60.75,47.4,40.95,1419,930,676,1063,59.3,1,44.61,55.98,0,3682,52.14,3,NA,NA,5,53.1,0
1130,0,51,4,3,1,1485,53.95,0,53.57,2067,1,65,2240,1556,2457,1840,956,1511,0,1,2,1803,1,32.95,0,1281,53.13,2,50.79,56.43,44.12,51.43,51.39,2,26.47,47.9,53.89,52.75,2638,1274,2245,1030,47.02,3,49.56,51.09,1,2062,72.34,2,0,47.56,4,47.46,0
1131,0,41,13,7,0,3390,60.44,2,58.69,1427,0,54.44,1118,2080,737,1953,1417,933,0,1,6,5873,0,55.15,0,723,NA,4,NA,44.56,55.9,50.92,41.96,4,68.73,67.32,48.41,64.9,608,351,426,NA,NA,0,56.44,74.01,0,1473,62.14,1,1,58.83,6,70.49,NA
1132,0,38,15,3,0,1249,41.5,3,49.56,1061,0,51.79,NA,2499,1213,2215,2607,1503,1,0,3,2617,0,59.78,1,1454,NA,6,62.49,51.79,55.69,55.77,54.63,4,42.54,51.31,48.29,56.88,981,1465,1401,1644,51.26,NA,NA,49.27,1,681,47.37,4,0,NA,3,51.47,1
1133,0,46,13,6,1,2578,63.71,3,58.36,1382,NA,34.66,1225,NA,NA,1535,1231,2160,1,1,3,NA,1,NA,0,1181,51.08,2,46.04,54.54,57.08,30.81,NA,2,45.16,58.47,59.88,46.3,NA,3577,3936,5612,49.8,1,43.58,NA,0,2829,53.31,3,NA,57.01,4,46.95,0
1134,0,29,3,3,1,2006,51.19,5,53.19,997,0,44.73,794,772,690,1793,1429,733,1,0,NA,1289,1,32.32,1,968,34.55,NA,48.94,72.56,59.39,66.79,50.73,2,53.22,57.23,65.16,57.75,990,1105,1100,1328,58.08,7,43.38,58.2,0,1180,53.76,2,NA,63.14,4,NA,0
1135,0,56,8,2,1,1570,52.27,6,51.8,1897,0,56,2415,1592,1063,959,2418,613,0,0,3,1780,0,57.39,1,966,57.15,5,53.75,53.58,47.03,57.49,60.93,5,56.99,56.35,55.28,44.47,1098,960,1665,1153,48.09,2,51.41,38.44,1,1195,45.05,5,0,33.15,0,37.67,0
1136,0,63,3,6,1,762,NA,NA,29.71,580,0,44.05,431,965,1189,657,1163,494,1,1,NA,332,NA,46.62,0,658,52.27,3,53.5,46.99,50.35,53.44,50.08,4,54.73,54.22,56.37,NA,NA,758,1052,1111,44.76,2,57.2,40.89,1,728,43.09,3,1,45.08,1,41.66,1
1137,0,54,12,7,0,3834,NA,2,52.74,1164,0,60.96,NA,983,1328,1244,1254,NA,1,1,5,2661,1,50.98,0,917,42.41,3,64.51,53.88,39.61,39.07,53.49,5,56.14,39.12,42.95,40.66,1373,1975,1833,NA,39.17,NA,NA,50.92,1,1243,51.82,3,0,58.48,3,63.19,0
1138,1,41,7,3,1,2703,47.66,3,45.63,860,0,47.9,1876,902,1493,622,892,2059,0,0,2,1713,1,53.67,1,2233,38.95,1,66.04,44.03,64.72,NA,53.81,5,64.79,59.54,46.29,NA,733,650,731,768,50.1,3,61.53,52.79,0,1294,44.5,7,NA,51.15,3,49.84,NA
1139,1,50,5,5,1,1088,39.52,3,NA,1477,0,37.02,4232,2069,1239,1640,1496,1537,1,0,NA,822,0,43.13,0,599,47.51,5,NA,58.91,54.4,45.02,51.74,4,52,52.51,44.61,38.33,881,1454,1185,1737,58.8,4,55.62,33.89,0,420,44.1,4,1,49.04,1,31.72,0
1140,1,73,12,5,0,1695,48.47,3,59.48,2574,0,55.76,4197,1608,2306,1646,1522,3287,0,0,6,4170,0,68.53,1,3307,NA,4,NA,46.36,70.37,44.29,NA,4,56.15,NA,43,NA,912,570,587,436,NA,2,31.16,72.2,1,856,38.52,3,1,42.35,3,50.77,0
1141,1,58,9,3,0,1212,46.02,3,33.28,699,0,54.42,1185,1644,1315,2822,1394,339,1,1,4,289,0,45.02,0,375,48.37,6,54.8,36.56,40.36,NA,50.26,NA,41.82,32.72,37.98,44,352,569,NA,638,36.49,5,41.41,NA,1,1065,33.48,2,1,33.88,2,49.57,0
1142,0,43,10,2,1,2727,35.23,4,NA,1192,1,59.79,4448,5059,782,2632,1431,1531,0,1,3,2018,0,53.49,0,1659,59.97,4,58.59,32.77,51.44,64.03,53.62,1,NA,68.26,NA,47.28,1370,2052,1285,1903,60.03,4,37.05,46.96,1,1161,48.23,3,1,50.71,3,56.1,0
1143,0,54,10,3,1,4141,49.1,6,53.9,2397,0,NA,1529,2178,1812,1084,1804,2259,1,0,3,1751,1,55.01,0,1427,50.75,1,59.19,64.28,62.7,32.94,NA,2,46.72,36.93,51.1,NA,1729,1191,1281,1520,66.67,6,51.35,51.89,0,NA,56.37,2,0,42.7,3,NA,0
1144,0,30,7,5,1,898,50.06,7,44.83,760,1,42.43,454,555,600,561,738,781,0,0,1,877,0,49.07,0,518,63.23,3,NA,48.3,38.97,42.24,37.89,5,NA,37.77,25.81,28.13,1118,505,NA,632,62.59,NA,53.05,59.8,0,1262,58.58,5,0,53.36,3,NA,1
1145,0,24,14,1,1,6699,NA,2,NA,1365,1,57.67,1744,1088,1753,1619,1465,994,0,NA,2,1455,1,38.76,0,1390,52.93,3,54.84,64.93,55.67,50.68,45.89,2,63.58,44.98,59.37,53.24,2429,3071,3171,2928,47.46,5,65.67,76.19,1,3221,78.16,0,1,49.42,4,58.64,1
1146,0,52,5,5,0,3190,64.53,4,39.37,NA,1,45.87,1323,NA,1494,NA,2927,NA,1,0,2,664,0,42.31,NA,993,46.79,2,NA,36.32,46.15,23.86,56.94,4,33.74,33.2,45.12,48.82,949,NA,1554,NA,45.62,3,48.54,63.8,1,3952,61.55,2,0,53.8,4,38.8,0
1147,0,47,7,4,1,2066,NA,5,43.94,483,1,49.98,1439,2762,1198,2590,1407,NA,0,0,5,2166,0,NA,0,2691,40.57,2,52.7,61.64,44.93,63.73,NA,3,57.68,51.9,NA,37.63,707,NA,NA,1181,54.22,2,43.34,NA,0,908,23.12,5,0,43.82,2,40.88,0
1148,0,42,8,4,1,2306,53.8,3,49.85,820,0,49.06,966,1874,559,626,1739,1443,1,1,3,1909,1,51.02,0,1625,43.78,3,53.27,38.79,41.34,44.04,NA,2,38.96,NA,52.83,55.78,1606,935,1543,1119,48.48,4,50.19,41.47,0,1200,35.61,4,1,50.61,2,64.75,0
1149,0,39,6,2,1,2178,68.57,1,73.91,NA,1,43.94,4215,972,1290,1635,NA,1499,0,0,1,1526,0,48.8,1,2098,43.74,1,58.55,60.07,NA,45.49,46.1,4,38.25,43.41,60.93,72.56,NA,2558,NA,2317,45.81,4,72.6,47.65,0,2057,62.2,2,1,59.51,5,52.76,1
1150,0,33,10,8,1,2085,63.62,4,NA,643,1,54.3,1052,1102,1525,3308,2452,1049,NA,1,4,NA,0,50.26,0,1184,64.66,3,43.4,NA,42.91,43.6,NA,6,31.17,53.84,40.86,54.2,701,552,887,824,46.47,NA,44.87,53.82,0,830,52.89,NA,NA,52.96,4,58.33,0
1151,0,35,12,4,0,1538,47.23,4,40.36,605,0,44.07,2097,1062,2326,993,1357,1420,NA,1,2,410,0,39.25,1,1475,74.8,0,47.26,45.67,40.89,NA,38.92,5,54.19,51.09,NA,51.46,1742,1454,1156,1840,53.58,4,37.24,NA,1,892,51.32,1,NA,63.73,5,55.7,1
1152,0,42,10,6,1,1644,60.01,2,NA,944,0,53.91,949,1088,900,1307,1298,986,1,0,1,NA,0,42.02,NA,637,54.31,3,61.59,64.95,50.93,57.3,49.05,5,75.99,50.62,55.1,50.74,1698,1715,942,1830,NA,2,38.83,37.5,0,NA,42.37,NA,1,53.48,2,30.81,1
1153,1,53,2,1,1,1693,40.97,3,57.97,576,0,57.92,1399,1621,1373,NA,453,1461,0,0,3,867,1,52.62,0,1633,58.56,2,52.75,60.53,NA,27.39,67.62,4,NA,28.53,NA,49.82,982,815,755,673,69.62,0,47.77,NA,0,688,46.22,3,1,65.4,3,45.03,0
1154,1,46,9,2,1,1022,NA,3,51.22,2212,0,39.74,2607,1484,NA,1961,745,NA,1,1,4,1659,1,51.72,NA,2005,66.33,4,50.08,NA,37.98,32.04,45.15,3,26.31,31.87,51.25,35.56,878,741,807,1064,42.62,2,44.57,60.14,0,3033,61.27,1,0,NA,6,57.86,0
1155,1,55,9,1,0,2977,48.76,4,40.42,1987,0,42.55,2365,921,985,1399,918,1017,0,0,0,719,1,35.54,0,1388,49.1,2,44.98,29.96,45.7,43.48,55.44,3,NA,NA,48.27,55.68,511,1335,NA,689,57.66,6,51.71,NA,1,1009,44.39,3,0,48.06,3,40.93,1
1156,0,46,10,2,1,2058,51.95,4,NA,750,0,32.82,1795,1201,877,1158,1607,4604,1,0,4,1504,0,46.79,NA,1330,54.85,1,62.82,55.26,62.9,47.12,56.11,2,63.63,45.96,64.7,53.02,1556,1099,1250,1287,53.74,0,49.79,53.07,0,1778,59.1,4,1,58.9,6,65.34,1
1157,0,51,2,1,0,2314,57.34,3,43.38,1291,1,55.93,1227,578,1367,1218,1860,2103,NA,1,5,1364,0,63.05,0,2874,NA,5,55.73,42.13,56.33,52.4,51.96,2,63.95,52,45.5,46.63,1397,NA,917,1264,52.64,4,44.63,62.13,0,4212,59.75,NA,0,40.94,5,57.92,0
1158,0,32,6,3,0,1864,38.84,1,50.82,NA,1,49.01,NA,1223,846,1731,606,NA,1,1,2,1457,1,41.41,1,NA,49.8,4,35.93,60.99,30.34,36.02,36.34,3,42.41,51.31,43.03,53.51,1040,872,1255,539,57.31,2,49.44,51.54,1,3477,NA,2,0,45.8,5,46.43,NA
1159,1,60,5,7,0,2746,48.42,4,46.79,3938,1,45.54,1549,1967,856,1649,569,NA,0,1,4,898,0,41.9,0,1608,48.4,4,NA,43.66,57.44,NA,47.62,3,NA,56,34.89,58.49,648,1760,1200,NA,46.32,NA,61.17,77.55,1,1617,35.86,4,0,45.53,7,NA,1
1160,0,33,3,4,1,2515,69.46,3,38.28,774,1,34.32,576,344,NA,524,847,NA,1,NA,5,NA,1,52.78,1,652,37.04,3,43.55,51.75,45.43,26.26,30.17,1,70.66,58.56,51.27,47.63,3994,2882,2274,NA,67.77,6,59.66,NA,0,1048,44.36,6,1,40.51,3,42.4,0
1161,0,49,12,2,0,1716,58.69,2,NA,971,1,59.67,1301,995,NA,1334,2168,1285,1,1,6,911,1,51.97,0,NA,57.49,2,46.62,54.49,56.01,46.42,46.09,4,69.35,72.14,NA,47.91,1506,956,1128,1051,49.66,1,66.56,47.6,1,1113,46.45,3,1,42.79,4,57.13,0
1162,1,41,0,2,1,625,55.39,4,31,1176,1,30.26,1717,NA,1361,1005,2111,NA,1,1,3,NA,0,40.56,0,755,35.73,1,49.59,48.85,24.4,71.96,58.83,1,55.99,52.09,47.44,42.48,1912,1186,1801,1917,57.92,5,45.14,48.45,0,557,49.35,5,1,49.73,2,35.24,1
1163,1,26,11,6,0,4642,NA,2,54.66,1617,NA,51.84,2594,4173,1883,1564,2491,1026,0,0,6,769,1,NA,0,2011,49.73,5,44.21,49.51,49.92,50.74,63.25,1,50.83,50.7,NA,60.62,NA,4195,2989,2333,52.49,6,58.89,39.17,1,1510,72.28,4,0,68.72,4,NA,1
1164,1,61,7,4,0,3841,50.59,2,57,2567,0,51.71,3777,4405,3836,2985,NA,687,0,1,3,840,0,46.4,0,673,NA,2,59.64,55.63,48.6,54.9,NA,3,42.41,46.44,68.04,55,571,657,636,617,45.24,4,57.34,55.57,1,1069,58.2,NA,0,48.53,2,62.52,NA
1165,0,28,4,3,1,2765,44.71,0,65.55,826,1,54.4,2003,1401,1859,1783,1304,407,1,0,3,1860,0,54.74,0,1131,40.41,4,39.13,54.75,57.3,49.84,59.27,1,46.78,46.17,47.75,52.81,1054,761,1651,1224,57.74,NA,51,57.04,0,1578,45.89,3,0,53.02,1,54.36,1
1166,1,30,8,6,1,436,NA,6,50.89,1539,1,47.47,NA,1208,1388,2092,1754,711,1,0,NA,NA,NA,62.21,0,700,44.96,3,60.14,49.08,49.32,52.57,52.47,1,30.84,46.72,NA,45.68,1389,618,1180,NA,47.57,1,62.36,NA,0,1586,43.11,3,1,46.44,5,49.43,1
1167,1,35,7,8,1,330,46.24,5,43.97,3111,1,70.13,1524,2646,2140,2118,710,NA,1,NA,3,1331,1,43.02,0,416,54.07,3,37.54,NA,45.05,NA,55.01,6,50.43,48.24,39.72,23.97,1074,1390,NA,NA,43.78,5,50.43,60.86,1,1767,46.68,2,0,58.71,3,47.99,0
1168,0,34,13,6,0,1441,64.69,2,73.01,1739,1,NA,1357,2728,698,3254,985,1346,1,0,3,1214,0,32.83,1,2690,46.3,0,40.68,52.79,45.43,44.3,48.1,3,29.42,55.96,30.4,43.06,1627,1838,1734,2174,45.98,1,46.84,NA,0,NA,48.43,3,1,46.57,4,47.92,0
1169,0,26,14,6,0,1972,35.19,5,40.66,372,0,42.61,NA,1680,671,476,2363,1233,0,1,2,686,1,50.44,1,1102,45.79,1,31.73,61.41,51.5,NA,NA,2,49.94,54.08,49.41,38.64,1429,1328,1355,2216,41.65,6,63.19,56.56,0,1686,52.72,3,0,49.36,3,57.14,0
1170,0,24,5,8,1,1082,NA,4,37.96,1174,1,43.65,474,442,692,433,973,393,NA,1,1,528,0,48.31,0,567,57.23,5,46.04,64.2,40.68,42.32,39.03,5,29.11,62.22,50.97,67.23,600,415,369,607,56.54,2,33.44,43.23,1,1228,53.82,3,0,69.44,3,47,1
1171,1,50,9,3,1,2348,52.82,1,57.18,1560,1,45.36,1946,1972,1785,1076,2013,1159,1,0,2,1291,0,48.28,NA,1497,57.19,1,65.44,26.01,47.66,38.66,62.13,5,64.15,43.54,58.66,NA,NA,2912,2561,2766,56.89,3,43.63,55.59,0,2110,41.22,1,NA,56.37,3,67.35,1
1172,0,32,4,3,1,900,42.36,4,36.85,1415,1,45.18,2408,1091,1394,696,2367,1073,1,0,1,568,0,46.34,1,NA,NA,4,42.13,27.67,70.25,NA,43.34,NA,42.46,34.11,42.26,NA,669,293,847,492,68.19,2,42.72,44.91,0,827,44.83,4,1,47.59,3,NA,NA
1173,0,37,7,5,0,2594,37.65,2,58.97,1238,0,48.19,1162,1590,681,3566,1247,5956,0,0,6,2230,0,64.8,NA,NA,54.96,2,47.15,65.76,48.04,52.3,53.68,0,NA,48.41,57.92,66.32,2029,1263,2696,2759,52.8,4,52.18,55.14,1,2002,54.3,2,0,53.41,4,52.36,1
1174,0,71,14,1,0,2137,48.1,1,54.71,1953,0,NA,2799,1927,2788,1759,1602,2751,1,0,2,923,0,57.99,NA,1173,52.3,2,43.06,53.77,42.24,45.87,NA,6,55.67,48.59,46.83,54.07,1603,1467,1482,1354,57.57,4,61.41,63.29,0,1533,60.06,NA,0,55.52,3,57.22,0
1175,0,49,8,5,1,1770,50.59,2,NA,839,0,42.14,1523,2004,1151,2109,3494,NA,1,0,3,1578,NA,NA,0,1265,62.39,NA,39.5,41.68,47.85,NA,56.03,2,NA,43.33,44.93,63.15,1200,971,858,1027,50.63,4,58.21,NA,0,1520,59.96,3,1,60.27,6,49.47,1
1176,1,40,14,4,0,2580,58.61,2,51.9,2750,1,56.96,4588,1289,1400,4377,4283,765,1,0,2,NA,1,46.14,1,816,60.58,4,50.32,41.18,69.8,NA,56.69,3,35.27,44.55,65.25,NA,913,1738,1816,754,62.75,5,58.59,43.46,0,1576,52.78,4,0,57.95,3,41.69,NA
1177,1,34,11,4,0,2627,35.59,2,60.02,1422,0,48.31,2187,2688,2017,1264,1697,1623,1,0,6,1137,1,44.71,NA,1462,43.18,2,49.25,55.76,56.61,48.51,50.78,1,49.32,40.36,51.03,73.01,485,1388,1087,960,NA,NA,48.47,57.47,1,775,56.09,3,1,50.9,4,50.76,1
1178,0,30,9,5,1,1692,44.13,5,73.53,2432,0,51.86,1196,1180,803,1268,1290,926,0,1,2,1167,0,30.69,0,1422,40.39,4,48.66,NA,45.94,38.14,NA,4,54.04,47.45,47.1,59.09,1183,1596,1567,727,61.01,3,72.87,65.91,1,995,60.9,5,1,51.32,3,48.21,1
1179,0,30,7,6,1,2426,54.3,3,43.82,963,0,48.68,NA,2054,3380,1797,1072,947,1,0,2,741,0,49.55,0,2326,39.08,6,49.11,76.27,48.74,57.15,36.49,4,44.49,47.8,56.97,56.73,2409,1495,NA,1011,45.34,NA,58.25,42.95,0,1204,61,3,1,34.24,2,40.36,NA
1180,1,35,4,5,0,1058,45.61,6,25.72,559,0,15.7,4060,1411,937,1418,1231,NA,0,1,2,1309,1,54.12,0,1826,48.94,2,33.33,50.07,38.4,55.86,NA,2,NA,47.7,53.43,63.18,2323,1692,1277,842,59.66,4,49.48,NA,0,1035,46.09,2,1,42.84,2,44.4,0
1181,0,64,4,1,1,1841,64.62,4,59.32,4360,NA,60.15,656,1011,1699,862,1309,1566,1,0,4,1309,0,53.55,0,1556,42.72,3,44.46,38.7,53.58,54.68,36.27,0,53.19,45.5,23.77,56.44,1255,2046,2224,2541,48.44,NA,51.58,30.18,1,1705,56.19,3,1,34.51,3,51.13,0
1182,1,22,8,4,1,3990,53.64,0,52.5,3110,1,NA,4434,3383,3827,5046,4905,4074,0,0,5,2650,0,54.79,1,1319,46.65,4,43.42,66.07,65.05,46.5,67.36,4,73.56,71.12,46.86,51.5,NA,953,906,1449,53.08,5,38.25,62.1,1,3049,71.82,1,0,60.22,6,69.8,1
1183,0,42,8,4,1,1267,38.84,NA,53.45,1606,1,42.99,1181,1794,NA,396,812,NA,0,0,4,1127,1,33.33,0,1096,51.01,3,63.83,48.38,NA,44.19,39.85,5,56.75,48.96,NA,50.63,1851,1856,NA,1211,39.08,1,68.07,31.95,0,715,31.7,5,1,NA,2,37.04,0
1184,0,20,8,2,1,2114,54.56,3,47.6,2264,0,58.42,754,2071,1545,1642,3865,588,1,0,6,1082,0,58.04,0,NA,50.17,3,38.1,41.33,47.19,52.12,46.9,3,52.69,56.31,38.31,50.32,1512,1803,1204,753,32.47,2,54.78,56.07,1,1540,64.51,2,NA,61.59,6,75.73,0
1185,0,28,11,3,1,4078,49.77,7,61.49,NA,0,49.07,1286,2260,3384,NA,1498,2037,1,1,5,1680,NA,53.82,1,1555,55.57,4,43.61,43.86,61.29,48.29,49.94,2,49.74,52.96,60.59,58.05,1097,845,NA,2282,41.58,4,49.25,65.53,1,2602,54.43,0,0,51.41,5,44.09,0
1186,0,63,0,4,1,1772,66.72,NA,38.8,737,NA,38.96,2916,861,2966,655,2775,744,1,1,2,4634,1,38.58,1,765,68.62,3,61.68,43.86,67.36,52.38,44.12,1,35.86,49.99,49.2,43.68,1102,1056,1364,817,NA,0,41.75,47.73,0,906,29.37,NA,0,37.83,3,39.92,0
1187,1,27,10,4,1,1410,NA,3,55.84,2785,0,57.28,603,1628,443,1904,1070,NA,0,1,5,NA,0,48.67,1,1527,41.29,2,46.28,36.16,53.66,56.43,NA,2,49.83,54.28,61.3,52.6,1477,904,1323,1541,NA,4,56.48,62.85,1,4543,67.87,1,1,NA,4,48.8,1
1188,1,23,6,2,1,554,42.82,4,36.51,1018,0,37.49,896,882,1318,548,1292,NA,NA,1,3,995,0,53.15,0,1440,32.8,4,68.54,NA,52.29,NA,43.32,2,55.41,54.89,50.84,NA,954,884,465,485,NA,3,35.65,39.65,0,1521,44.46,4,1,66.86,2,48.4,0
1189,1,18,8,5,1,1830,64.82,1,NA,1328,0,50.46,3272,4334,1522,1796,2834,NA,1,1,5,1854,1,58.93,1,NA,55.09,4,53.83,54.23,69.57,43.27,59.76,1,54.96,57.99,49.5,54.49,817,1466,1434,1223,34.54,3,50.82,NA,0,1231,48.93,4,NA,36.84,3,60.31,NA
1190,1,26,5,7,0,1697,53.21,4,69.67,4130,0,52.98,NA,1714,1226,761,916,1177,1,NA,3,3881,1,44.44,0,1332,53.5,6,35.36,NA,43.7,29.2,63.85,1,43.41,35.15,51.63,53.64,693,939,681,736,47.64,3,40.85,63.38,1,1220,59.48,3,1,60.31,3,60.11,1
1191,0,74,4,1,0,6891,64.85,2,64.15,1234,1,NA,1555,2115,1535,2469,NA,NA,NA,0,5,1362,0,74.23,1,1550,NA,2,35.9,37.43,51.39,NA,71.33,3,64.6,56.96,63.81,39.71,2016,844,1389,1351,44.78,5,66.42,66.6,1,3148,63.05,0,0,62.81,5,NA,1
1192,0,36,15,4,1,1695,NA,5,47.17,654,1,35.41,1218,1651,3382,1195,2270,NA,1,0,5,2034,1,41.45,1,3119,64.83,5,40.08,66.86,51.35,34.01,48.07,0,67.29,45.08,40.18,47.38,1849,2085,2002,NA,55.46,3,51.31,58.02,0,2225,62.25,2,0,61.91,5,41.19,1
1193,0,38,7,8,1,1240,51.65,4,47.94,1625,0,49.06,NA,1824,766,1245,738,762,NA,NA,0,777,NA,52.69,0,157,63.85,4,42.82,45.5,58.08,65.81,51.79,1,46.38,49.24,20.88,65.35,4130,3053,1947,NA,49.18,2,37.31,61.91,1,880,36.2,0,1,53.08,3,48.18,NA
1194,0,24,6,5,0,1723,47.54,4,NA,621,0,58.65,1744,2126,866,2014,1228,389,1,1,3,656,0,NA,1,NA,53.25,3,58.57,58.71,43.73,NA,46.07,4,58.26,47.95,56.45,37.18,865,1148,498,911,49.02,NA,54.69,57.37,1,1866,46.9,3,0,40.42,5,43.45,1
1195,0,28,0,5,1,3327,NA,5,35.65,3038,1,33.89,1131,1659,781,704,2019,1966,0,NA,4,980,1,58.86,NA,1035,66.89,7,55.85,43.64,46.72,54.37,49.39,4,48.83,58.88,41.91,50.03,2117,3034,2483,1752,49.13,4,69.84,55.12,0,1373,42.89,5,1,51.86,2,37.85,1
1196,0,19,11,11,0,843,62.87,1,35.99,570,NA,36.79,1842,949,1472,456,1055,817,0,0,0,383,0,45.42,1,1392,64.79,4,44.91,54.56,27.98,55.48,53.05,6,34.97,49.44,37.36,50.85,2611,1105,959,1717,56.64,3,49.98,44.61,1,1221,39.46,5,1,46.14,3,38.24,1
1197,0,56,12,2,1,12765,63.46,6,52.01,1400,1,66.8,1292,NA,2227,2089,2315,NA,1,1,NA,889,0,56.84,0,NA,47.89,NA,63.75,64.89,62.43,NA,54.47,0,61.62,63.42,53.67,45.5,NA,3033,1697,2071,41.27,1,56.69,72.52,1,2124,56.76,1,NA,63.07,8,64.92,1
1198,0,31,5,6,1,846,44.03,3,26.19,1648,0,35.76,1355,829,1128,729,917,1335,1,0,2,1544,0,53.95,0,911,31.24,4,53.84,53.57,34.74,55.96,36.01,3,73.76,57.22,53.81,52.58,941,789,573,805,NA,2,52.72,45.71,0,NA,46.13,3,0,57.76,3,66.58,1
1199,1,54,4,4,1,2759,47.78,6,46.47,855,0,34.96,1700,2383,724,706,592,1190,0,1,1,3395,0,NA,0,1553,48.3,3,NA,43.02,54.96,NA,58.57,2,42.46,51.99,21.77,45.03,1704,1054,1060,677,36.3,3,44.54,59.93,0,1511,48.88,2,1,50.48,2,59.54,NA
1200,0,63,8,2,1,4302,70.58,0,70.5,4722,1,57.01,1514,1529,1766,624,1098,1541,0,1,6,1991,1,46.12,0,2621,43.87,1,62.63,NA,46.6,51.26,59.45,3,64.81,62.65,43.56,56.37,3820,3036,NA,3578,42.37,5,53.45,54.09,1,1642,65.53,0,0,60.49,3,60.87,1
1201,0,25,7,5,1,3728,NA,2,NA,1021,0,59.57,NA,769,1385,831,3062,3814,0,0,4,2901,0,NA,0,1398,38.54,0,49.01,62.21,58.85,61.94,56.67,5,53.39,46.95,46.76,62.32,1437,1477,2065,1642,53.17,4,40.07,44.02,1,3398,65.25,2,1,NA,1,61.24,0
1202,0,59,1,7,0,1109,41.96,3,53.94,1976,NA,37.21,NA,1466,1498,458,1564,1800,0,0,2,1045,0,48.67,0,2572,47.03,5,46.52,62.21,NA,63.95,55.83,4,49.55,55.75,55.23,52.46,722,521,383,NA,65.12,NA,NA,58.89,0,600,50.69,3,0,57.88,2,58.03,1
1203,0,52,1,3,1,1923,44.19,3,48.23,787,1,41.94,1479,1215,2419,1646,1052,720,0,0,0,1053,0,55.22,NA,1207,42.21,1,64.57,61.11,83.27,48.41,55.56,3,45.33,40.81,53.87,53.25,745,1165,778,690,42.29,2,39.65,47.71,0,719,34.74,6,1,57.97,0,35.79,0
1204,0,51,7,5,0,1196,NA,2,45.04,1146,1,43.49,797,510,422,671,809,NA,NA,1,2,3173,1,51.44,1,1500,52.81,NA,52.67,36.19,37.52,NA,43.14,2,42.87,56.82,44.28,41.74,1895,1337,1557,1679,50.76,1,25.51,33.96,0,363,39.33,4,NA,NA,1,NA,0
1205,0,46,12,6,1,3149,42.05,1,60.73,772,1,NA,326,780,824,1646,2638,2029,1,NA,NA,550,0,29.02,NA,1204,51.98,3,51.61,45.27,63.29,50.43,NA,2,41.55,36.07,53.24,35.67,1320,1955,NA,1306,60.96,2,47.79,30.5,1,538,45.87,3,1,54.64,7,NA,0
1206,0,37,10,5,0,3320,65.06,1,66.34,1455,NA,64.78,1228,797,1940,2122,1054,910,0,0,NA,366,1,48.24,NA,1378,58.2,0,50.79,28.41,33.63,51.82,52.17,4,42.3,48.88,42.27,59.43,NA,NA,1887,2470,57.73,2,44.46,68.85,1,2559,55.99,0,NA,62.4,4,NA,1
1207,0,40,3,2,0,1060,49.39,3,32.5,1750,0,62.58,1829,1379,2468,157,2192,507,0,1,3,622,0,45.64,0,2144,48.97,1,50.67,46.41,NA,60.19,51.43,8,40.22,72.99,63.16,51.42,1171,1279,1342,1296,49.85,3,35.28,34.53,0,1089,56.31,4,1,53.97,2,49.93,NA
1208,0,39,3,1,1,2336,46.43,0,50.37,NA,1,65.67,860,1073,1141,1471,942,1040,NA,1,2,NA,1,49.25,0,1381,NA,1,39.6,50.11,68.57,47.7,67.25,0,45.83,58.14,51.48,53.37,NA,864,771,796,59.27,NA,39.37,31.22,0,506,38.22,8,NA,34.59,0,49.35,1
1209,1,33,7,2,1,1106,51.82,4,77.29,2323,0,NA,1901,722,2373,3288,2603,3082,0,1,2,NA,1,45.29,1,1292,49.78,1,64.17,33.99,45.47,47.96,47.22,2,39.87,40.17,50.56,53.81,1722,2738,2002,NA,41.15,2,39.93,36.42,1,920,38.03,3,1,44.94,2,38.38,0
1210,1,43,5,4,1,1340,61.33,0,41.18,638,0,36.68,782,1202,570,1031,NA,1121,NA,1,1,NA,1,31.05,0,641,38.67,0,60.62,59.08,55.98,42.61,55.85,6,56.94,49.15,59.35,54.61,NA,810,755,955,44.04,2,40.09,58.09,1,1205,49.27,4,0,49.25,2,41.6,0
1211,0,25,10,5,0,1371,61.53,1,65.41,1862,0,70.04,1001,1843,1382,1494,2483,871,NA,0,6,1844,0,41.99,0,987,53.45,3,56.82,41.4,49.03,68.15,51.6,0,53.71,44.1,57.17,53.22,1472,1010,1108,1512,38.14,2,55.52,42.1,0,1476,59.4,2,0,58.32,5,NA,1
1212,0,47,10,5,0,3831,36.75,5,50.54,2264,1,62.99,1543,1355,2096,2014,2328,887,0,1,NA,890,1,33.06,0,2774,51.83,4,56.78,49.51,55.13,46,37.81,4,47.97,NA,57.18,NA,1645,1399,NA,1338,35.98,4,75.83,66.97,1,5413,58.45,0,0,NA,3,84.87,1
1213,0,39,8,1,0,5489,41.7,3,52.6,2222,1,53.16,1152,1053,650,1265,1359,900,1,0,5,NA,0,43.92,0,1832,37.22,6,NA,64.59,71.03,32.86,NA,4,NA,65.41,68.25,37.86,NA,4445,7659,5644,26.64,2,47.19,68.46,1,1563,62.11,0,0,67.16,5,59.71,1
1214,1,41,8,4,0,4612,62.28,3,50.92,2329,0,41.91,3689,4977,2979,3473,1337,1681,1,1,5,3596,0,60.11,1,1441,50.37,1,47.96,59.79,67.18,38.82,48.97,1,46.86,50.06,55.53,72.63,1979,2092,1400,1347,47.43,1,NA,47.3,1,1974,49.47,1,1,NA,3,55.21,0
1215,1,50,8,6,1,2112,51.55,5,62.2,1595,1,48.76,1692,1428,1540,931,1484,2014,1,0,3,749,1,47.37,NA,1259,NA,4,48.88,44.75,35.91,45.86,46.75,5,47.6,61.14,36.82,NA,1383,1934,1346,2667,67.3,1,42.93,NA,0,2243,49.64,0,1,59.93,5,65.68,0
1216,1,30,3,7,1,739,53.87,2,44.52,1629,NA,NA,NA,1923,889,1079,916,NA,1,1,2,912,0,45.84,1,1176,52.36,5,44.38,NA,43.22,45.65,58.92,6,37.45,53.17,38.02,23.12,499,430,433,800,36.55,0,43.55,33.81,0,444,56.82,6,0,50.99,1,31.28,NA
1217,0,53,9,3,0,2546,51.12,4,NA,2389,1,52,3585,NA,1970,1844,2596,1460,0,1,5,1788,NA,60.02,NA,NA,61.91,3,NA,46.55,NA,58.96,57.36,1,45.48,33.76,59.3,49.48,452,515,655,463,45.52,2,43.69,68.88,1,1373,61.41,2,1,45.63,2,44.69,NA
1218,1,39,8,4,1,1474,60.4,1,67.38,2329,0,34.12,492,1322,836,1047,1290,1541,0,1,4,1700,1,44.2,0,1011,64.49,3,46.47,43.48,39.61,51.94,38.77,2,42.58,NA,65.72,NA,1493,1201,NA,1330,54.98,4,54.81,38.08,0,947,48.22,3,1,48.23,1,44.01,NA
1219,0,57,9,9,1,2975,67.35,5,43.12,1459,1,59.59,2800,986,796,1673,NA,1531,NA,0,4,4672,1,65.92,0,3228,NA,3,52.08,56.63,52.55,54.3,54.81,3,NA,56.84,53.72,NA,1307,853,1026,2007,47.55,3,66.12,35.73,0,537,47.67,5,NA,NA,2,34.87,0
1220,0,40,10,4,1,2849,47.52,5,20.26,905,1,37.65,523,2061,871,759,598,2224,NA,1,NA,NA,0,64.27,0,NA,49.72,7,44.77,42.89,54.72,37.31,51.31,3,37.19,49.57,36.91,29.9,3377,1856,3842,4280,48.39,4,33.27,30.85,1,352,NA,6,1,28.08,0,49.5,0
1221,1,55,12,7,1,5230,58.02,1,53.2,1937,1,55.8,2274,1712,1546,1563,2457,3799,1,0,4,2272,1,64.24,NA,2088,42.68,2,40,47.87,55.65,62.26,51.84,2,66.83,63.45,38.01,59.96,3747,4115,2878,7666,61.86,5,62.68,70.83,1,4366,51.71,2,0,72.17,NA,55.53,1
1222,1,49,4,3,0,1399,48.89,1,41.87,1103,1,49.98,618,387,455,608,895,NA,1,0,4,899,1,62.94,0,1481,57.83,5,45.77,42.29,52.39,51.96,51.84,4,57.14,29.12,45.73,47.11,1439,1511,NA,1639,39.48,1,48.26,67.63,NA,1205,56.26,2,0,64.67,4,NA,0
1223,1,53,12,5,1,3017,70.25,NA,46.27,854,0,62.06,1385,1062,809,943,1122,NA,1,0,3,1719,0,60.12,NA,7691,65.18,2,64.33,57.95,54.91,55.34,63.4,1,53.65,52,52.04,78.19,870,NA,NA,1457,53.16,3,37.77,NA,1,1640,50.95,3,1,27.15,1,36.71,NA
1224,1,51,7,2,0,1329,40.47,6,39.43,984,1,42.21,NA,1253,1085,1701,807,NA,1,0,0,2699,0,43.69,0,325,36.09,2,54.7,64.24,44.91,47.76,50.09,4,59.33,56.19,46.04,49.87,1154,1260,940,842,63.79,4,50.9,56.06,1,2686,NA,3,1,44.35,3,55.82,NA
1225,0,61,0,1,1,517,32.21,3,52.3,419,0,55.88,NA,NA,671,494,918,1638,1,NA,2,540,0,53.11,NA,1752,63.38,2,41.12,50.63,75.52,NA,47.88,3,NA,49.62,53.84,37.26,1636,1192,1461,1506,68.66,2,33.01,49.37,0,726,28.19,4,0,46.38,2,28.16,0
1226,1,42,5,3,0,4175,28.29,NA,43.69,2113,1,47.2,1786,NA,3592,1144,2291,NA,1,1,4,5238,0,NA,0,4612,50.86,2,57.56,37.62,63.9,81.02,69.66,5,58.24,65.13,62.63,77.56,2010,1965,1431,2264,69.65,4,52.92,44.78,1,1065,54.32,3,0,39.66,1,42.6,1
1227,0,18,5,3,1,1649,55.63,6,43.58,455,1,63.2,2644,1145,1020,1906,939,580,1,NA,4,1064,0,47.83,1,NA,30.24,4,57.3,64.71,NA,31.6,NA,4,45.03,NA,41.24,47.95,1576,NA,1903,1877,49.39,4,62.09,37.84,1,1278,43.83,3,0,NA,2,33.29,NA
1228,1,54,7,5,1,1673,NA,1,56.18,1368,NA,48.46,2072,2765,NA,1161,2591,NA,1,1,6,2431,1,64.63,1,2290,57.16,5,NA,41.53,46.87,31.57,43.37,3,45.06,30.36,NA,51.53,1502,1604,NA,683,52.69,5,60.49,NA,1,3162,52.33,4,NA,54.14,2,71.22,0
1229,0,40,6,2,1,2159,61.76,NA,36.45,3914,0,51.75,1166,914,NA,978,2385,2960,0,1,1,1486,0,61.73,0,1021,43.44,0,69.52,59.35,NA,50.52,61.44,6,38.24,52.33,40.29,70.57,NA,1287,NA,1413,47.4,7,58.55,33,0,962,38.46,3,0,24.36,NA,20.92,NA
1230,1,30,12,3,1,3804,NA,3,67.74,1888,0,57.47,1744,NA,1548,2203,1227,1598,0,1,5,1578,1,47.19,0,1229,60.93,4,49.81,38.91,43.7,57.45,58.53,5,NA,60,55.74,66.42,4487,3430,4281,4015,50.81,4,67.68,51.89,1,1754,37.87,4,0,52.02,2,51.84,0
1231,0,38,9,2,0,1125,43.1,4,50.72,563,1,45.68,3710,884,NA,1549,NA,1770,0,1,3,1069,0,59.95,1,1600,NA,2,NA,41.43,42.5,56.01,63.69,4,44.59,58.25,59.98,38.51,693,1114,522,509,61.17,NA,NA,60.43,NA,2429,50.74,2,0,61.29,3,53.79,1
1232,0,33,10,1,0,3773,41.31,2,NA,1920,1,39.8,2515,1004,1073,2440,1641,2209,1,0,6,2917,1,59.78,1,4033,57.29,1,60.39,41.34,38.8,65.29,57.32,1,49.86,50.17,42.59,52.58,1428,1743,2251,1846,62.53,NA,49.89,49.79,NA,1235,59.98,1,1,36.11,1,40.67,1
1233,1,44,10,4,0,2797,55.56,1,60.73,715,1,58.36,2476,689,640,1200,807,1453,0,1,4,822,1,39.13,0,1344,40.94,3,57.53,61.21,42.33,NA,44.76,3,65.49,50.4,48.9,65.61,3218,1508,2060,1690,43.73,4,41.04,59.3,0,1151,52.36,4,1,54.98,3,NA,1
1234,0,49,8,4,0,2977,NA,0,64.2,1368,1,NA,1756,2885,2056,3330,2674,NA,0,0,3,936,NA,NA,0,2071,42.87,5,NA,55.18,42.16,22.48,52.24,1,38.32,32.16,52.69,NA,2143,986,988,889,71.48,3,36.94,34.26,0,1232,39.9,5,1,35.56,0,42.61,1
1235,0,56,13,6,1,2151,60.11,4,NA,792,0,57.83,2253,1568,1594,1186,1420,2389,0,0,4,1887,0,61.81,0,1879,58.56,4,66.82,50.1,NA,66.77,61.68,3,62.79,61.52,62.5,34.47,325,527,NA,812,NA,2,49.16,27.55,0,1433,41.3,3,0,35.99,1,50.73,1
1236,0,34,9,4,1,1913,NA,7,58.58,2260,1,54.8,1495,1485,1216,1518,1280,1374,NA,0,3,1602,0,39.79,1,1323,39.2,5,39.23,48.58,NA,43.68,47.96,5,47.49,49.9,35.55,41.71,1651,2624,NA,1526,69.18,3,63.1,54.74,1,736,44.45,4,0,NA,4,55.57,NA
1237,1,43,19,4,0,4676,50.85,1,70.78,746,0,67.09,2426,2596,1968,3291,3133,1107,1,0,4,1494,1,51.8,1,2111,42.03,3,49.21,59.91,68.51,53.88,54.94,2,69.36,NA,31.95,NA,960,1632,1317,2192,47.46,4,63.9,56.94,1,701,54.17,1,0,49.77,NA,57.35,1
1238,0,28,6,1,0,922,NA,4,NA,1945,0,52.53,2308,1618,1136,1665,1339,1553,1,1,3,1455,0,53.83,NA,1969,63.67,3,65.66,48.43,NA,39.5,61.29,NA,39.01,61.5,52.14,67.63,430,619,NA,663,33.65,NA,50,46.91,0,380,34.88,6,1,46.88,2,33.87,1
1239,1,53,8,4,0,915,24.98,6,42.83,1132,1,44.67,1102,2227,1080,1479,2006,819,1,0,2,1155,1,54.38,0,899,36.61,4,60.2,38.97,NA,64.59,51.38,3,59.33,34.96,73.62,59.21,2456,3790,2177,2541,51.66,2,39.61,54.73,0,1303,45.58,2,1,55.16,4,61.52,0
1240,0,20,13,1,0,3476,46.09,5,41.7,835,0,59.73,765,505,500,1947,781,1660,0,1,4,NA,NA,59.28,1,1165,51.98,0,NA,62.16,NA,NA,59.55,0,NA,38.63,62.78,68.5,NA,3276,NA,4823,48.06,5,58.78,NA,0,1377,42.14,4,0,58.7,3,38.44,0
1241,0,56,2,4,1,895,49.66,5,52.7,1162,NA,49.16,972,666,1246,408,757,1881,0,1,3,1072,1,57.92,0,2037,32.67,4,40.85,44.92,NA,40.51,50.5,4,45.51,36.95,51.97,42.95,NA,946,NA,860,47.5,2,49.2,64.85,0,NA,43.31,3,0,59.95,5,58.43,NA
1242,0,41,5,7,1,2128,NA,NA,NA,814,0,57.99,970,884,NA,907,1787,2138,0,1,5,4564,1,54.48,1,1129,NA,4,56.76,59.66,46.9,55.68,59.37,3,46.93,45.78,59.25,49.55,1305,3435,1695,3217,42.61,NA,36.18,62.03,1,2432,55.92,NA,NA,57.28,5,61.27,0
1243,0,26,9,5,1,4067,65.27,4,53.14,1632,0,51.26,NA,2966,2186,1431,1444,2620,0,1,NA,3601,0,NA,1,3506,48.99,1,45.44,63.65,66.68,41.39,53.63,3,37.36,31.08,55.61,58.18,400,NA,888,671,53.38,1,61.97,64.51,0,3572,49.38,1,1,50.08,5,68.52,1
1244,1,32,8,4,1,1212,48.13,4,42.32,660,1,68.22,445,NA,1194,1293,1024,2682,0,0,4,756,0,45.69,0,1539,49.6,0,36.53,66.88,44.04,46.76,54.87,NA,44.34,57.62,56.42,54.5,1179,906,1705,1232,37.23,0,30.03,45.42,0,1016,45.44,2,NA,43.31,2,53.47,1
1245,0,41,3,5,0,7312,47.21,2,46.86,1212,1,59.85,1164,343,744,2369,914,2642,1,0,3,887,1,53.12,NA,NA,44.29,3,73.43,56.23,NA,53.57,59.71,0,48.64,NA,67.89,47.68,3745,1986,2268,2087,58.75,1,63.21,50.16,0,1587,54.64,NA,0,51.78,4,51.51,0
1246,0,34,7,8,1,2181,46.38,4,51.65,1451,1,36.09,786,705,729,752,392,965,1,0,5,2405,NA,48.74,NA,1902,44.95,3,44.92,56.9,45.99,62.22,36.94,6,47.99,51.42,41.32,55.8,1148,1685,1653,1655,59.84,3,54.54,53.65,1,1354,62.05,2,0,43.81,4,59.66,0
1247,0,44,3,5,1,1199,42.24,5,24.54,877,0,52.75,NA,326,1141,599,517,358,0,0,0,NA,1,23.64,NA,629,47.57,1,43.76,53.97,NA,45.56,41.18,6,57.94,52.27,47.89,43.38,1030,865,NA,NA,32.95,NA,33.1,29.96,0,598,31.18,4,0,57.71,1,37.74,1
1248,0,41,8,3,0,8177,52.24,0,82.74,2378,1,38.52,NA,2000,NA,1066,1564,4174,1,1,5,929,NA,61.25,0,2597,49.11,1,52.54,50.42,57.42,57.7,73.18,2,64.49,NA,62.56,45.76,1217,1002,1014,1785,41.27,4,68.9,NA,0,712,40.47,3,1,35.01,3,28.57,0
1249,0,40,0,8,0,956,NA,5,60.89,642,0,43.11,1450,840,1377,3238,NA,1151,0,1,2,747,0,49.55,0,1425,66.3,2,51.11,46.85,NA,52.34,46.07,2,45.91,64.82,25.23,55.12,3088,1467,1764,874,NA,2,NA,26.22,1,518,40.07,3,1,46.59,1,41.61,1
1250,0,43,12,3,1,4246,48.18,4,46.08,2210,0,66.72,1432,1298,1265,1885,1965,4319,1,1,4,1186,0,40.77,1,NA,41.12,0,43.76,57.59,52.2,66.72,58.7,1,44.24,NA,43.26,30.53,2302,1338,1884,1339,49.02,3,58.67,56.56,0,1188,49.41,3,1,43.66,5,50.9,0
1251,0,48,1,3,1,2094,58.11,2,62.95,3741,0,63.46,2005,2011,1517,1186,1990,1023,1,0,5,1351,0,48.51,1,1214,39.73,6,NA,50.25,47.41,35.13,67.88,2,45.91,67.24,61.24,NA,1688,1713,1974,1704,52.55,3,69.99,59.44,1,5547,49.21,1,0,41.63,4,58.35,1
1252,0,36,9,4,1,4420,19.73,1,NA,1588,0,54.13,1224,2848,2646,1206,656,NA,1,NA,4,3226,NA,58.31,1,1875,47.23,2,51.55,60.19,64.94,40.09,56.22,5,62.84,59.01,47.68,49.32,2306,2131,3055,2376,57.57,4,NA,67.11,1,1663,60.97,3,0,53.86,8,68.85,NA
1253,0,40,11,4,1,2208,69.86,5,46.95,1402,1,48.46,8103,1777,2157,2898,1638,2303,1,1,2,1826,NA,48.75,0,1157,48.88,3,42.94,NA,56.11,32.9,47.71,NA,38.37,50.69,56.68,NA,644,555,450,604,51.36,3,38.39,NA,1,704,27.56,5,NA,45.17,1,NA,1
1254,0,45,13,4,0,2157,41.67,2,55.38,1628,0,57.29,NA,2609,3780,1708,1810,698,0,NA,6,NA,1,55.59,0,1314,58.99,4,52.71,48.81,57.36,53.31,50.6,3,64.2,39.61,45.13,58.25,697,682,1198,1243,43.04,5,59.72,48.66,0,1116,63.89,2,0,53.78,3,53,1
1255,0,45,6,8,1,2756,57.64,3,49.22,2992,0,61.82,2546,1541,1095,1580,1192,3349,0,0,2,3703,1,56.22,NA,NA,47.63,0,59.74,62.93,41.43,53.25,NA,4,48.67,55,54.32,57.52,474,1104,NA,616,53.8,0,60.98,50.1,0,1062,40.89,2,0,45.3,1,37.13,0
1256,0,34,2,5,0,1475,54.9,2,51.46,1835,1,44.79,NA,530,1357,733,691,1153,0,0,3,2503,0,NA,0,NA,55.92,2,37.08,60.55,65.35,46.81,53.53,3,46.12,54.69,56.19,60.66,810,779,553,776,37.13,0,40.99,44.12,0,NA,37.8,0,1,44.3,NA,54.54,1
1257,0,33,4,8,0,495,56.36,2,41.41,2702,0,70.24,575,517,1315,1732,596,NA,0,0,NA,788,NA,42.6,1,981,33.74,4,56.74,62.65,NA,NA,36.51,2,39.21,66.2,36.26,51.11,2854,NA,2016,1922,46.44,1,34.41,41.44,1,878,38.19,NA,1,36,1,34.31,1
1258,1,23,6,6,1,1918,50.3,3,64.97,2306,0,50.36,2064,NA,NA,2283,2318,601,0,0,1,1695,1,52.83,0,1996,NA,5,59.98,55.3,NA,42.23,50.36,NA,66.23,58.91,48.69,49.28,486,260,671,349,47.29,NA,65.31,38.33,0,711,42.23,5,NA,39.74,1,NA,0
1259,0,58,3,1,1,5082,35.26,2,58.12,1403,1,58.97,1346,NA,2487,2027,1018,726,0,1,2,1187,0,46.11,1,3137,62.1,3,68.54,72.63,49.12,56.5,NA,5,53.86,38.42,44.15,51.21,NA,1105,1821,1242,63.87,NA,73.5,59.07,1,889,58.58,3,NA,53.66,4,39.52,0
1260,1,43,5,4,1,2118,45.51,2,67.76,791,0,72.35,7306,3760,1057,2523,2519,NA,1,1,2,1136,0,58.01,1,2213,70.86,4,NA,66.95,61.57,42.87,46.21,3,70.57,42.43,39.05,55.42,1783,1839,1713,1614,46.86,6,NA,39.57,0,1028,38.99,5,1,36.23,0,NA,1
1261,0,43,10,4,1,2497,46.99,4,45.28,NA,1,60.29,1058,1747,7295,2224,2391,3387,1,0,2,793,NA,50.93,1,1313,50.9,3,52.76,51.08,NA,43.61,NA,4,53.87,52.67,57.94,32.04,2408,2740,1797,4275,45.34,5,67.15,48.09,0,1248,52.36,4,0,41.75,3,45.62,1
1262,0,25,5,4,0,4144,51.64,1,NA,1505,1,57.97,1343,1269,2980,1191,1710,1443,0,0,2,2502,0,51.98,0,NA,52.27,3,NA,44.27,37.93,70.42,41.37,3,47.83,56.09,36.23,53.51,443,547,NA,575,53.88,3,44.38,45.34,0,1198,46.95,6,1,43.34,3,41.46,0
1263,1,50,4,4,0,4554,48.47,6,39.86,1046,0,46.56,1600,1531,729,1358,1022,1875,1,NA,1,667,1,29.79,1,430,64.47,8,43.38,NA,39.87,51.45,33.85,2,48.54,49.55,59.16,50.7,1568,1211,1214,1475,41.91,3,46.75,48.89,1,1322,49.58,3,1,50.43,3,59.65,0
1264,0,47,13,3,0,2511,58.7,4,53.37,2172,0,68.39,640,1579,2441,1487,NA,2151,1,NA,1,744,1,59.03,0,NA,46.33,3,45.9,42.23,39.01,49.09,51.05,5,42.53,35.31,47.66,47.76,1183,1692,1630,1833,67.02,6,NA,52.34,1,2110,51.73,5,0,49.66,4,34.57,0
1265,1,21,8,4,0,1118,51.63,3,49.03,4464,0,46.19,662,643,1762,1100,1739,NA,0,NA,1,1870,0,53.66,1,2567,53.34,1,46.71,47.02,62.97,62.91,51.96,2,68.33,50.07,38.37,32.04,1713,NA,1013,1963,62.58,3,61.72,61.35,1,3535,44.24,2,1,40.75,3,45.15,1
1266,0,48,14,4,0,1830,62.86,3,66.59,2944,NA,59.91,725,754,811,1883,737,NA,0,0,4,926,1,56.09,0,2133,41.39,2,39.16,57.37,61.45,38.25,39.06,NA,60.46,40.92,35.16,36.29,1924,1128,838,991,55.99,4,57.54,50.05,1,2266,63.02,NA,1,56.27,5,61.36,1
1267,0,40,3,6,0,3060,54,4,NA,1008,0,64.86,1316,1306,2064,NA,1973,956,0,0,1,1039,NA,45.78,0,1131,45.93,0,44.58,54.21,54.99,49.56,76.91,0,63.29,62.13,46.16,58,699,1021,NA,857,47.75,2,43.5,50.84,0,961,51.22,3,NA,47.83,4,54.61,1
1268,0,25,8,2,1,1572,59.21,2,37.3,2970,0,46.51,1244,1724,1652,643,590,1681,1,NA,1,1489,1,47.51,1,1017,55.24,0,38.63,43.5,42.63,35.6,46.81,5,47.04,53.58,42.57,46.42,NA,1348,1024,547,55.98,2,39.61,50.81,0,1288,46.6,3,NA,55.51,5,45.85,0
1269,1,18,5,3,1,2560,34.1,NA,41.59,2181,0,52.94,NA,2416,2054,1327,999,856,1,1,5,1410,0,50.28,1,846,55.72,3,NA,50.16,37.89,50.3,45.06,1,72.54,43.62,46.2,57.53,NA,728,998,569,36.4,3,38.28,55.62,0,1040,55.25,2,NA,63.54,5,45.43,0
1270,0,40,10,5,0,2224,31.56,5,29.62,2457,1,37.55,2075,2474,1194,1444,1076,1938,0,1,6,2383,1,50.53,1,1429,59.51,0,54.07,58.65,57.11,NA,53.17,3,44.18,49.25,63.53,75.93,NA,707,NA,824,75.68,3,62.83,42.94,0,554,49.86,6,1,41.34,1,NA,0
1271,1,42,7,5,1,1447,65.12,4,62.84,2401,1,57.83,1240,3902,950,1548,NA,1623,0,0,5,1709,1,NA,NA,816,54.87,5,55.22,57.02,52.71,54.65,64.05,4,45.61,59.21,60.94,46.85,1059,852,1447,805,40.27,4,46.17,53,1,1781,56.61,3,1,59.47,3,51.46,1
1272,1,43,4,4,0,1487,56.51,4,43.58,889,1,38.21,5627,1273,5295,1615,2077,904,0,1,5,1137,0,45.29,1,1632,45.99,4,44.25,35.63,48.99,31.52,36.07,1,62.19,64.32,NA,58.55,NA,2045,1918,1439,44.16,4,55.91,NA,1,1858,NA,NA,1,40.33,2,58.74,0
1273,0,52,3,1,1,2177,NA,2,51.19,1922,1,48.33,1829,1898,2626,1203,3810,3004,1,0,NA,761,1,26.3,1,1398,47.93,2,NA,44.38,NA,52.49,63.9,3,56.84,52.24,53.44,49.91,580,1777,927,865,43.49,0,NA,57.43,1,1960,45.33,3,0,41.29,1,33.59,NA
1274,0,42,5,4,1,1258,72.93,3,55.96,1844,0,56.32,973,1468,973,1086,597,NA,NA,1,2,NA,1,NA,1,NA,60.23,1,65.58,59.26,52.56,NA,NA,1,37.26,41.33,46.85,48.93,1527,2299,2049,1926,39.46,5,59.05,33.08,1,1237,51.07,6,1,43.27,NA,48.56,0
1275,1,48,7,4,0,1491,52.5,5,52.52,1611,0,53.71,1680,798,1032,2345,890,1963,1,1,5,NA,1,62.14,1,3116,45.58,5,41.42,43.37,31.69,49.31,NA,7,50.1,38.48,48.19,37.59,1405,813,1254,794,46.68,NA,35.58,48.96,0,745,45.86,3,0,49.62,1,NA,1
1276,0,23,7,7,1,959,58.85,2,61.43,1741,0,43.98,741,1615,1409,1274,928,1141,1,1,2,1183,1,45.45,0,1144,59.22,3,38.22,50.26,62.11,NA,NA,0,52.14,70.65,26.08,69.91,NA,2563,2145,2486,51.71,0,40.08,43.75,0,2744,33.25,4,0,46.04,2,52.41,0
1277,1,30,4,4,1,4876,49.06,3,60.09,1083,0,66.63,2574,2570,3285,1266,3041,714,1,0,3,1986,0,45.58,NA,1568,41.38,4,57.31,50.89,NA,32.38,47.67,4,61.69,46.1,59.59,NA,2018,1675,1808,1185,52.86,4,51.96,66.56,1,1295,62.03,2,0,42.59,4,69,1
1278,0,39,6,7,1,1358,NA,4,40.73,653,0,47.65,1210,1110,2404,1025,1129,1506,1,0,2,1830,0,37.55,1,2096,56.52,2,35.96,38.04,39.66,37.18,50.16,NA,43.37,40.16,34.11,37.84,1161,763,1114,876,NA,2,53.85,47.24,0,NA,53.03,3,0,57.07,3,50.8,1
1279,0,42,3,5,0,2960,46.99,NA,55.58,2183,1,55.09,NA,762,1116,565,1569,2385,NA,1,1,1926,1,35.48,0,1740,42.33,1,54.38,59.11,40.75,37.44,49.1,3,49.47,45.76,48.99,54.91,4053,2049,2442,3470,60.17,5,69.2,42.75,0,846,34.56,6,NA,46.33,3,48.63,0
1280,0,26,6,3,1,1696,60.51,NA,48.67,1777,0,35.2,1061,580,1241,1734,1546,NA,1,0,6,3126,0,NA,0,5334,47.54,2,47.77,62.49,41.13,47.4,41.42,2,58.91,63.93,57.57,41.98,1897,2141,1500,1708,61.25,0,40.09,NA,1,1018,44.12,8,NA,51.21,0,NA,0
1281,0,69,5,1,1,3355,46.4,5,60.29,1554,0,63.21,1218,1562,1291,935,768,NA,0,0,4,1654,0,NA,NA,856,36.89,2,44.72,51.19,61.57,29.84,44.52,1,52.19,63.2,69.38,41.26,1355,1944,1296,1382,49.36,3,53.03,56.26,0,1588,50.58,2,1,68.14,3,41.6,1
1282,1,34,9,2,0,1635,66.43,2,62,2202,1,50.38,2334,2416,1258,780,1753,2728,0,1,4,1467,1,50.12,0,555,58.93,2,NA,53.98,50.26,62.89,48.49,3,62.23,42.19,48.38,NA,2902,1200,1031,1449,35.02,1,81.2,56.71,1,1041,45.32,4,0,43.29,3,36.64,1
1283,1,38,12,3,1,1299,40.1,3,NA,733,1,38.19,2037,1315,1928,1194,NA,1561,0,1,1,1151,0,33.03,0,281,49.82,6,44.46,55.91,55.39,36.37,48.08,2,40.17,44.09,38.77,50.88,1261,1497,1305,529,50.52,1,38.61,45.95,0,817,40.28,4,1,37.46,0,36.97,1
1284,0,30,11,2,0,3641,66.08,NA,62.2,931,1,46.09,1451,2334,1299,3240,3017,2016,1,0,6,2323,0,57.01,1,NA,73.43,1,51.16,28.61,46.79,56.18,50.53,NA,46.78,41.93,47.84,NA,NA,3070,1775,1662,54.05,2,41.84,33.01,0,2561,54.45,4,1,49.15,2,NA,1
1285,0,47,17,5,1,2218,48.98,2,45.15,1728,1,46.58,1473,1058,1938,1922,2036,NA,1,1,4,1407,0,65.87,NA,1996,64.62,4,40.97,NA,39.14,40.84,NA,3,NA,50.72,62.93,52.85,4322,2948,3882,3144,66.07,4,43.7,60.78,0,1370,65.65,0,0,67.83,7,63.51,0
1286,0,61,9,6,1,5851,50.7,3,44,746,1,34.02,797,730,1039,698,715,1626,1,1,2,906,0,47.1,NA,537,53.14,3,57.83,53.64,48.9,51.43,54.78,3,42.85,NA,49.54,49.02,2064,1400,1819,1331,67.64,3,51.67,57.31,0,1291,60.5,3,1,54.31,4,59.47,1
1287,1,34,5,1,1,7327,NA,2,NA,NA,0,38.36,NA,NA,1044,2161,2670,799,NA,1,3,NA,0,40.4,NA,NA,39.03,3,50.97,49.76,50.37,45.63,50.05,3,50.93,42.57,56.84,48.69,2174,2661,3216,3203,65.47,4,54.86,58.3,0,2522,57.69,NA,1,48.08,NA,54.13,1
1288,0,59,8,1,1,3398,56.2,3,47.26,845,1,43.76,554,564,960,942,808,1356,0,0,2,830,1,59.58,0,1173,63.14,3,33.54,41.72,42.1,43.69,36.63,4,37.93,40.31,37.01,53.34,1397,1121,1257,1485,49.61,2,NA,34.45,1,613,42.73,2,0,40.16,2,NA,1
1289,0,53,3,4,1,1652,61.45,4,55.66,1232,1,35.32,1143,694,1400,1562,1481,1045,0,0,2,827,1,31.55,1,NA,52.3,3,48.51,53.15,NA,38.56,50.67,0,59.51,62.43,55.44,37.12,1268,1673,3665,1797,57.35,2,59.89,55.97,0,940,69.78,3,NA,55.69,3,45.26,1
1290,0,37,1,5,0,3067,33.81,1,79.66,1150,1,37.38,1733,2438,1667,2317,1588,2972,0,NA,3,1291,0,52.14,1,2126,NA,4,53.89,47.19,64.33,NA,69.38,0,40.53,48.4,54.7,41.4,1063,1809,1659,2020,46.58,2,24.95,64.33,0,1999,71.04,NA,0,70.38,6,67.56,1
1291,0,38,12,8,1,2737,51.67,1,63.03,1377,1,74.15,2407,7133,7161,6460,3266,2721,1,0,4,1157,1,40.35,0,1315,51.53,4,74.6,NA,NA,58.49,65.2,2,54.05,61.84,50.06,45.2,1028,951,1357,1328,56.61,4,30.42,56.07,1,2475,55.31,5,0,51.92,3,48.23,1
1292,0,46,17,6,1,2941,54.73,2,49.45,1230,0,45.77,1854,2619,2233,1897,1237,1602,1,NA,4,2100,0,55.34,NA,1594,54.41,0,NA,43.79,65.39,46.32,51.89,3,53.8,62.91,55.48,NA,3689,3312,2317,3514,52.42,2,50.34,68.24,1,1624,61.74,0,NA,67.53,4,57.69,0
1293,0,20,5,2,1,1172,44.11,5,41.13,664,1,38.34,NA,518,1827,999,NA,921,1,1,2,NA,0,33.76,1,NA,66.96,3,53.33,45.48,38.48,49.64,48.02,5,61.7,40.65,NA,NA,1372,950,841,633,35.77,2,44.3,40.38,0,3721,44.27,1,1,62.34,3,54.41,NA
1294,0,57,15,3,1,1670,NA,6,62.49,1540,0,40.66,954,555,544,2101,NA,NA,1,0,3,776,1,51.6,0,2712,49.25,4,56.54,47.2,NA,NA,47.36,4,44.9,56.09,NA,53.11,287,702,278,500,NA,4,57.93,57.66,0,2649,62.08,2,1,56.69,5,66.99,1
1295,0,20,14,3,1,1095,NA,0,46.05,1099,0,57.56,786,886,739,1010,832,700,1,0,3,1601,0,NA,1,1171,58.68,3,43.78,31.12,53.18,38.75,45.02,3,NA,NA,41.38,50.16,1006,1071,NA,1360,47.75,NA,NA,38.2,0,1614,47.83,5,NA,53.14,0,NA,NA
1296,1,31,11,3,1,2860,41.26,5,40.27,3039,0,53.24,2902,2998,1890,3342,3480,758,0,1,NA,NA,1,50.19,1,NA,45.56,4,43.19,58.36,48.66,NA,50.6,6,NA,40.96,36.34,50.25,2357,1670,3013,1694,67.77,2,53.78,51.01,0,2618,54.48,4,0,52.08,3,NA,1
1297,0,45,5,7,1,1916,53.42,2,56.61,1968,0,51.49,1609,1148,792,454,NA,NA,NA,0,4,1316,1,50.95,1,1099,47.81,3,44.31,45.84,63.66,54.33,48.86,2,40.6,51.12,57.9,60.06,1595,2461,1760,3794,61.79,3,41.59,50.21,0,2035,48.48,2,0,33.39,2,56.48,1
1298,0,47,6,7,0,1055,53.12,4,58.46,1046,0,30.76,NA,444,1444,760,NA,1280,NA,1,2,1548,1,38.6,1,2077,44.31,2,38.32,60,NA,54.65,60,4,33.8,57.98,25.82,51.75,573,709,691,424,43.43,0,49.86,46.54,0,2210,66.32,5,NA,60.98,2,47.6,0
1299,1,32,10,3,1,3396,50.24,3,51.62,502,1,58.18,1556,2631,1193,1983,2077,3071,NA,0,NA,502,1,53.3,NA,1229,32.89,2,43.69,58.65,59.64,44.19,41.74,2,60.4,51.32,43.75,NA,1383,2128,2375,2358,47.12,4,48.08,61.79,1,1281,38.82,5,1,50.24,3,57.57,0
1300,0,32,8,3,0,2939,48.98,3,64.63,4702,0,54.9,2924,1770,NA,2436,2830,2212,NA,1,NA,NA,0,52.12,1,4347,64.35,1,63.38,59.24,54.36,57.03,55.46,3,50.19,49.65,65.5,NA,2273,2439,2602,1684,34.8,NA,44.05,NA,1,1472,51.41,2,0,47.51,2,60.54,1
1301,0,57,0,3,1,916,46.31,3,44.48,815,0,NA,1716,893,675,754,559,427,0,NA,0,NA,0,34.9,0,379,53.66,3,NA,51.97,49.07,42.01,65.73,4,40.58,48.45,47.23,44.62,964,628,697,761,59.18,1,34.4,NA,1,1150,44.48,3,0,47.72,NA,37.47,0
1302,0,47,6,5,1,2563,57.46,4,69.79,1121,1,NA,843,975,635,1122,413,1622,0,1,3,1287,1,36.41,0,505,46.68,1,63.04,48.51,73.06,NA,NA,1,74.44,67.35,58.43,72.99,NA,402,381,459,49.65,4,40.43,49.22,0,965,63.53,3,1,45.21,5,48,1
1303,1,57,5,2,1,2240,40.63,2,41.44,1628,1,52.54,1950,3182,1351,NA,1272,1278,0,0,4,1110,1,45.29,0,1339,53.71,2,NA,69.53,59.64,62.34,49.18,2,61.83,69.63,53.32,58.61,1239,1342,NA,1280,50.53,1,61.64,NA,0,1541,57.69,3,1,47.34,0,47.51,1
1304,0,46,10,3,1,1215,29.09,5,38.48,531,1,48.21,928,1344,1743,628,888,1835,NA,1,5,1847,NA,58.52,1,894,48.32,1,67.07,51.22,NA,58.17,NA,0,NA,45.43,61.06,50.49,1851,2131,NA,1553,51.18,NA,53.53,45.37,0,953,60.26,3,0,NA,4,43.59,0
1305,0,31,13,11,1,1748,54.99,1,47.33,2312,NA,55.84,738,779,1759,1946,600,229,0,1,1,687,0,17.28,0,852,74.48,3,39.16,NA,55.31,35.04,45.26,2,46.84,45.31,NA,45.45,650,NA,838,1038,44.47,3,47.82,NA,1,NA,46.96,3,NA,54.98,3,32.73,NA
1306,0,56,5,2,0,704,NA,4,14.9,887,0,51.53,758,483,1151,662,653,1177,0,0,2,661,NA,50.7,0,NA,71.74,1,43.86,50.2,39.93,50.21,30.51,3,34.17,36.13,NA,47.44,647,562,771,372,57.44,3,45.2,39.32,0,776,38.84,3,1,41.85,3,NA,0
1307,0,44,11,4,1,8528,67.52,0,64.88,1366,1,73.91,6904,2306,3073,2567,2984,NA,1,1,7,2033,1,52.83,0,NA,NA,5,53.14,41.82,30.33,62.17,52.36,5,NA,NA,49.03,48.43,NA,5306,3342,3808,NA,8,59.47,68.45,0,2429,64.75,0,0,57.79,8,57.56,1
1308,0,50,9,2,1,1965,NA,2,37.3,1711,1,47.59,1233,808,1237,874,2313,3644,0,1,4,NA,0,49.24,1,NA,46.85,NA,37.24,56.47,62.78,32.04,65.12,6,53.83,67.36,33.6,42.9,NA,858,NA,1510,54.42,3,64.71,41.93,0,1008,49.99,6,NA,40.11,2,32.34,1
1309,0,46,9,3,0,2044,33.11,3,42.38,1701,1,66.35,2412,992,1455,934,1701,1232,1,0,1,445,0,51.42,0,835,51.64,3,49.61,41.51,47.69,68.75,76.84,5,61.74,63.2,49.24,56.35,1026,1562,1358,1301,57.65,3,33.97,48.66,1,2474,58.72,2,NA,55.5,3,52.83,1
1310,0,34,15,7,0,1491,46.52,2,45.69,937,NA,56.53,1525,1755,1254,2633,1989,NA,1,1,NA,1558,1,41.68,0,720,44.41,6,41.97,58.51,63.8,32.91,48.35,1,NA,45.53,39.01,52.76,1555,NA,1833,2631,44.81,7,52.53,68,0,1615,54.18,3,1,63.62,5,49.26,NA
1311,1,41,5,4,1,2787,63.04,1,68.44,898,1,57.08,902,1865,915,776,632,1656,0,NA,2,1920,0,45.9,1,1426,50.83,3,60.46,38.59,43.75,32.36,48.84,1,37.42,65.24,61.65,49.73,726,1248,1756,909,53.15,6,46.23,43.49,1,798,50.94,4,1,37.38,2,50.98,1
1312,1,36,11,2,0,3044,22.92,5,48.69,717,1,51.5,2638,1668,2371,5038,2274,1417,0,0,6,834,1,NA,NA,1677,49.37,3,50.8,56.79,NA,33.64,65.13,0,56.51,57.45,45.3,39.74,2062,NA,2084,2107,55.64,1,61.98,70.4,1,1406,63.52,0,1,66.29,7,50.44,1
1313,0,31,12,6,0,1801,43.12,5,49.71,617,0,46.21,525,1160,1110,1317,NA,NA,0,0,4,1624,0,61.89,0,915,61.38,4,54.49,33.75,50.61,44.59,41.4,NA,68.21,47.15,59.88,53.09,2953,1408,1654,2072,45.74,NA,34.58,36.09,1,1352,49.63,5,NA,42.83,2,46.32,NA
1314,0,58,0,4,1,940,31.86,3,42.06,NA,1,53.21,1504,4014,1278,2144,1088,1600,0,1,2,1515,0,59.69,1,1363,60.4,3,40.77,41.77,48.69,NA,54.61,2,68.52,36.68,44.64,41.69,1378,1051,1463,646,60.02,1,39.89,53.67,1,2541,58.82,4,0,37.62,0,47.77,1
1315,0,45,6,3,1,2287,52.52,5,51.22,1279,0,NA,2458,2086,1871,7084,2231,NA,0,0,4,1890,1,46.48,1,1207,NA,4,NA,50.45,50.25,40.54,47.68,6,43.47,32.51,51.68,59.03,2601,2457,1981,2732,54.15,6,73.24,43.45,0,923,32.26,NA,0,59,2,48.84,0
1316,0,32,6,5,0,2317,51.77,2,60.99,2077,1,61.56,2690,3239,1459,1184,2594,1904,0,NA,4,2493,0,48.92,0,NA,62.63,1,NA,58.32,32.99,42.06,60.34,2,62.35,63.76,52.77,NA,139,164,239,243,71.16,6,39.88,67.09,0,1370,62.45,3,0,69.61,6,60.01,0
1317,1,40,-0,4,1,988,45.8,2,33.9,779,1,40.55,917,922,443,1679,1315,614,0,NA,3,400,0,19.39,NA,582,55.97,5,35.38,54.95,44.77,26.6,45.69,2,42.55,33.68,45.15,33.57,758,697,721,560,44.41,3,59.6,60.79,0,NA,44.35,NA,1,50.46,3,33.62,NA
1318,0,29,4,4,0,2565,52.03,2,65.07,637,0,48.81,1278,1545,1291,827,829,5044,0,1,4,4292,0,56.09,1,2541,55.46,3,38.67,56.06,41.12,43.48,46.8,3,56.06,66.08,53.39,NA,3121,2965,2760,1383,58.19,3,50.07,50.65,0,1485,32.8,2,NA,47.81,4,65.71,NA
1319,0,42,4,3,0,1160,63.88,1,36.04,948,0,38.64,953,1167,1330,992,NA,1800,1,NA,NA,1201,0,36.17,0,1470,49.81,5,50.05,49.06,NA,60.1,53.16,2,61.7,62.48,56.82,56.55,1908,2581,NA,2712,49.26,3,41.36,NA,NA,880,50.79,4,1,49.88,0,45.28,0
1320,0,26,4,8,0,557,46.57,2,44.94,1663,0,62.83,1391,419,576,318,1351,609,NA,1,5,1058,1,44.03,1,1574,50.66,2,30.95,57.55,46.3,48.84,54.36,5,44.64,44.19,39.65,32.83,1569,723,1583,1111,35.08,3,41.04,34.05,1,782,39.7,5,0,38.71,3,49.96,1
1321,1,42,7,6,1,1680,53.71,0,46.84,1570,0,63.46,532,1035,1142,688,507,1704,1,1,2,1458,1,NA,1,1523,38.02,1,44.97,47.28,NA,38.76,47.56,2,51.49,45.67,43.1,42.11,1826,NA,2828,1580,54.02,3,57.2,47.31,0,1388,61.09,5,NA,47.2,4,54.53,1
1322,0,38,14,7,0,2976,69.16,4,55.62,1776,1,44.45,1162,1938,1099,1243,1962,NA,1,0,5,2021,0,54.99,0,NA,NA,5,38.78,48.95,48.23,48.39,56.32,3,41.01,48.58,27.49,24.97,1294,1795,1678,1105,46.63,2,43.6,NA,1,2032,50.33,0,0,43.02,3,71.95,NA
1323,0,35,11,4,1,1174,NA,4,25.09,1561,1,59.92,NA,1374,629,631,1764,1497,0,1,1,850,0,32.94,NA,482,45.53,3,58.93,62.87,NA,53.36,32.77,NA,57.47,NA,42.84,55.01,1327,1052,814,1028,38.78,3,35.75,53.67,1,2378,54.79,0,1,54.96,4,49.09,1
1324,0,49,10,3,1,3654,52.66,3,44.11,2624,0,62.5,1757,1272,1356,2838,1079,959,0,0,3,682,1,32.75,0,665,44.37,3,59.87,47.45,41.06,36.73,NA,4,48.47,58.89,37.22,NA,1152,399,580,906,27.57,NA,43.67,63.53,0,3115,56.38,3,NA,64.09,5,53.45,NA
1325,0,34,5,8,1,1371,30.43,4,43.82,938,0,41.86,2348,2007,967,1344,3079,2412,0,0,3,1197,0,60.36,1,2422,62.66,3,53.98,38.41,52.7,56.77,54.34,NA,63.92,57.16,55.47,53.4,1190,969,1085,1502,69.27,3,52.1,NA,1,916,41.13,6,1,NA,0,40.36,1
1326,0,39,11,5,1,5738,57.28,4,52.18,1213,1,54.05,1672,809,2781,1463,698,1027,0,NA,1,1537,0,48.91,0,1716,58.92,2,42.64,32.4,39.69,34.83,43.88,6,55.77,38.2,50.31,43.99,4639,2965,2913,2073,58.27,5,54.71,49.27,0,877,63.84,1,NA,40.19,1,44.31,0
1327,0,46,4,2,1,2125,62.74,1,56.12,2549,0,50.23,1112,2646,1105,3295,1556,1020,1,0,3,692,NA,43.84,1,NA,51.92,1,54.63,55.96,69.1,40.29,65.67,2,51.99,NA,59.88,58.77,NA,932,NA,2176,51.15,6,47.42,42.73,0,1332,44.65,3,1,36.35,2,29.86,1
1328,0,29,11,4,1,3889,54.91,3,58.26,800,1,52.21,1736,2609,1767,3313,3719,1568,NA,NA,5,881,1,39.77,0,NA,36.35,0,54.81,49.68,50.6,48.6,56.42,4,40.67,46.75,66.17,52.73,NA,NA,3546,3593,66.99,3,62.47,37.09,NA,3256,69.38,1,0,51.87,4,53.43,0
1329,1,39,6,8,0,709,54.57,4,30.16,2846,1,51.33,455,1571,926,1017,NA,NA,0,0,0,NA,0,NA,0,1833,63.47,8,35.25,47.83,NA,31.21,NA,0,44.48,NA,18.73,NA,1008,966,694,NA,66.7,2,36.75,40.55,0,746,21.67,6,NA,40.34,2,NA,NA
1330,1,56,1,5,0,2658,62.28,4,57.89,1929,1,53.37,8060,4002,2038,2019,5057,2842,1,0,5,3468,0,52.71,1,2236,33.12,4,63.5,47.5,NA,42.83,43.2,4,45.75,47.57,66.71,NA,1220,1462,961,1073,59.65,4,67.79,53.16,1,2366,67.62,3,0,67.72,3,52.92,0
1331,0,33,4,4,0,1407,36.29,4,NA,1194,0,56.99,1542,2172,1037,688,908,1115,1,0,NA,NA,1,41.39,1,921,37.17,3,52.92,51.01,37.73,59.01,35.12,1,47.36,51.73,32.95,40.39,3293,1928,1624,3488,NA,3,51.95,48.96,1,1450,48.38,2,1,41.69,3,49.65,0
1332,0,48,11,2,1,3029,42.59,0,50.66,NA,0,47.7,1329,2877,2160,1564,1898,4927,0,1,4,NA,1,40.83,1,1137,57.89,2,52.67,36.92,44.46,51.13,50.21,2,38.48,60.08,45.49,45.51,707,1025,1112,782,45.35,6,56.23,65.83,0,2954,53.05,NA,1,63.89,2,51.91,NA
1333,0,36,4,5,0,4025,49.92,3,52.87,1684,0,52.47,1891,993,2357,1094,1712,1480,0,0,2,879,1,63.02,1,1943,52.64,2,56.53,41.06,64.65,59.44,44.31,4,47.02,65.59,61.63,52.36,992,758,NA,535,60.17,3,40.22,44.34,0,1357,65.07,2,NA,66.69,3,55.41,0
1334,1,19,7,4,1,1113,55.91,4,56.18,489,1,35.85,1397,2199,2395,6834,2241,1604,1,1,5,1683,1,52.39,0,828,47.92,4,68.22,49.7,43.52,NA,67.95,2,47.44,55.27,38.11,42.46,998,1254,959,566,55.54,3,48.7,46.66,0,1329,51.72,3,0,54.41,4,36.46,1
1335,1,45,18,8,1,2393,48,3,43.21,NA,1,52.2,2214,1827,2441,848,1496,1036,1,1,4,NA,0,52.42,1,1662,63.09,3,40.11,51.76,39.1,55.09,54.69,3,45.72,49.26,54.3,NA,2373,945,1796,1287,48.67,3,50.9,54.88,0,1280,47.04,NA,1,64.9,4,NA,1
1336,0,33,1,6,0,910,48.73,NA,50.2,1695,0,57.21,762,2594,1817,1270,953,NA,0,1,3,2718,1,NA,1,1709,62.57,6,38.35,49.96,44.4,35.65,50.64,2,51.7,50.27,56.74,42.08,1137,NA,1555,880,52.33,0,23.19,55.89,0,2781,51.85,5,1,41.25,3,52.62,1
1337,0,29,10,8,0,1262,34.8,1,50.84,NA,0,57.87,1335,586,578,1831,531,794,0,1,2,487,1,38.07,0,551,57.78,2,45.89,67.04,45.1,44.92,66.43,1,47.16,65.87,60.11,NA,1753,NA,NA,1657,57.36,3,43.01,50.48,0,1476,50.27,2,0,62.12,5,53.29,1
1338,0,37,10,6,1,2357,48.15,4,52.31,985,1,47.65,894,883,529,594,965,2742,0,1,4,2203,0,78.64,0,1377,51.97,NA,NA,60.17,64.24,35.88,NA,5,46.2,45.55,56.39,55.16,647,632,597,573,50.02,5,54.22,38.36,NA,677,44.34,4,1,40.2,0,37.04,NA
1339,0,41,12,2,1,2510,61.09,4,56.84,1835,NA,57.83,1103,1028,999,595,212,NA,0,0,1,601,1,31.07,0,700,47.22,4,44.21,36.18,47.31,54.63,36.22,2,51.78,35.25,28.03,49.26,1720,1050,903,946,51.72,4,34.82,47.16,0,NA,58.75,NA,0,64.44,4,46.25,1
1340,0,23,4,4,1,1019,47.86,3,34.82,1281,0,NA,1289,2068,523,660,2329,1255,NA,0,5,NA,1,51.11,NA,727,38.52,NA,56,47.6,30.23,44.19,41.93,4,44.38,40.1,52.66,47.53,1195,NA,1261,832,44.62,3,36.58,36.69,0,1053,39.28,5,NA,53.64,2,NA,NA
1341,1,37,11,5,1,1031,51.16,5,33.57,759,0,51.07,2994,724,2339,3003,1645,NA,NA,0,1,1110,0,46.79,0,321,56.06,3,51.69,34.91,46.76,48.1,NA,2,58.64,36.75,56.06,43.81,5028,3479,3110,3305,56.7,3,39.36,62.11,1,987,53.28,4,0,38.11,1,42.36,NA
1342,0,42,11,5,0,1770,39.53,4,24.82,1233,NA,49.04,1025,3362,1001,773,1705,1110,0,0,NA,2925,1,55.51,0,1257,74.79,6,40.65,57.42,56.58,25.57,45.98,5,51.03,40,46.17,44.05,746,1188,901,1178,42.48,2,14.57,49.68,1,NA,51.96,4,NA,32.65,3,56.44,0
1343,0,26,10,4,0,5085,NA,2,71.52,1856,0,74.8,1314,1016,1564,1214,908,2162,NA,1,4,2530,0,58.6,1,2049,60.01,3,48.97,54.77,NA,40.02,NA,4,66.91,36.61,48.93,45.85,1927,1951,2330,1947,47.57,2,62.68,54.17,1,1052,58,3,0,48.32,2,74.13,NA
1344,0,21,9,5,0,1951,55.99,NA,48.55,1454,0,NA,2339,3688,1957,686,1280,1037,1,1,2,1698,1,58.35,0,1700,48.55,5,44.46,47.29,42.84,53.06,56.93,4,53.02,37.12,44.76,44.47,1976,2533,NA,4844,NA,5,37.8,59.58,0,1901,56.04,4,0,39.39,4,49.71,1
1345,1,49,12,6,0,1597,NA,3,61.32,1671,1,49.34,1000,1425,1109,986,1113,2254,0,NA,6,567,1,53.61,1,1060,50.41,2,57.54,63.05,NA,46.76,59.53,3,45.47,27.72,63.49,38.91,699,756,1133,1052,58.44,2,68.57,58.04,0,1218,32.25,8,1,33.63,1,54.01,0
1346,1,44,14,4,0,2592,57.23,4,56.97,692,0,60.76,1847,664,1242,3675,NA,909,0,1,NA,1150,1,45.01,1,2202,NA,3,NA,65.48,45.22,56.12,66.13,4,NA,56.38,50.02,47.19,2517,1039,2392,2273,42.38,3,49.39,42.33,0,NA,58.38,4,NA,42.28,3,58.7,0
1347,1,57,3,7,0,1408,57.88,5,64.16,695,0,45.24,3543,1072,715,765,1473,2303,1,0,2,442,0,28.95,0,1604,67.42,4,44.61,45.43,54.44,36.45,NA,5,39.8,57.89,51.22,33.27,1424,758,913,685,57.73,4,61.15,63.91,1,910,47.29,2,0,63.63,5,61.43,1
1348,0,40,2,5,1,1994,41.85,2,47.07,886,1,49.71,600,846,982,NA,980,949,NA,1,3,1579,NA,58.38,1,1309,35.19,4,71.07,44.22,29.93,57.01,34.99,1,63.77,52.26,49.44,33.35,NA,1242,1772,2276,31.72,2,42.25,53.8,0,774,49.97,3,1,50.48,4,NA,0
1349,1,44,10,4,1,2313,39.35,2,42.47,NA,0,41.35,1606,1326,1883,1481,1672,744,1,0,NA,1143,1,24.38,0,1074,66.17,4,51.32,55.23,48.93,52.1,48.19,5,36.7,43.91,71.41,53.3,817,688,701,924,63.73,1,55.96,73.61,0,1663,40.22,2,0,50.13,5,49.99,NA
1350,1,32,4,2,1,1377,39.51,NA,58.79,NA,1,60.19,3898,1170,1956,904,2458,1971,1,0,4,2736,1,60.66,1,1773,49.06,2,53.44,50.67,26.53,50.14,79.02,3,NA,46.27,46.2,42.98,828,895,744,397,55.86,4,49.01,51.83,1,923,45.52,2,1,51.41,3,46.77,1
1351,1,42,6,4,1,2052,37.33,3,56.2,NA,0,32.07,2093,1078,1399,2021,2056,NA,0,NA,3,1466,0,51.81,0,1020,68.24,0,42.9,36.84,30.98,56.19,43.56,3,43.28,63.59,59.07,49.74,2066,1057,NA,2802,43.57,2,48.94,48.63,1,1268,58.04,3,1,53.54,1,50.1,NA
1352,0,32,5,3,1,2903,30.44,5,NA,2144,1,70.29,1375,3126,907,2740,3190,1393,0,0,3,914,0,41.23,0,808,61.66,3,53.62,56.93,49.82,31.29,48.57,0,28.94,46.63,76.78,48.74,805,958,815,614,56.29,3,43.87,55.85,0,851,51.18,NA,1,49.98,2,41.73,0
1353,0,62,11,6,0,1286,34.12,6,47.75,3254,0,45.66,2111,1159,1302,974,1527,NA,1,1,2,2342,0,63.96,1,4277,NA,2,48.39,60.86,49.34,52.53,47.65,NA,74.35,58.06,71.77,53.16,801,912,1142,874,46.7,2,22.9,35.78,1,1343,NA,4,NA,40.56,1,37.9,1
1354,1,42,8,6,0,1907,50.72,4,36.24,1229,1,51.68,1873,637,3865,1917,878,NA,1,1,4,1691,1,68.88,1,1007,31.14,3,53.59,65.73,59,NA,NA,1,74.2,68.1,66.69,61.39,801,650,723,618,44.98,5,61.91,61.18,0,592,49.28,0,1,46.15,4,40.05,1
1355,0,46,8,3,1,2237,30.06,5,39.54,744,1,48.79,1180,1193,1787,1494,770,1442,0,0,3,1021,1,NA,0,1579,73.23,2,49.59,51.13,46.12,NA,53.67,NA,59.84,54.65,54.83,57.44,984,1591,1355,789,46.08,1,27.43,45.43,NA,1697,56.44,2,1,53.42,3,51.68,0
1356,1,59,8,2,0,3067,31.14,3,41.55,429,0,49.14,2531,986,2242,2629,3908,NA,1,0,2,3530,1,63.27,1,3628,54.44,3,NA,57.25,NA,66,NA,2,50.99,NA,53.46,49.74,1585,1621,1394,1776,42.46,2,43.19,59.65,1,NA,52.05,3,0,67.59,5,64.22,1
1357,1,43,9,3,1,2105,47.01,4,53.07,4396,0,49.43,2449,1813,2560,1704,NA,1955,0,1,1,1017,1,43.94,1,2390,51.01,6,43.76,45.8,55.94,42.03,26.42,3,44.86,54.8,37.8,30.72,2823,2179,1677,2054,43.39,4,39.46,59.25,0,1903,43.71,2,NA,54.96,1,64.44,NA
1358,1,46,-0,1,1,1100,67.22,4,53.44,516,1,46.81,664,1219,1132,728,1689,1756,1,1,3,NA,NA,60.99,1,2609,56.61,2,36.65,47.33,51.16,34.37,35.61,6,42.42,68.63,43.64,34.8,1537,1759,2068,1647,NA,4,38.56,47.55,0,1292,63.8,3,0,32.48,5,40.91,1
1359,1,39,9,4,1,1372,52.91,3,53.77,1460,0,46.75,2700,1273,1566,1269,1130,1017,0,NA,3,NA,0,55.82,1,2128,56.9,4,55.68,42.36,55.63,43,44.49,4,49.9,29.35,54.23,54.91,1705,1653,1005,1096,39.84,7,37.13,57.86,0,1248,49.65,3,0,54.89,3,45.67,0
1360,0,37,15,3,1,8624,59.11,5,60.04,1086,1,NA,1395,1476,NA,1683,1421,2063,NA,1,3,3479,0,49.21,1,2158,65.42,0,54.16,42.12,53.63,NA,69.42,2,47.28,60.09,54.18,42.83,2532,NA,2034,2830,56.63,4,NA,47.31,1,4340,36.22,3,1,62.01,2,56.07,0
1361,0,29,6,3,1,867,48.34,3,50.87,1101,1,54.19,2368,1525,669,1990,1335,NA,0,1,3,NA,NA,44.73,1,1428,46.82,5,46.51,53.32,51.57,59.06,NA,1,54.99,37.71,52.6,48.65,743,553,1127,1070,45.34,3,34.89,NA,0,1771,46.28,4,1,46.34,2,46.2,1
1362,1,35,6,2,1,2369,58.02,5,46.09,1942,1,NA,980,1178,1094,3518,1462,NA,1,1,2,2805,1,45.79,1,3725,52.09,1,NA,48.33,54.65,49.84,45.34,3,41.87,48.33,47.84,59.6,2272,1648,1553,1956,47.44,5,47.08,NA,1,NA,46.58,3,NA,40.99,3,65.22,NA
1363,0,51,5,2,0,650,47.86,2,69.69,2265,0,48.81,277,988,NA,879,624,1445,0,1,2,NA,1,72,1,NA,49.75,6,55.67,45.06,55.96,54.49,46.18,3,NA,52.92,45.96,54.24,3198,1791,1092,1677,59.08,4,50.15,NA,0,1022,27,5,1,49.22,0,45.79,0
1364,0,34,7,5,1,1257,50.96,1,33.59,677,NA,44.61,1078,682,1291,1678,813,945,0,1,4,1951,1,43.95,1,853,54.72,4,47.79,41.03,45.16,32,38.99,NA,54.15,34.28,45.91,48.89,572,503,790,907,44.13,3,23.26,54.03,0,1368,63.28,2,NA,52.65,1,55.31,0
1365,0,30,18,10,0,2049,40.15,2,49.93,637,1,55.04,3542,3097,824,2659,1577,NA,1,1,5,NA,1,NA,1,3116,24.04,7,42.21,73.65,39.15,39.3,32.35,3,38.9,50.68,42.59,41.7,1182,1902,1116,1829,42.54,1,33.92,50.22,0,1139,48.31,3,NA,52.7,1,41.66,1
1366,0,43,11,5,0,2013,43.42,1,NA,1375,0,47.84,2749,1623,1409,2066,2725,NA,1,0,NA,NA,1,65.6,1,NA,62.09,4,NA,52.99,37.2,54.66,60.66,2,42.63,66.38,52.13,30.65,NA,1009,695,1454,NA,4,38.33,42.08,1,974,44.52,NA,0,NA,1,40.33,1
1367,1,26,8,4,1,2623,55.22,3,46.99,743,0,73.89,1494,843,3173,NA,1721,769,1,0,0,545,0,41.05,0,NA,39.2,4,70.29,51.01,37.08,NA,46.38,3,46.64,NA,48.08,50.33,NA,3222,NA,2616,56.23,2,69.83,46.72,1,833,50.57,7,0,42.28,2,57.66,1
1368,0,40,4,7,0,2120,54.49,3,40,533,0,35.86,2009,1244,1354,2003,1233,765,1,NA,NA,1155,0,44.08,NA,930,NA,0,NA,43.69,55.81,54.39,54.95,2,51.45,52.87,54.36,50.44,2979,1357,638,NA,60.35,2,49.61,56.57,1,1990,60.26,NA,0,54.69,4,43.99,1
1369,0,48,11,3,0,4987,36.6,3,NA,268,0,49.92,1691,1595,2986,2270,1205,2626,NA,1,NA,1077,NA,43.57,0,2845,NA,4,27.79,41.91,49.68,45.86,57.73,6,45.9,35.76,61.63,35.27,1038,986,1937,1319,51.08,3,NA,NA,0,718,48.76,3,0,58.21,0,60.3,0
1370,1,23,3,2,0,1233,39.18,4,45.93,749,1,50.66,822,933,1654,906,893,1022,0,0,2,1323,1,33.27,1,2064,59.25,5,58.86,45.2,35.33,51.3,51.97,4,43.98,53.91,45.89,36.4,514,515,580,412,42.11,2,51.91,38.94,0,NA,36.94,2,1,47.65,1,47.61,0
1371,0,37,6,1,1,4738,49.05,4,49.4,1245,0,54.72,748,1267,829,641,NA,1117,NA,NA,0,NA,1,49.99,0,791,50.78,4,NA,44.62,57.61,44.06,NA,3,30.15,56.77,53.25,NA,2393,1908,2027,2290,39.6,2,42.45,64.29,1,1495,35.15,1,0,40.79,4,53.07,1
1372,0,43,8,3,0,4597,59.11,0,60.31,4227,1,43.04,1420,1263,875,774,NA,3776,0,1,3,2109,0,61.89,0,1324,43.7,2,NA,62.58,27.62,36.43,NA,4,56.38,47.77,56.19,69.07,1399,1283,1325,1622,NA,2,27.78,52.53,1,6287,61.44,1,0,62.55,7,71.98,NA
1373,1,47,2,6,0,1558,45.41,2,46.22,2309,1,NA,1396,2706,3103,1995,4155,1813,1,NA,4,1093,0,57.2,1,NA,44.08,NA,38.09,51.71,55.27,NA,58.82,6,65.26,42.63,27.27,50.6,796,702,535,388,38.12,NA,52.16,66.07,1,909,69.77,2,0,60.43,2,57.04,NA
1374,0,19,0,3,1,884,55.76,3,24.62,1086,0,31.17,1037,1775,687,428,698,519,NA,1,0,494,0,44.55,0,1023,60.39,NA,55.5,56.65,40.81,56.38,53.58,1,63.82,37.78,26.14,67.3,926,828,1157,594,30.15,0,40.06,36.76,1,564,34.55,7,1,46.16,5,52.66,1
1375,1,37,1,2,1,2983,35.39,5,NA,417,0,43.44,2451,575,2673,1199,981,586,1,0,2,1012,0,31.26,0,774,43.3,2,48.18,46.77,66.34,36.52,65.04,5,59.89,NA,57.54,52.84,761,840,577,447,60.74,5,52.79,55.74,0,767,55.5,4,1,NA,5,45.01,NA
1376,0,21,5,7,0,531,NA,5,27.45,1237,0,23.42,2010,1861,1687,1219,772,NA,1,1,2,1097,0,57.85,0,1876,59.26,4,56.54,55.86,43.94,46.32,59.88,4,33.37,46.83,52.06,NA,NA,NA,649,670,42.22,1,39.54,46.95,0,554,38.68,4,1,24.36,1,39.76,0
1377,1,34,6,5,0,1529,60.76,5,NA,1199,1,41.03,1656,692,1389,1656,1274,NA,NA,0,1,809,1,41.32,0,1378,61.4,1,36.38,49.96,44.94,55.46,48.83,0,68.37,NA,55.81,51.49,1144,792,1478,1204,55.68,4,67.05,49.46,0,1213,54.33,5,1,35.7,1,35.19,0
1378,0,40,10,1,1,2792,NA,1,59.85,1979,0,52.78,NA,1484,2060,NA,6265,2147,1,1,6,1181,1,57.11,1,1279,40.15,2,47.06,49.2,54.23,NA,37.7,4,49.48,34.99,45.08,43.55,2331,829,1827,1387,47.83,2,55.7,40.8,1,959,33.36,5,1,44.9,2,NA,NA
1379,1,66,7,2,1,2755,48.38,3,NA,2784,NA,43.6,853,1784,1881,1535,1543,1292,1,0,3,1084,0,39.82,1,1221,55.2,2,62.59,47.31,43.42,43.78,NA,4,42.55,37.67,57.39,57.84,796,686,1228,1319,50.09,2,34.68,NA,0,2496,51.27,2,0,56.64,3,57.88,1
1380,0,61,9,2,0,4907,54.28,2,54.66,615,0,NA,2000,2607,2689,2022,1545,2430,0,1,NA,3206,0,62,1,2817,43.63,4,51.67,50.94,55.23,64.91,65.05,1,51.51,52.01,40.29,NA,2482,2095,2397,1911,64.22,5,51.85,30.95,0,890,51.86,6,NA,40.6,2,42.81,1
1381,1,35,11,4,0,5115,51.04,4,60.77,1000,0,NA,1628,2340,3258,1414,3696,1430,1,0,5,NA,1,64.79,0,2105,NA,3,37.37,53.58,30.13,32.66,57.71,4,54.07,31.11,37.12,56.43,1786,2041,NA,3461,60.29,2,49.29,NA,1,651,39.41,5,1,46.6,4,NA,0
1382,0,29,8,6,0,4851,56.16,3,58.21,1329,0,45.13,NA,2306,957,819,2599,NA,1,1,5,2038,1,49.86,0,1335,23.75,2,55.06,54.41,59.39,62.3,40.55,0,62.88,58.74,NA,56.08,NA,NA,2614,2947,NA,3,71.11,NA,1,2995,68.35,2,0,66.72,7,73.7,0
1383,0,49,9,6,0,2722,48.02,3,50.39,1252,1,61.38,1130,1086,2488,585,1004,1168,0,0,3,2444,1,50.38,0,1398,51.26,3,NA,52.57,38.1,42.61,48.24,4,48.27,52.43,38.72,31.63,1102,1305,1142,1470,50.99,3,46.54,36.58,1,1521,40.85,5,1,46.72,3,45.21,0
1384,0,35,7,7,1,3467,52.17,3,62.84,1144,0,51.67,1270,738,701,1482,NA,838,0,1,2,951,1,51.34,0,1578,48.22,NA,69.24,49.95,55.04,49.44,60.7,4,43.66,48.23,48.27,NA,1091,865,1146,666,NA,3,38.98,51.5,1,1850,52.68,2,0,53.34,5,61.37,0
1385,0,39,9,2,0,998,36.9,3,35.24,2286,0,NA,1636,666,1802,870,670,1279,1,0,2,605,0,51.43,1,NA,40.66,1,58.11,62.68,69.76,71.88,53.03,4,52.04,62.32,58.85,41.83,1386,1476,1624,NA,56.97,4,41.53,51.92,0,1529,52.61,NA,NA,65.09,2,54.68,0
1386,0,30,7,5,1,2078,50.78,3,56.76,1173,0,40.67,1765,1680,799,960,NA,NA,0,1,2,1352,0,50.01,NA,2010,56.32,5,29.95,41.3,31.96,NA,31.21,0,43.62,55.85,51.18,20.95,1633,751,1311,815,42.76,2,49.25,NA,0,2820,59.27,3,NA,55.65,5,54.89,0
1387,0,40,10,3,1,2158,46.63,NA,36.72,1304,0,51.86,1128,3066,1446,2361,658,NA,1,1,NA,1175,1,55.68,0,1382,37.72,4,54.19,45.86,49.79,83.35,26.25,3,38.58,NA,38.79,50.81,699,1421,1038,891,58.19,5,46.51,60.56,1,1821,67.51,2,0,71.37,5,62.68,1
1388,0,27,1,8,1,1012,33.22,1,37.08,1120,0,46.8,1931,1893,1828,2740,735,1088,1,NA,3,1647,0,38.12,NA,1997,NA,5,55.93,50.48,NA,41.64,49.44,3,52.51,53.31,58.57,54,2917,2389,2471,2916,48.45,0,38.41,38.75,0,1203,49.55,2,0,62.98,2,52.45,0
1389,0,24,10,4,0,1727,52.83,4,39.72,1409,0,31.65,2151,963,1408,2761,1885,NA,1,0,3,504,0,51.66,1,641,52.86,4,47.03,36.28,48.86,NA,55.6,3,33.76,58.53,28.78,61.4,811,497,767,519,NA,1,37.13,51.13,0,1164,54.25,4,0,42.98,2,49.32,1
1390,0,36,2,4,0,1704,63.17,5,33.01,1183,0,54.93,1016,1136,920,1448,857,NA,1,0,4,1618,0,NA,0,1892,68,4,58.71,45.88,41.07,36.06,NA,2,64.19,55.69,58.14,61.76,1624,1389,1911,1320,55.1,1,40.34,NA,0,2054,40.75,5,1,28.93,1,38.57,0
1391,1,64,12,5,0,3513,67.99,0,74.47,1056,1,62.8,NA,1221,1096,1649,1945,3573,0,1,3,1635,NA,41.75,1,1456,63.34,3,51.26,68.64,54.82,47.36,53.44,1,55.91,69.03,NA,44.45,1639,NA,1499,1531,73.28,2,58.19,51.06,1,2424,53.74,NA,1,39.39,2,59.67,1
1392,0,21,6,6,0,2150,74.65,2,56.41,862,0,57.97,1915,797,1914,1021,3055,1426,1,1,3,NA,1,55.16,0,755,48.05,4,55.14,40.47,NA,NA,NA,4,49.99,64.2,28.89,66.46,1353,1863,1041,924,NA,3,36.95,55.08,0,1450,47.93,NA,0,56.24,3,51.83,NA
1393,1,43,8,5,1,1758,55.79,2,55.14,1087,NA,58.6,1601,2076,2083,3468,1848,778,0,NA,4,4061,1,NA,1,1364,45.4,8,71.26,51.6,59.95,60.35,49.56,2,NA,45.44,52.13,NA,1376,1858,1210,1595,48.45,0,59.99,66.54,0,1597,60.87,2,0,38.5,4,48.76,0
1394,0,42,10,3,0,3476,56.8,1,52.64,1651,0,52.5,1300,1993,1411,3064,1505,825,1,1,NA,1619,0,57.68,0,1897,39.24,5,60.86,47.87,48.54,52.23,44.6,NA,NA,46.77,41.37,57.69,3573,3337,3218,3626,66.02,9,75.88,59.6,1,890,60.92,2,0,51.88,3,59.03,0
1395,0,29,4,3,1,2365,50.41,NA,37.69,2323,0,44.64,1985,1876,1203,1666,NA,2181,1,0,3,844,0,52.74,1,994,62.11,1,50.41,47.85,44,66.46,46.85,4,56.56,46.15,43.73,51.7,1385,1741,1835,1446,NA,5,48.88,45.09,0,NA,47.12,2,0,41.73,4,NA,1
1396,0,76,3,4,0,1305,42.94,1,55.42,1012,0,37.79,1214,1096,1064,2109,927,2206,1,0,2,1580,0,50.88,1,1166,51.19,4,52.84,43.12,48.92,53.88,26.23,2,NA,NA,70.34,47.45,NA,616,1116,1454,32.88,0,32.97,37.8,1,1870,56.1,5,1,38.07,2,44.86,0
1397,0,18,11,3,0,1081,43.13,4,40.37,1368,1,31.51,2025,1131,2960,1169,857,4951,NA,1,6,2540,1,63.4,1,2865,55.72,2,22.98,57.18,46.8,66.02,56.38,NA,50.77,42.5,85.68,33.29,NA,815,357,670,64.03,3,55.43,NA,NA,NA,65.38,2,0,58.54,5,NA,1
1398,1,62,5,3,0,3452,64.78,3,51.46,2460,1,44.33,2677,2751,714,969,1670,1172,0,1,5,2958,0,48.69,0,NA,52.32,4,51.87,48.91,47.97,26.09,49.71,1,53.65,37.88,48.61,36.57,2314,1157,2074,979,71.04,NA,54.6,57.46,0,884,35.61,6,0,45.68,3,44.54,0
1399,0,58,13,6,1,3120,55.47,3,31.29,1345,0,49.95,NA,1839,779,1152,768,NA,1,0,NA,2636,0,40.97,0,2234,57.25,3,38.44,60.6,NA,38.78,48.7,4,53.77,NA,62.52,67.84,1027,1082,NA,1103,54.28,NA,45.31,49.71,NA,1091,52.74,1,1,53.83,4,64.57,0
1400,0,48,6,1,0,1266,60.04,3,51.14,1083,0,52.96,742,1097,2637,1322,1384,1530,1,0,6,NA,1,NA,1,872,NA,2,61.78,41.24,51.7,NA,48.54,1,60.38,51.49,64.07,57.09,NA,960,935,959,29.49,0,58.38,56.52,1,943,NA,1,0,48.48,2,45.73,1
1401,0,44,10,1,1,2765,50.77,1,47.06,1009,0,63.14,683,906,1860,1526,2004,652,0,0,NA,1042,0,36.59,0,844,52.44,3,33.28,35.01,41.76,45.25,NA,4,56.4,27.12,30.77,36.25,1579,1232,1524,1569,60.5,5,51.68,40.09,1,NA,50.82,3,NA,NA,3,68.47,1
1402,1,38,13,5,0,2114,38.01,3,33.01,1597,0,56.67,632,1128,674,1355,1129,1526,0,0,4,2564,NA,34.54,1,1981,65.8,3,NA,38.38,49.56,43.52,45.44,NA,39.13,37.08,63.04,30.57,1708,1181,1626,NA,44.47,1,52.71,NA,0,1216,53.45,3,0,63.5,3,55.78,NA
1403,1,21,2,4,1,2162,50.08,2,72.4,1986,0,40.01,1981,1854,2196,1376,5533,1386,0,0,4,2045,0,50.71,NA,1831,54.87,4,63.73,49.73,58.29,56.21,57.36,2,60.93,46.71,45.87,55.6,NA,1300,1493,1907,52.88,4,71.15,45.74,1,1732,40.85,4,0,38.69,4,40.01,0
1404,1,35,5,3,0,1466,NA,3,70.35,883,0,49.56,1466,1959,1769,1208,1087,2214,0,1,3,NA,1,45.9,1,1984,49.67,5,65.48,36.16,55.03,58.07,39.17,1,46.61,NA,52.46,35.07,1797,2919,2833,2059,37.17,4,NA,63.24,1,2698,67.01,3,1,61.44,5,49.53,0
1405,0,45,5,4,1,1405,39.11,2,52.29,1059,NA,43.26,NA,956,861,1203,803,565,0,0,1,2281,1,NA,0,683,58.41,1,49.18,58.72,29.97,34.83,40.09,3,60.73,47.87,40.65,46.16,NA,1037,NA,1451,65.74,1,46.72,43.5,1,1316,36.08,3,0,53.03,3,47.71,1
1406,1,33,7,4,0,1301,NA,4,45.98,568,0,39.21,1813,1378,1457,2060,2966,2121,1,1,5,816,0,44.14,1,1287,54.75,3,54.61,28.43,71.76,50.43,53.42,NA,69.27,61.14,57.54,43.35,1571,1478,937,1284,37.87,5,53.6,55.41,0,1245,52.21,3,0,61.94,3,43.9,NA
1407,0,38,11,11,0,2811,42.75,1,50.96,1464,1,52.57,1976,2753,4477,3221,2266,506,0,1,2,NA,0,53.95,1,1273,47.14,2,46.92,42.6,64.13,68.3,41.49,2,56.66,50.04,48.91,39.29,931,753,705,1001,38.03,0,31.2,62.11,1,2374,42.02,2,0,40.4,4,49.64,1
1408,1,56,1,6,1,2570,41.4,5,76.87,608,0,NA,2168,3958,2296,2077,1807,NA,1,NA,4,2537,0,56.6,1,NA,54.55,4,40.71,54.19,64.74,NA,54.28,NA,65.14,44.05,59.03,45.27,4234,2173,2220,2075,62.88,4,61.76,60.64,NA,1908,77.45,0,1,55.1,4,70.7,0
1409,0,33,7,4,1,946,45,3,53.75,2444,1,54.69,1569,398,594,652,1957,1608,1,1,1,NA,1,61.23,1,2001,51.28,4,41.79,53.93,NA,42.13,35.35,2,55.04,46.41,34.13,51.51,2723,NA,NA,3376,34.25,5,50.12,NA,0,572,38.95,6,1,21.24,0,28.28,1
1410,0,47,11,2,0,1223,42.66,4,50.35,391,0,57.56,696,463,684,384,796,1172,0,NA,NA,920,0,44.28,0,1003,41.5,0,38.32,39.7,48.74,39.16,32.88,1,46.33,35.62,52.86,44.35,302,436,494,276,58.76,3,51.09,35.27,0,625,35.16,3,1,52.07,NA,31.37,0
1411,1,39,7,6,1,1478,58.39,1,46.64,NA,NA,49.39,477,962,1150,1384,1928,1726,NA,0,NA,697,1,62.77,0,2150,54.27,6,54.42,37.87,NA,30.23,54.15,1,35.18,43.42,55.98,57.5,1099,NA,869,1911,54.85,6,50.36,49.63,0,1833,42.34,5,0,51.55,1,39.49,0
1412,1,38,5,3,1,2688,57.38,3,55.38,3620,1,47.44,1580,1374,1902,1615,3303,1645,0,0,1,NA,1,40.01,1,1702,32.23,2,48.11,36.63,58.58,48.43,NA,4,69.1,NA,65.68,51.46,1905,887,1387,NA,NA,3,50.04,NA,1,3261,53.13,1,0,72.8,6,66.23,1
1413,0,34,13,3,1,4331,60.26,6,49.13,1128,0,70.44,2002,1262,1508,1372,4065,1652,1,1,6,782,0,52.82,1,1060,54.81,3,55.09,NA,48.8,61.78,45.5,3,54.4,51.75,46.43,41.2,1031,2509,2691,4326,49.57,5,57.86,54.62,1,1563,64.76,3,1,43.38,3,43.05,NA
1414,0,66,6,4,0,1557,NA,3,47.83,1294,0,61.99,1693,1984,2553,1888,2994,NA,1,1,2,360,1,26.26,0,591,36.19,3,42.25,64.63,26.59,42.26,62.68,4,50.87,47.78,68.27,49.76,324,383,208,263,48.94,5,63.63,68.37,0,2738,64.62,1,1,51.77,6,NA,0
1415,0,56,2,4,1,774,62.17,4,54.76,1802,1,NA,2131,NA,1830,1242,1006,1526,1,NA,6,NA,1,80.37,1,1021,NA,1,41.75,60.47,16.71,41.32,40.63,4,28.38,51.52,35.68,29.84,NA,666,1044,630,65.67,2,50.53,49.86,0,1158,45.1,3,1,55.81,3,42.65,0
1416,0,43,9,4,1,2349,50.54,2,32.16,1276,NA,47.93,1221,994,1834,1202,883,NA,0,0,2,1013,1,56.65,0,1904,58.42,NA,41.08,44.88,38.34,50.1,51.54,2,NA,NA,49.68,55.23,1104,1451,NA,1812,34.35,5,57.26,36.04,1,1489,48.71,0,NA,59.8,0,67.85,0
1417,1,52,9,4,0,3783,NA,4,61.52,1272,0,56.1,1302,1064,2150,911,1143,1385,1,0,2,903,1,31.51,NA,912,46.83,1,52.72,64.13,86.91,55.02,63.36,2,56.6,48.91,62.65,38.63,1623,2896,NA,1732,68.41,6,58.74,57.86,1,533,32.97,NA,1,27.25,0,22.95,0
1418,0,30,6,4,0,1794,NA,1,45.34,1388,1,60.1,1044,1111,474,1056,821,926,1,0,2,450,1,58.34,0,531,51.08,2,58.19,66.47,54.37,44.07,NA,1,43.25,59.54,36.97,52.28,1714,1466,1368,1583,NA,4,32.18,40.52,0,1031,28.16,5,1,48.44,2,34.37,NA
1419,0,66,5,6,1,1222,45.37,2,47.45,1534,0,57.02,1682,1825,994,2158,637,919,1,1,1,765,0,37.4,NA,1094,64.22,4,52.57,46.3,40.23,52.04,52.38,2,NA,64.39,42.03,39.54,3392,3152,3924,3235,NA,5,39.04,44.54,1,697,45.88,5,1,29.52,4,53.55,NA
1420,0,18,6,6,0,3240,39.07,2,59.49,903,NA,43.02,1583,660,1743,1741,833,1241,0,1,3,731,0,52.48,0,1998,46.17,6,52.7,55.08,NA,53.44,56,3,50.67,68.8,58.66,58.4,1079,1223,1747,925,44.29,4,66.88,37.23,0,728,35.17,6,1,36.27,2,48.2,0
1421,1,45,4,6,1,1728,49.95,5,39.24,1382,1,NA,1586,2293,305,592,1013,1784,0,0,3,1234,0,NA,0,630,34.62,1,36.79,42.39,43.42,41.42,50.07,7,39.05,48.42,50.82,51.68,573,633,334,644,50.33,3,55.13,68.56,NA,1478,59.01,0,1,NA,5,66.98,NA
1422,1,41,10,1,1,1786,45.59,3,58.11,1564,1,NA,2610,2114,4545,4215,5366,1471,NA,1,NA,1782,1,NA,0,969,42.78,4,54.16,45.77,56.21,52.56,52.77,0,53.17,51.23,52.53,65.13,2476,1404,1389,2101,63.92,5,51.79,NA,0,840,42.66,4,1,65.16,1,34.84,1
1423,0,27,3,6,1,1013,NA,3,29.37,731,0,NA,1052,751,1447,561,589,1062,0,NA,1,NA,0,30.97,0,552,60.11,3,48.73,53.6,42.35,59.69,NA,NA,54.66,64.8,50.53,39.66,1523,843,1106,NA,45.75,2,34.17,46.86,1,498,42.8,4,1,39.3,1,44.01,0
1424,0,39,12,4,1,5247,58.65,3,44.27,639,0,38.88,509,784,783,360,1560,728,1,NA,2,NA,0,43.41,0,656,37.8,NA,54.25,45.59,74.53,NA,52.98,3,44.34,57.15,39.76,52.5,2571,1420,2765,2216,57.04,3,48.86,43.2,0,1255,46.87,3,0,43.52,3,52.99,1
1425,0,38,10,1,1,2676,65.4,4,40.23,1657,1,58.42,1575,1379,1397,NA,2783,2408,0,1,NA,823,1,57.48,0,1169,52.64,0,71.22,40.87,60.38,45.53,NA,0,58.13,51.99,66.36,54.77,1424,1252,1057,1258,55.31,2,54.3,63.32,1,1062,57.32,3,0,61.22,2,54.59,1
1426,0,29,8,4,1,3122,65.07,2,40.38,778,0,56.86,1931,956,2945,2003,2088,1144,1,0,6,1618,0,63.78,0,1655,37.59,1,52.3,54.79,64.23,48.84,NA,1,56.22,NA,48.04,58.08,1139,1745,1746,1630,32.19,4,52.49,NA,1,1189,51.62,4,0,52.95,4,NA,1
1427,1,40,7,2,0,2683,35.55,3,44.39,1037,1,43.46,NA,5398,2111,4721,3990,1224,1,0,4,1408,0,52.3,0,1381,56.33,4,34.47,82.7,NA,53.48,66.52,5,50.18,43.26,67.64,37.26,1460,2259,2183,2269,43,6,66.09,NA,1,2326,39.52,3,0,59.22,5,48.7,1
1428,0,31,9,2,1,1810,62.03,5,45.26,1845,0,55.71,998,1638,758,1568,1702,NA,0,0,6,871,0,54.53,0,2935,60.83,3,47.17,42.96,40.55,NA,57.19,2,45.78,34.39,41.85,37.98,2019,1541,1193,1525,63.13,5,47.77,48.06,1,2963,62.97,NA,1,39.21,4,NA,1
1429,0,65,3,4,0,454,42.93,2,57.4,1675,0,50.39,752,1007,975,975,1451,NA,NA,0,4,1761,1,43.68,0,1635,60.17,5,NA,60.45,42.95,45.8,45.31,1,NA,48.76,70.23,35.89,786,339,NA,404,43.47,0,53.35,56.23,0,NA,58.88,2,1,73.46,3,41.17,NA
1430,0,36,5,4,0,1895,39.11,2,NA,1775,0,36.61,1909,1909,1670,2021,977,1207,1,1,4,2097,0,49.1,0,1365,55.1,5,47.17,40.74,60.91,56.58,63.83,2,43.84,36.83,48.39,39.98,1871,2899,NA,2380,38.83,3,61.76,NA,1,1423,55.12,2,0,NA,4,NA,1
1431,0,29,5,7,1,1160,58.6,2,27.2,599,1,46.94,500,NA,598,1019,700,1210,1,1,4,NA,1,71.38,0,2254,NA,NA,36.14,40.87,42.4,46.65,38.02,NA,42.62,55.93,41.43,34.25,2357,3366,NA,1272,37.92,2,31.89,28.9,0,421,49.68,8,0,54.15,3,43.87,0
1432,0,42,4,3,1,4518,41.73,6,46.51,1405,1,43.67,1701,2201,640,1448,2147,2114,NA,0,3,2145,1,50.89,0,1431,50.78,2,NA,64.64,56.87,56.77,59.38,4,44.25,58.66,58.87,61.57,1175,1181,2060,1637,42.92,3,48.66,32.11,0,601,54.31,4,0,48.49,3,44.94,NA
1433,1,38,8,5,1,2259,55.22,5,64.46,2389,0,54.69,623,1455,2024,1972,2036,1232,0,0,4,577,0,49.11,1,1262,49.15,1,42.54,52.93,66.72,45.41,NA,3,51.51,67.47,NA,NA,1005,942,1164,1649,37.38,6,61.26,57.83,1,956,51.82,3,0,48.84,5,51.89,0
1434,1,46,5,1,1,1581,44.35,1,69.14,700,1,69.77,970,809,914,938,1103,2360,0,1,3,2146,0,62.26,1,1404,63.17,2,47.4,48.33,59.73,41.34,39.1,3,43.67,32.08,33.89,36.86,NA,2258,2656,1225,56.55,3,47.17,52.36,0,689,42.56,NA,0,55.25,1,48.97,1
1435,0,46,3,3,1,1133,71.22,3,61.33,3014,1,41.44,2408,942,1908,1164,1716,581,NA,0,1,1693,0,69.46,0,NA,50.06,5,31.37,49.62,55.35,37,50.98,3,56.47,58.83,33.46,56,1358,938,1034,1405,58.84,4,NA,47.26,1,1552,48.22,NA,1,63.22,3,54.37,0
1436,0,32,8,10,1,2710,61.98,4,35.41,1770,0,46.79,809,635,793,338,2041,3194,0,1,5,3077,0,45.86,0,5475,57.29,2,52.17,50.18,44.89,62.76,56.94,3,66.33,56.12,51.55,55.4,1551,1503,1404,1881,45.91,3,49.78,55.59,0,711,29.35,2,1,42.62,1,43.94,NA
1437,1,35,6,3,1,2592,49.62,2,60.56,2122,1,NA,NA,2450,2398,2510,NA,NA,0,0,NA,958,1,53.06,1,1457,41.99,1,60.26,57.13,NA,44.96,40.97,3,42.68,46.5,40.74,54.79,1728,2599,1247,1929,60.28,3,41.54,63.93,1,2470,56.56,NA,0,53.75,4,51.91,1
1438,0,36,10,3,1,2411,68.92,0,50.91,2783,0,61.15,1444,750,327,439,NA,1816,0,1,2,2446,1,50.02,NA,1607,52.61,NA,43.64,52.63,NA,NA,NA,0,54.76,56.27,51.36,73.5,1262,1400,900,1007,31.98,NA,40.98,74.29,1,1616,48.38,3,0,54.98,6,54.79,1
1439,0,44,11,6,1,3227,47.99,5,39.14,349,1,NA,1194,1288,1424,1628,NA,1439,0,1,1,716,1,31.91,1,1253,43.52,3,54.18,48.15,52.34,46.82,44.56,2,45.09,51.47,64.65,56.93,2083,1059,1625,2511,66.11,NA,34.44,NA,0,1449,50.4,4,1,45.44,2,45.23,NA
1440,0,25,2,3,0,1605,50.57,2,47.99,912,1,39.19,2257,967,1994,1091,282,3347,1,1,NA,1370,1,38.71,1,441,43.55,4,49.55,35.3,NA,52.32,33.52,2,59.78,62.02,43.67,55.93,764,1560,679,1208,50.91,3,61.79,51.88,1,NA,52.74,3,0,58.83,NA,60.33,1
1441,0,55,7,5,1,2365,36.54,2,NA,903,0,50.08,2119,3790,1602,2145,1578,NA,1,0,3,NA,1,55.75,1,1911,40.16,3,63.78,64.15,73.29,59.25,72.41,4,65.07,57.26,NA,36.01,783,650,2249,1226,29.85,2,47.18,44.1,1,NA,66.12,3,0,58.86,3,64.02,1
1442,1,46,9,4,0,931,66.66,4,53.84,1367,1,NA,NA,2113,2364,3524,1844,NA,NA,1,2,916,0,23.11,NA,913,49.96,2,49.34,35.16,68.97,NA,41.44,5,51.27,39.77,64.03,51.87,NA,846,702,1037,48.3,0,46.29,44.34,1,1865,39.21,3,0,45.76,3,41.85,1
1443,0,37,8,3,0,1769,60.19,0,54.03,1547,0,60.82,643,387,780,905,767,1962,0,0,NA,1978,1,64.64,0,2144,NA,4,36.8,45.42,65.21,57.12,63.24,3,48.9,51.01,54.58,NA,1698,3062,2772,2799,37.99,4,17.57,51.12,1,2210,56.85,1,NA,49.28,6,52.39,0
1444,1,41,6,3,1,4535,45.12,4,61.64,2222,1,63.58,756,1937,NA,1986,2287,1753,1,1,7,1596,0,68.18,1,NA,NA,3,44.78,45.16,51.73,60.65,27.96,4,43.5,NA,54.59,51.85,NA,2608,2752,2417,76.01,6,62.62,82.7,1,2771,60.49,2,0,68.48,5,85.1,1
1445,0,32,5,3,1,3376,51.81,4,43.84,964,0,52.2,450,1125,1053,804,NA,1569,1,1,4,NA,1,51.77,NA,3542,NA,5,49.18,41.27,46.42,59.44,55.2,5,58.15,32.46,56.25,46.5,672,NA,654,589,31.17,1,42.07,80.76,0,3563,65.64,1,NA,40.45,NA,NA,NA
1446,1,33,6,6,0,1324,66.74,3,49.37,1571,0,60.64,1135,1726,866,1489,715,1367,0,0,1,NA,1,39.01,0,504,50.62,2,48.88,49.83,58.84,35.79,55.31,3,30.75,46.27,45.61,53.06,605,794,511,475,55.03,NA,47.26,41.91,1,2411,30.12,4,1,47.79,3,49.1,0
1447,0,42,17,3,1,2197,54.63,2,41,1276,1,35.2,955,2244,469,837,1424,2188,1,1,3,755,0,32.32,1,458,47.54,4,55.83,64.36,48.42,55.21,44.76,1,NA,67.47,55.35,62.19,NA,3642,6841,3361,50.67,2,64.87,60.97,0,2014,NA,3,0,62.38,6,62.5,1
1448,0,35,6,1,0,2229,62.47,0,49.45,1408,0,52.52,1554,5067,NA,3352,NA,2945,0,0,4,588,1,45.13,0,1411,58.74,5,73.27,52.6,38.5,52.42,45.27,5,50.91,NA,50.07,NA,NA,1608,3120,2626,50.03,3,63.67,43.07,0,1517,NA,5,0,33.11,2,42.12,0
1449,0,30,6,3,1,1330,46.02,NA,30.48,1194,NA,NA,1253,458,633,1437,552,1109,1,0,3,1081,0,42.56,1,2133,49.17,4,42.72,57.08,39.4,51.74,42.12,2,58.09,46.28,41.66,67.79,1998,1566,1394,945,36.5,NA,12.36,53.96,0,1801,48.42,2,NA,NA,3,58.28,1
1450,0,62,6,1,1,1195,44.04,2,52.69,1531,0,52.55,3966,NA,813,NA,1507,1111,NA,1,4,667,1,39.08,1,684,NA,1,52.25,42.64,63.81,47.46,56,4,59.61,41.28,44.12,69.54,995,1259,1184,967,49.59,4,37.89,37.66,1,1304,40.31,5,1,39.31,0,57.34,1
1451,0,49,7,5,1,2559,51.38,3,57.08,1473,0,41.21,922,1626,1501,1753,559,1984,1,0,5,NA,0,41.68,0,NA,49.26,3,37.38,37.78,42.98,37.32,45.62,4,56.33,45.01,45.44,44.43,862,937,1131,1728,NA,0,42.93,54.14,1,1352,49.53,3,1,55.7,3,52.41,0
1452,0,45,14,3,1,3473,43.39,1,58.36,1841,1,50.88,930,557,527,894,727,1060,1,0,4,1757,1,46.92,0,1779,66.12,6,49.93,49.1,66.25,58.2,54.06,2,47.75,54.43,40.51,53.08,1801,2143,1348,3009,57.18,4,64.52,66.31,1,1408,66.91,NA,1,NA,3,39,0
1453,0,26,13,3,1,2344,40.29,NA,55.95,1069,1,NA,834,2130,1369,1228,1050,1469,NA,0,NA,991,0,70.65,1,1363,63.25,2,73.63,60.26,51.97,49.1,50.11,5,64.1,33.89,62.05,63.81,NA,425,557,504,44.24,2,52.23,56.1,0,1174,48.28,NA,1,NA,6,54.66,0
1454,0,37,13,4,1,2451,50.95,NA,53.03,566,1,58.25,2777,900,1719,2055,1817,1231,1,0,6,1102,1,NA,1,1830,45.89,3,59.15,43.98,NA,62.61,43.93,4,39.61,58.44,46.12,NA,2644,4374,5183,2984,39.09,3,51.72,53.68,1,1185,58.95,3,NA,58.45,3,42.45,1
1455,0,43,4,10,0,1846,62.81,3,62.07,988,0,53.27,770,1128,629,844,1046,1070,0,1,3,1575,NA,NA,0,1569,33.2,0,66.79,42.64,NA,57.61,43.74,NA,38.13,56.9,54.86,46.16,824,1985,NA,2275,37.48,4,54.25,42.42,0,2511,40.44,3,1,47.27,4,44.3,1
1456,1,34,6,2,1,1533,45.93,5,41.1,490,0,51.72,1421,1276,1652,1529,1156,NA,1,0,3,1662,1,52.34,1,2320,59.89,7,NA,NA,48.82,NA,49.88,6,42.07,59.28,75,48.83,2742,1664,NA,1233,55.5,3,62.87,NA,1,1121,45.43,0,1,54.7,0,62.36,0
1457,1,35,3,2,0,3061,63.4,2,66.76,499,1,75.58,1161,1301,1549,1710,817,4262,NA,0,5,1367,1,NA,1,1291,NA,3,46.04,54.26,NA,60.12,52.03,6,54.92,60.91,52.02,49.53,1894,1967,2758,1693,43.63,5,53.88,NA,1,1217,42.94,NA,0,52.27,NA,49.18,0
1458,0,41,2,2,1,980,NA,5,38.81,1196,0,NA,865,588,860,1239,752,1251,1,1,2,1287,0,42.18,1,1025,NA,2,53.13,44.94,52.94,56.11,46.21,3,42.35,53.77,58.35,NA,1384,1071,1278,788,49.6,5,28.52,45.64,0,806,41.5,2,1,51.4,1,52.26,1
1459,0,38,5,4,0,872,40.72,4,39.48,1023,NA,51.01,797,644,713,924,1288,1360,0,0,3,1619,1,35.02,0,NA,45.43,NA,53.21,45.17,50.14,55.57,60.25,7,58.69,54.54,37.58,NA,1368,2072,1232,1300,39.11,1,42.83,NA,0,1439,52.13,2,0,50.01,6,54.49,0
1460,1,18,7,3,1,1678,41.24,5,46.62,845,0,38.92,1310,2297,2305,2109,1089,1918,0,0,1,534,1,43.77,0,1680,50.63,1,52.73,44.24,19.41,NA,50.15,4,26.27,43.81,52.87,56.27,1793,1566,NA,1317,52.28,6,49.88,51.53,0,1418,44.04,3,1,38.18,6,48.31,0
1461,0,22,10,6,1,1743,49.26,5,32.59,NA,0,61.88,1599,3242,NA,2753,1854,1592,1,1,3,1005,0,45.42,0,1171,NA,4,37.47,58.41,45.43,55.13,59.89,6,42.23,61.08,45.83,NA,1232,NA,1080,901,59.7,1,61.32,32.13,0,1056,31.77,NA,1,38,1,41.52,0
1462,0,63,7,4,0,3061,40.22,1,66.94,1915,1,62.57,1167,1745,1497,2768,2987,1726,0,1,4,948,NA,56.62,NA,NA,50.1,5,39.73,52.92,60,30.52,42.02,4,56.3,39.88,50.08,52.33,NA,922,941,696,47.67,3,49.22,58.98,0,1985,45.88,1,NA,51.86,3,62.61,0
1463,0,53,10,1,1,1709,NA,6,32.52,1372,0,49.17,1004,1124,4062,2825,2077,1842,1,NA,NA,NA,0,65.02,0,2706,54.87,3,61.05,25.62,NA,69.94,51.52,4,44.05,40.92,NA,NA,1430,942,1168,986,32.94,4,56.06,64.49,1,1052,29.07,5,1,41.08,2,52.89,NA
1464,1,32,5,6,1,1624,24.3,2,67.42,888,0,38.65,635,447,664,438,852,811,0,NA,7,1520,NA,73.16,1,865,62.47,4,36.84,42.7,39.3,71.38,43.44,3,54.43,51.55,53.1,39.31,NA,1702,3114,2360,55.53,2,54.29,NA,NA,NA,28.25,5,0,40.21,1,45.19,0
1465,0,45,8,6,1,4853,53.62,1,72.5,2644,1,60.41,3896,2288,NA,5059,3667,1192,NA,0,3,2864,1,68.08,0,911,28.55,1,41.75,49.62,NA,41.62,NA,4,47.68,61.08,52.17,49,NA,1377,1478,1981,43.3,2,48.71,51.11,0,3818,52.74,4,NA,58.08,5,49.4,1
1466,1,30,4,1,1,13195,72.72,0,76.39,3786,1,NA,2761,1612,1869,4670,4002,1351,0,0,6,2594,NA,54.37,0,2470,NA,0,43.14,64.98,41.78,29.44,39.47,4,48.94,NA,55.29,51.01,893,1486,1806,1223,68.43,7,61.83,64.42,0,1402,53.99,5,1,NA,4,62.27,1
1467,0,58,0,4,1,1109,49.07,4,58.15,1703,0,53.05,1363,2526,1198,1128,1641,1791,0,0,1,NA,0,49.97,0,1514,41.57,3,44.92,48.78,55.32,36.74,NA,1,34.66,40.37,47.85,35.96,410,302,676,379,44.76,1,49.47,43.05,0,1202,44.18,4,0,35.63,1,47.89,1
1468,0,43,11,2,0,2530,60.57,2,49.84,1692,0,46.88,924,1271,671,1444,1150,467,1,0,1,NA,0,42.1,0,NA,38,4,46.93,35.33,58.27,52.96,51.55,0,56.55,42.87,50.17,NA,960,1787,1303,1187,55.06,2,NA,51.91,0,884,52.64,3,NA,45.55,3,40.93,0
1469,1,34,4,3,0,1848,46.5,1,50.97,2108,1,70.26,1241,1129,862,1155,769,2247,1,1,3,1020,0,65.68,1,1135,59.13,2,43.21,63.18,52.99,43.3,NA,3,52.18,52.09,44.89,51.5,NA,2295,2214,NA,NA,3,61.49,47.78,1,938,NA,2,0,59.25,1,56.45,NA
1470,1,47,2,6,1,454,NA,6,44.45,554,0,51.66,753,336,420,636,965,4344,0,0,3,1574,1,55.48,1,NA,69.93,4,52.33,48.03,41.86,43.26,54.59,2,44.28,54.44,48.78,42.64,2786,1774,NA,1423,45.12,NA,55.77,40.26,0,1267,42.24,6,0,39.97,4,40.51,0
1471,0,39,11,3,1,6310,57.41,3,73.79,1460,1,66.31,2781,1071,760,NA,2366,1311,0,0,0,1108,0,47.38,0,1460,45.19,4,44.2,43.68,51.38,55.26,51.64,NA,60.93,54.17,71.48,51.67,1790,1123,1574,1325,47.36,4,55.16,NA,0,1493,51.68,3,NA,45.01,2,NA,0
1472,0,37,7,5,1,948,60.56,4,54.38,961,1,55,865,NA,551,693,377,2548,1,0,2,1134,0,44.76,1,1287,63.53,1,45.93,38.52,54.48,52.67,47.5,3,47.73,73.89,38.63,48.73,2461,1655,1557,2128,49.66,4,45.03,42.01,0,903,44.2,2,1,53.6,4,57.26,0
1473,0,37,2,3,0,1789,NA,6,48.68,1507,0,44.17,854,1323,428,2766,944,1056,0,1,4,1934,NA,60.03,0,NA,45.02,2,46.14,62.5,43.45,41.07,65.32,0,58.92,39.15,53.2,38.81,934,831,NA,1805,NA,5,28.95,NA,0,4147,63.93,1,0,62.81,3,52.93,1
1474,1,26,13,6,1,1722,60.28,NA,77.64,1425,0,59.99,1111,909,1016,923,1308,NA,0,0,5,NA,1,38.78,1,5416,NA,4,53.61,57.19,35.54,48.22,48.62,5,NA,49.34,39.81,41.99,2597,2228,NA,NA,63.32,5,51.63,NA,1,1433,41.18,1,1,47.82,2,43.5,1
1475,1,55,14,2,1,1807,63.24,3,64.17,1067,0,62.36,1764,3739,1828,2304,1945,1290,0,1,4,NA,0,62.03,0,799,59.3,3,52.73,45.02,50.79,45.28,52.86,3,46.68,71.57,56.97,49.91,3251,2859,3557,2793,57.67,5,49.57,63.7,1,1489,42.35,4,0,52.21,2,57.43,1
1476,1,54,15,8,0,2406,34.27,5,NA,275,1,43.49,NA,726,2879,1880,2518,3476,0,NA,5,3728,0,69.14,NA,3868,52.74,0,NA,44.76,67.05,62.49,62.7,3,62.41,69.98,56.19,56.17,2057,2414,1354,1351,48.2,3,70.34,62.22,1,1505,67.02,2,0,45.61,5,51.02,0
1477,0,73,12,5,1,2860,40.34,3,50.72,1867,NA,50.98,789,746,1074,1237,917,NA,1,1,2,2036,1,60.28,0,2487,36.27,2,33.85,52.04,30.7,39.54,43.88,7,32.52,60.56,33.29,58.08,818,1374,1074,NA,37.57,3,NA,55.83,1,2115,59.3,1,0,44.43,4,52.59,1
1478,0,43,8,5,1,2121,51.28,4,53.34,398,1,36.56,1427,NA,909,1070,835,714,0,NA,1,575,0,46.11,1,834,68.98,4,38.99,38.42,51.1,46.17,57.49,3,NA,53.22,65.09,41.22,883,635,NA,753,68.27,2,40.76,47.86,0,570,29.87,3,0,53.36,3,30.42,1
1479,0,47,7,7,1,1968,65.05,3,53.37,2345,0,NA,1273,1321,378,1897,293,2184,0,0,4,NA,1,46.17,1,1162,42.02,0,NA,44.62,59.29,42.6,52.68,1,60.43,42.26,53.36,54.03,638,652,571,626,55.53,4,43.58,38.91,0,NA,38.96,3,1,50.32,0,37.5,0
1480,0,37,3,2,1,1272,66.56,2,47.06,1405,0,47.19,525,559,1389,1265,1318,627,1,1,5,NA,0,41.68,1,693,55.05,2,40.7,52.06,NA,55,NA,3,45.37,50.48,52.46,NA,1344,1391,1242,1074,39.64,4,38.35,NA,0,539,33.79,5,1,36.01,1,34.97,1
1481,0,60,8,5,0,1264,40.02,3,57.8,574,1,62.45,2970,1929,956,1992,1605,2852,0,1,5,918,1,46.17,0,1175,42.76,0,47.08,33.24,45.64,41.33,59.31,5,52.04,46.05,33.39,64.97,621,966,764,1105,63.75,5,50.47,45.67,0,785,42.83,5,0,33.42,3,39.64,0
1482,0,43,11,5,1,1597,46.54,4,63.99,1233,0,52.16,NA,1865,1264,1389,3036,810,1,NA,3,NA,1,45.96,0,2048,50.89,3,62,17.46,39.77,42.86,42.42,2,50.56,43.04,40.4,NA,NA,2508,1501,3341,57.01,6,67.45,37.94,0,853,54.8,3,0,41.77,1,48.47,0
1483,1,45,3,5,0,1021,54.8,3,54.85,933,0,55.24,1703,2102,1668,1481,1572,2374,0,NA,6,1439,1,68.19,1,1738,52.8,2,46.78,37.36,59.01,70.38,51.56,5,40.68,40.38,50.18,54.13,1499,1121,756,822,NA,1,34.63,45.52,1,1943,39.65,6,0,47.86,3,58.02,0
1484,1,42,13,1,1,6433,55.7,4,51.83,1087,0,42.24,918,650,1512,2344,1378,1803,1,0,8,1665,1,65.63,1,3061,NA,1,62.35,61.77,73.55,48,54.84,1,58.39,57.35,61.47,56.05,939,762,1396,1747,38.93,2,58.63,66.22,1,1138,62.71,3,NA,NA,7,49.04,0
1485,0,28,4,6,1,839,NA,0,57.64,817,0,75.36,1058,1678,1743,1680,1621,1485,NA,1,3,NA,0,45.83,1,956,54.11,2,38.86,50.71,46.96,NA,51.07,3,NA,34.78,69.78,62.23,836,1304,812,768,66.22,4,62.39,35.72,1,884,36.27,2,0,40.55,1,44.15,0
1486,1,38,10,3,1,1635,45.87,3,60.64,526,0,62.23,982,983,566,212,694,992,0,1,2,2972,1,55.47,1,3175,57.6,1,46.32,32.67,40.48,61.91,51.75,0,65.03,53.85,43.95,43.56,1034,975,1163,1116,NA,3,57.26,54.7,0,1097,58.7,3,NA,52.65,3,50.89,1
1487,0,38,10,5,1,1325,43.05,3,40.84,1070,1,46.66,NA,871,848,827,1416,736,1,1,2,1983,1,40.38,NA,886,41.58,5,49.4,60.28,48.13,48.34,51.17,5,49.84,NA,NA,32.25,1600,3706,NA,3368,39.77,NA,50.57,NA,0,673,44.53,3,1,37.73,2,48.88,0
1488,1,38,7,4,0,1393,45.05,4,52.39,1199,0,49.81,1382,2114,2100,NA,5158,1254,0,0,3,400,0,38.89,0,NA,36.97,5,NA,51.12,45.03,46.84,NA,NA,67.58,54.64,62.13,33.24,1132,1090,1091,1446,47.76,4,63.09,50.08,0,722,33.26,NA,0,63.83,3,54.33,NA
1489,0,60,5,4,1,3241,58.04,1,NA,798,1,51.01,2028,1439,1299,1548,2237,839,0,0,3,NA,1,50.41,0,518,51.64,2,49.38,52.14,46.33,68.31,55.93,3,63.67,51.33,44.39,68.62,1397,958,1423,1488,38.65,4,54.55,67.63,0,NA,72.97,1,1,50.21,5,66.7,NA
1490,0,60,12,3,1,2354,49.07,3,53.72,421,0,45.39,2272,1462,1139,1447,1319,NA,0,1,4,1484,1,NA,0,2721,41.76,1,55.95,55.19,50.89,41.17,40.15,2,NA,58.35,39.58,43.82,993,653,592,1210,48.82,3,41.77,28.32,0,552,42.12,5,1,42.45,2,30.86,1
1491,0,45,6,3,1,1152,44.03,3,49.97,1336,0,46.56,1092,917,1971,1048,758,NA,0,1,5,1272,1,25.78,1,873,47.62,3,49.67,56.04,48.47,54.29,NA,3,41.43,NA,NA,39.53,1156,892,1110,782,47.83,2,32.8,39.62,1,1886,40.94,5,0,45.53,3,NA,1
1492,0,49,10,7,0,2233,NA,3,44.31,794,1,41.44,NA,1652,1289,1721,919,954,1,NA,1,738,0,37.57,0,1607,NA,4,47.53,46.04,45.48,57.2,NA,2,54.06,32.5,NA,41.46,1897,2446,1507,2217,53.8,3,42.87,39.2,0,830,43.37,7,0,47.63,2,49.93,0
1493,1,21,11,1,1,981,NA,6,55.14,4154,0,51.28,1689,2625,2936,NA,2593,NA,NA,1,4,3238,0,66.48,1,1766,53.64,0,47.69,60.34,49.44,59.94,55.97,5,56.77,60.53,43.69,63.17,1947,1654,1471,1095,44.12,3,53.67,53.02,0,1132,42.47,4,NA,NA,4,38.37,0
1494,1,58,8,6,1,742,19.94,4,44,1062,1,37.7,853,1019,1532,570,1586,NA,0,1,0,648,0,40.92,NA,NA,52.74,3,62.06,61.95,43.27,51.62,43.87,3,61.02,45.71,44.53,NA,1280,NA,1799,NA,53.19,4,56.42,NA,0,910,52.19,4,NA,NA,2,30.53,0
1495,1,58,12,1,0,3870,51.44,3,54.74,976,0,54.42,3515,2686,2450,5428,3517,3126,NA,1,4,2339,1,48.71,1,NA,50.56,2,20.27,40.85,NA,45.08,46.69,3,50.12,59.06,NA,55.65,NA,719,638,891,54.53,3,63.73,NA,0,2752,46.93,5,NA,63.71,6,NA,1
1496,0,41,11,4,1,1454,42.42,4,33.26,1469,0,60.88,1438,1730,894,1483,1842,NA,1,NA,4,1243,1,57.03,0,2028,69.04,6,55.51,44.89,NA,NA,62.97,4,29.06,40.17,43,NA,1487,1068,1090,1282,45.87,4,46.68,51.84,0,879,52.22,2,1,46.7,1,NA,1
1497,0,37,6,3,0,3752,32.01,6,61.81,510,0,31.94,2829,2713,1517,3561,2062,2285,1,1,5,2774,1,NA,1,835,49.53,2,54.62,26.48,48.63,32.73,49.63,7,54.44,54.29,46.99,44.56,2167,3690,1697,2458,62.88,4,65.39,NA,0,1513,51.58,NA,1,53.5,3,58.24,0
1498,0,43,3,4,0,704,55.32,3,34.08,922,0,52.86,556,1350,553,592,949,1507,0,0,3,670,1,41.09,0,1121,36.63,4,NA,32.61,51.01,59.21,60.32,1,44.77,53.55,NA,62.56,NA,439,NA,600,49.06,3,17.77,39.02,1,1587,38.06,5,1,30.4,1,49.36,NA
1499,0,58,9,3,1,2517,63.43,2,54.19,812,1,50.39,NA,1119,1903,1068,NA,3314,1,0,NA,1357,0,54.61,NA,NA,61.61,4,61.63,64.86,71.63,69.81,61.3,0,61.25,65.15,NA,60.95,1363,1254,1489,1011,NA,3,38.92,NA,0,604,57.44,4,1,45.6,4,44.71,0
1500,0,47,12,4,0,2742,42.82,4,NA,2066,1,58.15,668,777,1015,757,2887,1059,0,0,4,NA,1,52.46,0,1449,48.31,5,37.58,29.2,59.96,21.99,37.43,1,NA,63.64,34.62,37.66,691,910,1109,844,63.52,3,30.15,45.36,1,794,44.31,5,NA,49.27,1,NA,0
1501,0,62,15,8,1,2141,46.78,7,49.33,1140,1,51.88,1008,4514,1205,1217,2085,738,1,1,3,809,0,49.38,0,NA,52.11,0,52.34,60.33,53.05,62.27,39.18,NA,58.9,55.07,45.47,NA,1751,1034,1245,1447,43.46,2,45.79,40.63,0,706,50.95,3,1,62.93,4,50.04,0
1502,0,33,5,5,1,1840,44.18,4,37.11,1076,1,49.25,NA,1023,918,1976,NA,1414,1,1,4,2019,1,50.58,1,1275,54.32,1,68.84,60.38,42.66,49.04,46.62,2,57.34,64.69,52.8,56.66,2476,1763,1166,2830,53.5,4,54.59,45.89,1,2287,64.72,0,0,45.3,2,62.71,1
1503,0,26,5,4,1,1194,58.13,NA,53.27,2578,0,40.61,1509,968,891,839,793,NA,1,0,3,1058,1,43.85,1,1154,33.47,3,NA,40.23,34.06,32.62,45.86,6,60.18,44.01,52.55,46.02,1358,922,NA,1057,61.39,3,45.03,46.8,0,1345,64.1,5,NA,51.97,1,44.63,1
1504,1,40,5,3,0,3791,58.85,3,47.2,877,0,50.53,3204,975,2712,2038,1942,NA,1,1,5,NA,1,43.41,1,2130,49.91,2,45.39,NA,41.16,NA,NA,5,55.56,58.81,49.34,46.79,NA,824,981,1459,65.48,NA,60.73,47.11,NA,1499,48.68,3,0,46.36,6,60.15,1
1505,0,28,9,5,0,1915,39.94,5,44.89,968,0,31.6,626,1064,300,513,822,NA,1,1,0,1440,0,41.14,1,1396,55.67,4,52.01,55.51,40.47,46.39,59.35,2,66.4,66.54,65.18,51.43,3260,4250,4268,2842,56.56,4,33.56,59.72,0,4490,40.43,1,0,58.6,5,61.23,1
1506,0,49,8,5,1,1465,36.63,4,60.86,1253,1,45.73,NA,1589,945,1011,557,1461,0,0,3,NA,0,53.9,1,1245,40.53,2,NA,25.29,56.95,47.04,NA,0,55.2,48.97,NA,47.55,808,913,703,560,40.83,2,54.85,36.87,0,1524,51.37,3,0,46.55,4,40.3,0
1507,0,43,6,5,0,2448,53.61,1,45.22,690,1,49.85,2140,999,1514,1068,NA,NA,0,1,5,811,1,61.3,0,1472,46.91,3,56.97,52.1,NA,32.26,37.4,1,50.52,54.49,41.08,NA,NA,1985,NA,2049,58.89,4,44.58,NA,1,3220,63.69,0,NA,57.26,9,63.33,1
1508,0,28,6,5,0,754,52.09,5,55.09,1078,1,39.1,664,1550,871,989,1771,2194,0,1,3,1137,0,53.2,1,1588,42.9,2,42.75,49.2,46.55,30.61,50.03,2,58.41,57.7,63.61,54.54,NA,1533,2837,3049,48.82,6,63.51,58.98,1,991,48.77,NA,0,57.31,5,36.56,1
1509,1,43,9,3,1,3115,70.44,5,51.31,3140,0,53.97,2589,1480,NA,2757,2037,2485,0,1,5,1390,NA,47.21,1,NA,46.36,1,46.93,36.74,65.1,NA,55.56,3,50.77,53.71,61.32,31.54,821,903,1264,1497,49.45,7,31.93,55.83,1,2999,66.79,1,0,63.31,5,63.67,0
1510,0,46,7,3,0,1079,61.59,5,63.3,2146,0,NA,NA,1962,2395,1583,1987,1332,0,NA,4,2763,1,43.96,NA,2078,44.7,1,70.16,54.14,61.25,59.2,NA,2,47.86,60.84,73.96,58.49,1164,999,1138,1521,47.06,NA,47.79,42.84,0,NA,48.26,5,1,27.34,3,37.18,0
1511,0,18,9,5,1,2473,36.2,1,NA,1280,1,66.26,2286,551,3408,1821,679,1745,0,0,2,NA,1,30.97,1,1262,54.21,2,65.01,39.29,57.94,36.21,49.9,NA,46.8,53.53,56.13,54.67,3266,1365,2278,2017,45.14,4,40.62,NA,0,1307,42.98,2,0,52.22,1,46.18,1
1512,0,36,10,7,1,2773,41.85,2,42.76,1386,1,53.67,1365,1990,1798,755,2527,2108,1,1,4,3874,0,53.49,0,NA,45.46,1,53.99,50.7,35.4,42.9,64.5,0,44.99,46.85,66.21,NA,414,403,500,758,NA,1,42.36,68.69,1,1103,48.42,1,0,51.23,3,55.58,1
1513,0,26,13,3,1,2638,35.17,3,59.98,2130,1,50.95,2733,4901,2630,2437,1623,1520,0,1,4,1935,1,54.11,1,686,39.21,2,NA,68.84,65.63,58.89,53.5,3,47.34,63.57,58.63,47.81,628,1077,1212,1072,60.11,3,54.87,48.07,0,1260,45.19,NA,0,19.04,1,30.48,NA
1514,0,37,3,4,1,1381,42.64,2,40.15,951,1,45.14,1479,6713,2156,1498,646,711,0,0,2,2044,1,47.34,1,1322,50,1,NA,59.38,69.47,44.67,48.44,3,45.25,57.77,48.39,55.39,736,NA,NA,690,36.57,5,57.58,46.78,1,1883,55.73,2,0,66.02,5,47.75,0
1515,1,48,1,5,1,1789,52.08,2,40.26,2124,0,54.42,408,2218,1551,1183,650,761,1,NA,0,473,1,36.59,1,419,39.35,2,NA,51.92,42.38,50.09,59.41,2,46.06,64.16,51.28,57.14,968,786,1112,727,53.74,2,61.83,44.33,1,NA,43.92,4,0,NA,0,32.47,0
1516,1,46,9,2,1,1875,26.95,1,35.01,1738,1,39.62,NA,1162,1227,1892,396,1559,0,0,4,3691,0,49.09,0,2373,64.7,2,39.39,34.46,57.46,67.76,61.35,1,67.45,48.92,46.3,37.23,839,456,968,NA,47.81,2,44.98,50.74,0,1651,41.21,5,NA,36.16,4,46.4,1
1517,0,42,15,3,1,3150,46.39,3,80.79,1237,NA,56.04,1743,2520,1625,999,2032,996,1,0,5,1303,1,NA,0,NA,50.99,NA,51.81,32.45,65.11,57.5,43.32,NA,44.26,63.26,52.03,51.9,867,2016,1077,1007,46.97,5,NA,60.86,1,NA,47.18,4,1,44.04,4,61.79,1
1518,0,49,12,4,0,2542,54.11,4,53.68,1377,0,42.13,1620,2179,1131,1711,1343,896,0,0,4,942,1,64.51,NA,577,45.6,6,47.6,63.96,39.48,55.63,30.33,1,52.29,55.97,51.96,31.86,2213,1386,1084,2158,32.22,6,55.42,66.29,1,3169,66.21,3,0,61.97,3,65.21,NA
1519,0,34,9,2,0,3787,50.2,0,62.2,986,1,46.76,1144,878,1869,994,1987,1667,NA,1,2,NA,0,60.83,1,1091,35.27,5,56.18,66.87,48.36,56.68,59.43,2,56.27,52.55,56.71,42.53,NA,3812,2910,2248,33.77,NA,70.23,55.37,0,1421,49.78,3,1,53.01,2,55.25,1
1520,0,21,4,1,1,1730,51.87,2,51.24,1443,0,34.16,1235,1918,466,2185,1121,540,0,1,2,1413,0,59.5,1,954,40.61,3,NA,55.65,32.45,54.77,53.91,2,50.06,NA,56.7,NA,2771,2123,NA,1493,50.39,2,55.35,45.59,NA,613,53.73,5,0,49.93,1,48.26,0
1521,0,25,9,5,0,1594,63.6,3,45.07,2224,0,46.31,1329,1138,877,1642,1431,1382,0,0,3,1227,0,44.11,0,1508,35.7,3,49.6,52.49,51.28,46.84,40.41,2,50.61,47.91,57.56,NA,1923,1504,2380,1184,54.44,4,61.37,NA,1,485,33.8,4,0,48.08,4,53.85,0
1522,1,28,9,6,1,1044,22.29,6,NA,1108,1,16.71,1121,823,1108,711,588,1477,0,NA,3,424,0,40.66,NA,923,42.74,1,64.74,54.06,40.91,NA,NA,1,NA,61.65,60.63,68.21,914,665,953,1022,58.12,2,55.83,55.09,0,1791,61.01,1,0,60.35,5,58.49,1
1523,1,49,6,1,0,1813,45.24,2,62.98,1398,0,NA,2971,2847,4596,2710,786,995,1,1,NA,1882,0,47.64,NA,NA,46.55,2,48.12,NA,63.06,55.17,44.9,3,NA,39.68,67.84,55.9,833,2459,1264,1375,76.69,5,57.23,46.57,0,574,50.84,3,NA,20.4,6,43.43,0
1524,0,54,7,6,1,1348,40.1,5,49.14,930,0,47.83,1393,1823,1196,1656,1201,3277,NA,0,8,4418,1,71.39,1,2954,38.86,0,63.41,62.04,57.5,NA,41.49,3,56.85,NA,49.38,44.04,NA,996,1351,1184,50.89,3,62.9,48.35,1,2021,68.01,2,0,75.17,4,NA,1
1525,0,35,10,6,1,2452,48.05,5,64.29,467,0,47.1,821,638,550,1383,309,471,0,0,2,358,1,53.79,1,442,59.16,5,38.47,54.71,55.62,41.55,74.51,3,32.59,26.67,42.86,40.45,841,689,618,858,65.62,4,33.55,NA,0,549,54.68,1,0,53.58,3,47.14,1
1526,0,29,7,1,1,903,NA,2,44.41,549,1,26.7,NA,1103,2415,1355,1180,2325,1,1,0,1836,0,53.78,0,1616,51.95,2,40.99,54.67,NA,53.22,51.69,2,39.83,54.4,43.96,55.71,1459,845,NA,1324,60.02,2,63.67,NA,NA,947,49.57,4,1,47.64,2,38.76,NA
1527,0,45,10,2,0,2361,53.85,NA,36.54,1317,0,46.75,NA,2161,440,1938,1026,NA,1,0,4,2049,1,42.61,1,1595,31.83,5,37.04,NA,43.51,34.46,58.12,4,57.32,35.33,40.89,42.91,1246,761,NA,692,40.24,NA,42.98,62.14,0,909,58.13,3,0,44.49,5,51.86,NA
1528,0,48,15,5,0,7144,46.17,3,NA,1021,1,22.75,784,1347,823,1275,1324,1143,1,0,NA,1150,0,59.59,0,754,58.99,2,61.85,38.57,52.25,55.88,66.84,1,50.06,52.34,NA,59.26,2805,1684,2739,1719,60.19,2,39.11,55.51,0,1506,60.44,3,1,44.89,5,50.22,0
1529,1,31,4,3,1,2278,53.73,2,56.17,1095,1,43.18,2098,5224,2010,5612,3014,1532,0,0,4,667,0,46.95,0,2606,68.94,1,58.64,54.16,46.58,NA,59.21,4,55.41,55.33,59.03,39.43,1032,2235,1514,2335,47.26,4,47.45,51.68,1,1778,55.35,2,0,47.69,4,49.06,1
1530,0,28,6,7,0,1042,61.69,2,43.93,1257,1,56,2309,1624,NA,1870,2046,935,1,1,4,653,0,50.77,1,NA,34.9,2,41.7,43.6,42.78,58.95,49.47,6,53.2,31.83,34.26,48.86,NA,539,533,407,33.7,0,28.44,39.71,0,625,40.04,NA,NA,34.07,3,NA,NA
1531,0,20,7,3,1,1875,40.56,3,57.07,1616,0,46.42,1735,969,1578,1762,1481,NA,1,1,6,1644,0,56.92,1,1765,84.36,4,46.6,53.37,41.86,41.08,28.13,NA,35.86,50.37,58.01,55.34,1728,692,989,1037,53.96,2,53.32,55.22,1,1264,64,4,1,37.39,3,45.59,NA
1532,0,57,-0,2,1,1662,57.89,2,34.39,9421,NA,50.28,1107,1028,NA,1822,1772,835,NA,0,2,1110,1,44.78,1,883,NA,2,51.05,58.01,71.56,NA,48.83,2,NA,47.94,NA,60.71,893,727,638,NA,51.68,0,47.59,42.48,0,599,29.62,4,1,46.5,0,38.14,0
1533,0,53,7,6,1,2444,53.23,3,67.58,1495,0,58.12,1554,1628,1672,1016,1390,1051,1,1,4,607,0,44.33,NA,NA,20.69,3,NA,48.19,40.28,35.3,60.12,4,61.25,33.57,42.21,NA,2379,2569,1699,2372,33.94,NA,72.18,42.32,1,1277,52.38,2,1,55.67,2,NA,1
1534,0,34,11,5,1,1814,62.55,2,NA,1259,0,49.81,NA,1814,2860,2686,1723,1114,0,0,0,402,1,NA,NA,1150,52.57,4,NA,47.43,NA,42.43,50.18,4,21.32,36.48,43.91,NA,1148,1339,1119,2013,NA,0,37.06,47.99,1,910,44.76,NA,1,47.13,3,39.82,NA
1535,0,57,3,6,0,3592,NA,1,58.3,1183,0,56.42,2461,NA,3413,1001,5384,1655,NA,1,2,602,1,38.26,1,NA,39.08,0,50.98,35.57,NA,41.66,55.44,3,50.49,38.72,62.06,47.12,1013,936,1433,516,59.3,4,50.18,61.99,0,1750,55.96,3,1,51.94,3,58.25,0
1536,0,32,9,6,0,1053,31.99,4,27.84,543,1,58.76,2116,2908,1569,1912,2176,781,0,NA,3,935,0,48.97,1,1084,47.79,7,43.5,63.07,45.54,62.68,NA,6,NA,36.16,NA,46.42,2336,3351,1960,1867,44.35,3,43.52,47.05,0,2800,57.37,5,NA,58.2,5,64.47,0
1537,0,33,4,4,1,2289,NA,2,56.39,1246,0,37.32,1354,2211,2606,1066,567,2395,1,0,4,1755,0,51.47,1,NA,32.36,0,NA,67.86,71.9,59.99,57.58,NA,51.62,NA,32.48,38.36,3088,3819,NA,2522,56.97,3,61.49,NA,1,NA,49.93,2,1,65,3,55.57,1
1538,0,21,11,2,0,2470,39.33,0,58.93,1364,1,55.36,1663,2502,1119,3908,1838,2624,1,0,5,1933,0,NA,1,1029,57.53,NA,46.08,45.66,NA,38.89,48.02,2,71.08,47.33,52.97,48.33,1197,646,1516,860,50.78,2,53.57,50.51,NA,NA,55.27,NA,1,47.96,3,44.09,1
1539,0,37,8,6,1,886,41.75,2,42.57,NA,1,NA,1849,2334,903,780,1295,974,1,0,5,337,0,47.82,1,1477,NA,3,61.32,48.65,56.98,42.87,39.83,3,48.22,45.44,37.83,50.99,2065,3173,1298,1663,51.45,2,66.5,46.47,1,674,51.14,1,1,52.84,2,32.41,0
1540,0,30,3,4,0,3468,31.44,5,58.85,1289,0,NA,1519,954,1209,1331,768,1868,0,1,4,NA,0,51.44,1,3657,60.92,2,33.27,32.51,48.19,48.43,52.03,3,47.79,33.48,NA,42.53,1051,634,662,965,47.67,1,56.79,54.41,1,911,NA,4,1,56.14,4,47.03,1
1541,1,29,8,5,0,1397,27.46,3,50.77,1501,1,47.18,2461,2223,1209,1636,2155,3215,1,0,2,2278,0,56.25,0,715,53.49,4,31.18,52.83,44.81,47.3,34.51,NA,50.06,72.83,52.59,54.08,2489,1923,NA,1978,59.81,5,37.01,56.16,0,1429,49.37,2,NA,65.77,5,53.56,0
1542,0,45,7,4,0,2624,NA,0,32.97,955,0,37.55,2167,2063,2125,2603,1573,1358,1,1,5,NA,0,51.54,1,1429,NA,5,51.44,44.89,53.2,49.12,43.94,2,39.4,42.51,59.82,59.74,1496,800,1690,1111,43.73,7,43.19,52.55,NA,964,59.89,3,1,47.46,4,46.84,1
1543,1,51,3,5,1,2221,52.95,NA,NA,1694,0,55.51,1829,2611,5546,3032,1681,2350,1,1,6,2879,0,41.29,NA,1979,60.36,1,66.18,67.76,55.59,57.17,49.48,NA,68.7,45.14,NA,55.66,2543,2222,1992,2621,70.32,6,38.37,47.06,0,577,50.59,3,1,58.34,2,45.22,0
1544,1,32,7,6,0,3621,43.42,3,44.26,1811,0,35.39,2193,2409,1580,3468,2824,NA,0,NA,4,3881,1,52.83,1,1680,45.42,3,46.83,40.8,50.14,58.38,51.77,1,67.22,47.55,62.58,52.73,NA,701,707,637,60.54,4,71.87,55.63,0,2258,73.64,1,1,53.24,4,52.74,1
1545,1,25,9,6,0,4109,50.76,4,64.09,1468,0,50.67,1904,1183,NA,3044,1551,1353,1,0,3,NA,1,53.95,1,678,61.59,NA,58.08,43.38,52.95,43.04,55.13,3,73.19,51.33,44.57,36.17,2330,2001,1530,2343,42.9,1,35.18,56.98,1,949,33.26,5,1,34.19,2,39.4,0
1546,0,52,0,5,1,1996,57.66,4,57.49,1359,0,56.41,1422,703,1130,1258,2189,2317,1,1,2,729,0,68.14,1,NA,NA,2,NA,44.78,50.29,59.34,55.45,4,63.37,NA,63.61,NA,3077,3047,3301,3007,NA,6,59.62,53.1,0,1560,53.32,NA,1,62.15,4,54.35,NA
1547,0,39,0,6,0,1468,41.03,5,68.75,691,1,30.45,1353,1957,1411,856,1741,1361,0,0,2,NA,0,50.84,1,923,56.48,3,42,35.82,50.33,43.23,38.19,4,46.58,63.31,29.16,NA,1125,1300,929,1429,47.24,1,51.48,64.01,0,931,45.89,5,1,48.06,4,48.56,1
1548,0,30,4,2,1,1221,31.84,4,34.97,4035,0,41.61,1298,816,1566,1248,1081,614,0,1,4,1804,0,53.68,0,NA,56.91,4,50.44,53.27,NA,50.34,52.58,5,49.68,44.05,54.99,33.03,1658,1547,3038,2499,51.78,1,37.15,49.89,0,732,56.68,2,1,47.9,3,64.79,0
1549,1,19,5,7,0,573,48.98,3,51.21,463,0,32.63,2012,1868,741,2242,NA,2115,0,1,2,1186,1,46.01,0,2553,54.23,4,NA,67.84,43,39.92,64.08,3,50.7,46.76,29.5,39.34,NA,1825,1105,1411,60.47,3,43,NA,0,1387,NA,1,0,57.34,4,62.73,1
1550,1,43,13,5,1,1363,52.76,6,60.49,474,0,NA,NA,2371,3447,1745,1030,1574,0,1,NA,NA,1,43.06,0,1175,58.23,2,NA,41.76,NA,57.75,31.79,2,48.78,39.63,58.32,NA,499,855,679,533,36.72,2,44.19,45.41,1,1752,54.62,3,NA,41.6,7,53.85,1
1551,1,51,6,1,1,1807,48.92,4,46.52,1459,0,51.92,3232,NA,NA,5178,2471,2183,1,0,3,1105,NA,50.79,1,1318,59.4,4,47.48,49.28,50.36,57.23,47.12,3,23.87,48.52,NA,50.02,2566,2463,1766,3419,65.67,6,60.28,67.74,1,1834,41.18,1,1,50.1,4,59.14,1
1552,0,44,13,2,0,2940,49.57,4,52.63,2108,1,54.82,1822,1379,1153,1955,2305,1300,0,NA,6,1686,1,36.66,0,NA,47.29,3,42.25,51.71,52.02,53.78,43.95,3,56.06,53.03,28.47,55.87,2088,1666,3026,1690,45.45,6,36.41,49.11,0,679,42.8,4,1,45.1,0,43.55,1
1553,1,32,9,4,1,3079,55.11,3,56.14,1670,1,55.38,2363,NA,499,2480,1883,1971,1,NA,5,1978,1,59.73,0,NA,52.79,5,47.23,48.55,NA,54.91,54.54,3,72.28,49.55,56.86,50.99,803,1023,NA,965,NA,1,49.42,63.53,0,1800,69,1,0,52.47,5,52.99,1
1554,0,43,8,2,1,4687,44.05,4,47.02,NA,0,70.29,875,924,1303,2794,1139,1143,0,1,1,NA,1,NA,1,NA,29.5,2,50.59,53.72,53.32,44.08,37.93,0,53.66,56.21,NA,48.23,1625,2132,1910,1560,45.18,5,NA,65.91,1,4394,54.26,1,NA,64.64,4,42.43,0
1555,0,26,7,5,1,1678,45.66,2,51.53,1494,1,59.75,NA,1316,1810,2267,1298,3546,1,1,7,4018,1,68.19,1,9957,51.76,1,29.96,45.33,52.68,27.65,47.5,NA,49.92,47.72,35.07,45.55,587,548,979,685,38.66,1,38.41,46.97,1,2034,54.03,4,NA,43.79,4,42.02,0
1556,1,29,11,6,1,2045,65.81,4,57.31,1316,0,51.17,4969,2498,1541,2210,1446,1570,0,0,2,1002,1,57,0,1056,43.22,1,40.78,42.83,38.53,39.02,55.37,4,53.4,55.06,40.78,37.64,887,1494,2549,814,64.49,4,54.01,61.35,1,730,60.06,2,0,44.8,2,NA,1
1557,1,60,6,3,0,5520,33.68,4,42.42,NA,0,52.1,1374,1442,977,1287,1175,2148,1,1,4,NA,1,45.05,1,2983,44.75,4,53.15,57.86,51.19,NA,51.29,1,61.88,51.62,NA,64.26,1165,1954,1698,2467,58.9,7,71.51,81.39,1,3262,66.92,0,0,71.67,6,67.39,1
1558,0,68,0,3,0,5457,NA,3,60.14,1072,1,46.46,1193,861,2010,1000,1079,2036,0,1,5,2038,1,78.8,NA,NA,32.49,4,52.85,40.23,55.23,57.78,47.07,4,64.38,35.49,NA,66.83,2225,1762,NA,3584,48.59,5,67.26,51.81,0,782,56.42,NA,1,41.78,2,48.49,0
1559,1,51,0,6,0,1872,53.16,1,36.96,2074,NA,59.96,2442,1555,3735,2716,1890,NA,NA,1,7,1395,1,66.76,1,NA,NA,5,60.96,52.67,NA,61.72,41.19,0,43.75,43.75,NA,53.12,608,490,508,398,64.97,7,50.95,55.13,0,1156,42.16,NA,0,58.55,3,46.84,0
1560,0,37,8,5,0,3131,45.08,5,53.51,1015,1,59.02,781,2653,1953,1879,NA,NA,1,1,3,2278,NA,45.06,1,2853,31.12,3,70.02,59.49,61.52,56.37,51.27,3,61.83,57.68,NA,NA,1458,3063,2607,1984,44.08,3,65.38,53.54,0,NA,64.58,2,1,51.67,6,70.48,1
1561,1,34,16,4,1,1673,NA,2,46.75,1848,0,50.43,NA,451,1262,4489,492,899,1,0,3,2360,0,49.88,0,1474,41.32,3,57.55,66.99,46.36,39.12,61.44,6,50.38,54.13,47.37,55.12,1242,3170,2018,NA,57.34,3,61.09,54.86,0,795,45.99,1,NA,32.14,3,54.6,1
1562,1,25,9,1,0,1186,37.86,2,46.9,1501,0,47.79,2054,3917,2327,1520,2930,747,0,0,1,934,NA,NA,0,571,56.33,5,55.2,41.42,39.63,42.24,NA,3,51.77,63.28,51.24,40.67,1238,965,766,574,37.8,1,30.2,49.97,0,1066,38.65,1,1,48.41,3,50.34,1
1563,1,35,15,5,0,4838,NA,2,41.55,623,0,NA,2841,580,1284,1907,1111,2279,0,1,6,1938,1,63.47,0,2252,73.84,6,44.76,51.93,51.27,36.06,57.39,2,40.35,54.17,45.82,58.81,1265,788,833,1140,66.52,4,52.63,47.53,1,1013,47.2,NA,1,46.57,3,54.18,NA
1564,0,57,11,5,0,2100,47.23,2,49.23,2537,0,57.3,1220,1857,1124,777,1354,1623,1,1,3,2231,1,46.99,0,NA,NA,4,55.68,43.55,53.39,42.36,49.12,2,43.8,51.53,41.37,43.39,1409,1513,1068,1276,NA,2,51.19,30.37,1,NA,51.85,4,1,44.04,1,36.64,0
1565,0,21,11,3,1,987,70.31,4,74.57,737,1,49.21,1397,672,1354,721,1361,1670,1,1,1,1351,0,40.86,0,1090,38.09,4,70.1,29.32,46.8,NA,58.59,3,43.38,45.67,33.46,NA,1297,1111,971,1444,51.47,2,51.41,25.3,0,579,31.05,5,1,NA,1,31.58,0
1566,0,32,5,5,1,1334,42.53,2,49.26,2152,0,51.3,1912,1866,1349,1132,1262,492,1,0,2,1512,0,45.91,0,NA,37.49,2,NA,36.35,NA,NA,51.32,4,31.63,53.7,51.68,67.21,1188,945,1021,958,43.32,3,42.61,41.85,1,873,56.13,4,1,46.52,2,55.94,1
1567,1,27,6,3,0,1874,55.11,3,61.02,1015,1,NA,NA,1637,729,2088,1048,1589,1,1,4,2550,1,51.02,1,2500,NA,3,33.06,57.36,NA,62.94,41.66,3,NA,54.37,52.13,44.31,2223,1501,2239,2540,51.93,5,38.52,66.38,0,1068,38.45,2,NA,55.23,2,48.78,0
1568,0,49,2,4,0,877,33.03,3,36.96,308,NA,37.83,1192,595,1660,1167,606,1240,1,0,NA,653,1,45.19,1,738,55.9,3,NA,51.76,NA,47.59,45.8,2,60.49,48.44,61.3,46.71,616,532,NA,484,44.39,0,45,42.75,0,823,38.92,2,1,38.8,3,47.98,0
1569,0,53,2,7,0,1826,58.53,4,55.4,1176,1,55.7,2799,NA,2227,2434,1852,512,0,0,3,720,1,40.87,0,NA,29.61,2,36.72,47.25,NA,56.97,47.1,3,48.34,68.49,NA,47.33,1428,2193,1491,1452,49.76,4,76.5,68.16,0,4526,54.92,4,0,60.61,2,NA,NA
1570,0,28,14,4,0,2943,NA,3,47.77,3568,1,61.86,1658,3062,NA,2324,1253,2270,NA,1,3,1044,1,60.06,0,1363,39.31,4,45.16,47.57,NA,72,NA,1,78.4,52.71,49.18,NA,NA,1880,2217,2998,63.66,2,30.41,50.24,1,718,58.5,2,1,59.42,1,46.36,0
1571,0,36,5,5,1,1290,53.62,2,54.51,785,1,33.2,NA,529,3638,1511,1406,811,1,1,2,739,1,44.69,0,1339,34.19,6,67.95,61.71,NA,64.18,41.22,2,58.55,57.09,53.04,47.56,1090,1902,911,898,46.17,0,25.87,28.93,0,NA,40.72,3,0,40.68,3,43.26,0
1572,0,30,11,4,1,1256,45.39,2,48.89,630,0,43.81,761,1232,1436,535,2278,872,0,0,1,1278,1,41.73,NA,1375,33.81,5,55.38,52.76,NA,55.37,69.01,NA,57.41,NA,52.01,51.59,788,1004,NA,1522,37.39,3,56.23,39.88,NA,1082,43.38,3,1,31.13,1,24.35,1
1573,0,19,10,5,0,1652,61.91,3,36.66,1796,0,45.61,1573,2938,2224,2753,2254,896,0,1,NA,1545,0,70.96,1,1890,61.94,4,29.61,53.75,44.49,51.25,37.33,0,44.63,18.41,51.18,56.9,1304,786,1592,1123,55.81,4,37.74,79.04,1,2367,58.56,3,1,51.7,7,52.32,1
1574,0,37,6,4,1,2014,60.23,3,47.83,1323,1,58,1074,2470,NA,1866,1573,1229,1,0,2,1099,1,50.77,0,2778,53.88,2,34.08,39.04,55.17,50.49,48.89,3,46.8,45.81,NA,NA,751,751,590,537,41.89,3,64.28,NA,1,1215,51.8,0,1,NA,5,68.5,0
1575,1,32,9,6,1,2025,NA,6,38.59,718,NA,45,1733,1693,1385,NA,1663,947,1,NA,2,NA,0,43.72,1,NA,46.6,2,60.02,49.9,55.19,54.31,54.27,NA,56.6,67.08,69.68,51.67,1257,1298,NA,1023,43.86,2,48.45,44.96,0,1307,58.63,3,NA,NA,0,47.72,1
1576,0,60,6,10,0,1644,46.84,2,44.68,3472,0,56.59,492,529,293,708,591,NA,0,0,4,1569,NA,61.27,NA,672,53.51,5,40.16,39.45,48.21,48.33,NA,2,47.14,45.67,55.25,48.9,960,1194,799,621,63.46,4,26.63,61.98,0,1833,70.03,2,1,40.82,2,50.33,1
1577,0,36,11,6,0,1187,NA,3,74.34,1075,0,51.34,1115,3754,497,753,1623,1796,1,1,0,2375,1,42.73,1,867,43.65,NA,28.44,52.72,67.54,NA,48.12,2,65.51,50.64,75.77,58.27,1569,NA,1644,849,29.59,2,41.77,58.16,0,1849,59.36,1,0,49.27,3,NA,0
1578,0,64,2,4,1,907,51.1,NA,39.67,NA,1,51.58,1222,947,1295,NA,672,279,0,0,1,1280,0,54.48,1,710,50.31,5,54.88,NA,42.34,45.42,61.95,2,66.54,38.75,61.48,44.28,3734,2364,3085,2361,47.99,2,43.82,38.79,0,1492,37.29,6,1,54.52,1,40.65,0
1579,0,49,9,1,1,4498,51.4,0,49.68,431,0,51,2269,2128,1143,NA,816,NA,NA,1,3,1852,0,41.69,0,790,38.32,3,54.92,59.01,52.37,65.23,NA,5,68.13,53.27,41.2,49.85,NA,4046,3805,1713,55.66,NA,50.59,62.92,1,1954,55.55,1,1,60.7,5,54.52,0
1580,0,42,16,2,1,4839,46.96,3,45.31,698,1,59.52,1043,1828,1008,3570,1185,NA,1,1,3,2075,0,67.28,1,1073,NA,4,36.31,57.17,52.86,62.94,49.17,1,37,64.83,52.97,50.5,1626,2131,1816,1333,47.36,4,53.88,52.89,1,1650,53.79,2,0,64.94,4,72.99,1
1581,0,52,7,4,0,811,35.04,5,27.11,495,1,34.16,1221,702,1145,1368,660,2033,0,0,2,NA,0,32.85,1,1816,65.91,6,56.89,56.8,38.04,54.08,60.29,3,44.29,45.16,49.46,NA,1225,1168,1555,1062,49.53,2,54.53,54.67,1,2381,NA,2,1,59.33,2,49.44,0
1582,0,38,14,5,0,1865,57.59,2,50.39,741,1,63.76,2110,2371,3156,2263,1097,NA,1,0,NA,1029,1,52.97,NA,NA,40.19,4,43.34,31.61,57.36,NA,66.7,2,NA,49.65,57.66,NA,495,NA,519,648,41.93,3,50.6,41.17,0,826,38.81,NA,NA,42.5,2,37.88,1
1583,0,20,1,5,1,1859,32.54,2,54.1,1099,0,48.53,1345,506,524,1626,1096,701,0,1,1,1211,0,56.39,1,1768,55.95,4,50.28,33.49,43.36,63.7,56.25,4,40.76,28.07,52.27,NA,1522,1415,1073,1078,30.3,0,47.16,43.64,0,403,50.95,6,1,37.75,1,34.65,NA
1584,0,38,9,2,1,991,55.13,2,38.46,1006,1,55.42,1385,917,1618,1587,796,2589,0,1,7,899,1,75.09,NA,4128,53.83,2,61.9,41.87,50.3,NA,52.97,4,33.4,58.19,42.82,46.25,NA,791,951,986,33.38,1,40.32,54.5,1,1601,39.64,2,1,66.65,2,46.67,0
1585,1,48,3,5,1,1597,62.12,3,53.49,1969,0,46.81,531,971,701,2746,957,3100,0,1,3,1523,1,47.66,1,1249,33.05,4,50.01,57.51,36.32,53.56,47.09,4,47.63,59.26,59.34,51.73,3919,3095,3775,1187,61.93,4,51.46,NA,0,1808,54.73,3,NA,52.39,2,54.69,1
1586,0,41,9,4,0,2771,68.99,2,40.15,1662,1,55.93,859,1890,887,732,916,NA,0,0,3,1198,1,39.22,0,NA,62.79,4,42.19,45.31,NA,56.19,43.76,4,38.61,42.26,44.27,36.92,726,301,NA,559,47.77,2,43.38,56.17,1,1215,50.37,0,1,55.26,5,53.86,1
1587,0,47,2,6,1,2050,48.95,0,55.54,1130,0,47.59,NA,1448,3142,1027,1399,694,1,1,2,622,0,47.2,0,1162,NA,2,36.63,42.65,54.49,53.97,NA,2,49.72,37.76,48.39,41.24,890,908,659,997,58.75,NA,45.18,42.74,0,917,47.78,4,1,43.48,1,NA,NA
1588,1,39,4,3,0,1568,53.83,3,60.06,1417,1,43.48,2045,1558,2304,3265,1970,1015,0,0,5,NA,1,56.53,0,2568,53.06,2,66.35,50.92,63.61,50.86,65.91,0,48.68,33.39,44.04,NA,2718,1858,1665,3221,NA,NA,62.74,53.74,1,NA,53.07,3,1,60.33,0,37.57,NA
1589,0,62,6,2,0,2592,63.02,3,51.85,NA,0,47.61,1276,962,1167,1794,1382,NA,0,0,4,895,0,45.92,0,1988,37.35,6,NA,60.95,64.63,57.02,45.74,2,55.77,51.46,50.1,44.31,2248,1790,2260,3106,51.81,NA,52.54,48.38,1,1291,42.3,3,0,37.73,3,56,0
1590,0,37,6,9,0,2016,36.52,3,35.33,1484,0,30.99,2363,1043,1127,1614,1775,NA,0,0,6,4272,0,61.67,1,1217,45.1,5,61.25,49.46,39.24,57.19,70,4,43.8,53.09,NA,48,1912,1670,1279,2129,54.37,5,67.49,52.83,1,2173,41.65,4,0,41.38,2,55.95,NA
1591,0,35,4,5,0,1684,58.26,0,45.38,3407,0,49.66,2785,952,1741,762,1501,647,0,1,NA,1451,0,50.21,1,1696,37.11,5,60.12,58.47,46.63,63.95,50.1,3,51.61,67.26,NA,60.22,3553,NA,2668,NA,53.63,NA,34.72,32.7,0,686,24.55,6,1,33.6,2,37.59,1
1592,0,40,7,2,1,2185,51.43,NA,57.77,1459,1,76.56,7904,NA,2585,4467,2013,NA,0,1,2,2154,0,33.61,0,746,54.31,NA,49.29,55.79,44.09,53.76,41.15,2,59.49,40.26,60.26,70.77,1656,2306,1814,NA,58.57,NA,66.44,NA,0,2755,42.17,NA,0,50.61,5,45.16,NA
1593,0,26,6,1,1,2759,48.83,2,58.04,661,1,44.34,2820,2534,1487,6595,2746,1074,0,1,4,1440,0,46.39,1,NA,54.09,5,56.44,58.76,65.49,55.24,40.18,3,57.82,51.97,38.26,55.19,1218,678,NA,1377,NA,2,45.76,NA,1,2725,58.97,1,1,62.77,3,NA,1
1594,0,41,14,7,1,949,50.08,4,40.96,1021,1,42.39,763,1460,839,1175,692,1725,0,0,2,910,1,43.52,0,887,53.38,6,54.32,48.01,56.93,51.47,41.14,NA,47.29,42.51,70.05,45.78,NA,377,913,697,56.71,0,35.84,40.43,0,645,37.58,3,1,52.11,1,56.54,0
1595,0,50,6,5,1,1591,58.86,NA,42.16,783,NA,NA,NA,1845,1057,1545,910,NA,NA,0,0,604,1,39.58,NA,NA,43.37,0,28.12,42.71,42.68,41.81,51.8,NA,49.66,58.75,43.58,44.75,1625,1540,4496,NA,58.11,5,23.26,53.38,1,NA,59.56,2,NA,NA,3,NA,0
1596,0,23,5,2,0,3236,42.71,2,48.19,1072,0,38.53,1039,892,3939,1939,1129,NA,0,NA,NA,2161,1,52.21,1,2878,60.44,3,49.26,54.74,36.61,41.32,45.57,2,47.64,48.59,49.48,42.09,NA,2013,2716,2765,57,2,39.77,67.19,1,3752,64.41,3,0,46.44,5,59.06,1
1597,1,63,3,4,1,1613,NA,5,54.09,709,0,48.62,1329,420,863,846,1968,758,0,1,3,NA,NA,64.29,1,865,57.61,3,NA,35.92,57.98,36.16,NA,2,36.7,46.87,47.4,54.39,2386,1407,1474,1029,78.36,NA,55.99,45.1,0,692,48.9,4,NA,27.84,1,48.7,0
1598,0,35,6,1,1,2183,55.7,4,38.17,2572,0,59.7,1754,1735,906,1486,NA,1563,1,1,NA,1431,0,42.21,NA,650,NA,3,50.63,61.66,54.19,65.85,66.89,3,NA,49.7,47.79,52.73,602,471,464,677,52.23,4,45.82,39.06,1,1741,51.9,4,0,59.73,2,43.3,0
1599,0,42,13,3,1,2749,39.16,2,65.2,1114,1,57.93,1792,1549,1172,1632,3981,1387,0,1,3,NA,0,58.91,0,554,61.84,4,49.54,57.23,53.09,NA,54.53,5,NA,41.32,54.78,51.61,1098,893,1389,NA,45.72,4,64.77,46.24,0,1642,42.02,2,NA,51.34,3,50.94,0
1600,1,32,8,5,0,2320,50.02,3,60.23,1479,0,55.07,1577,1943,3302,1461,NA,2590,1,1,3,594,0,56.96,0,NA,46.4,3,54.64,51.3,43.04,55.57,52.44,1,46.11,48.74,34.41,63.38,760,1086,1023,697,44.74,2,66.04,60.51,0,NA,64.52,NA,0,64.42,4,NA,1
1601,1,45,6,4,1,1432,32.64,3,42.89,2144,NA,49.18,1497,834,1188,1990,989,986,1,NA,4,424,NA,NA,1,2740,46.55,2,67.21,60.1,40.06,51.59,49.46,2,52.29,50.5,60.84,NA,NA,654,NA,672,69.02,4,42.32,32.71,0,1261,54.04,4,0,51.36,2,38.73,1
1602,0,70,5,6,1,1497,49.15,2,33.77,607,0,52.68,1765,1127,1397,2331,7895,1243,NA,0,3,630,1,52.57,0,NA,53.71,3,NA,59.99,66.22,40.9,NA,3,57.93,NA,47.25,44.35,5025,4656,4822,3907,56.4,4,61.85,47.08,1,1473,35.23,3,0,62.6,4,50.06,NA
1603,0,34,12,3,0,1719,49.84,6,48.86,551,1,29.4,1076,715,663,590,NA,NA,0,0,2,1335,0,43.38,0,2271,58.6,0,53.63,38.89,48.85,56.09,NA,4,40.82,38.5,NA,34.71,1581,2273,1407,1183,41.4,2,57.04,37.14,1,684,36.66,4,NA,38.19,0,27.73,1
1604,0,38,6,3,0,10244,41.39,5,72.62,778,0,35.71,3270,1925,2268,3145,1874,1997,1,0,4,1864,1,63.27,0,NA,47.48,1,41.83,59.93,57.26,39.14,61.81,2,52.83,72.97,56.38,49.23,932,1494,2060,2444,43.54,5,54.19,48.65,1,1856,60.16,4,0,46.43,3,43.98,0
1605,0,56,15,3,1,10097,78.57,2,51.74,3369,NA,53.44,2965,896,579,561,1150,1325,1,1,5,2198,1,75.8,0,4193,51.75,0,42.49,62.22,45.31,45.9,60.65,4,50.02,42.35,NA,50.86,NA,6295,13927,6792,59.19,5,47.08,37.2,1,698,55.94,4,NA,52.12,1,42.18,1
1606,1,33,4,3,1,1292,43.39,3,NA,1333,0,44.27,2180,1326,3585,1026,3353,973,1,0,NA,2377,1,41.16,1,2174,50.73,4,42.77,48.08,51.28,48.49,NA,2,NA,43.74,44.29,38.88,969,651,767,NA,45.04,1,43.39,46.12,0,631,48.68,5,1,48.79,2,56.4,1
1607,0,41,2,3,1,2449,47.26,3,52.3,2099,0,54.01,2601,3056,1946,1052,1620,1201,0,1,3,486,1,54.26,1,NA,46.69,3,NA,NA,34.53,42.25,54.43,4,34.76,45.36,38.55,55.11,1231,1511,1977,1710,44.39,1,31.42,47.41,1,1567,64.78,5,1,44.02,2,NA,1
1608,0,42,9,7,1,1175,39.93,4,34.65,1438,0,38.91,1285,804,1808,1110,1566,1184,0,0,2,1908,1,54.41,1,1548,NA,5,59.62,36.55,39.05,54.38,52.55,3,66,36.95,35.21,49.68,1194,832,846,429,45.88,NA,38.67,34.59,0,1196,23.98,5,NA,41.75,2,47.38,0
1609,1,54,5,3,1,1935,54.13,2,56.07,1513,0,63.9,1236,1751,1397,4675,NA,601,0,0,0,1456,0,39.9,1,567,59.76,4,NA,53.29,32.91,59.09,56.5,4,NA,51.01,62.02,NA,1332,854,NA,880,NA,6,38.31,45.37,1,871,NA,NA,1,NA,2,36.49,0
1610,0,36,11,4,0,896,45.39,4,56.45,2018,1,38.94,502,1189,1126,2109,NA,850,0,0,5,887,0,52.36,0,1083,45.53,0,48.98,74.69,NA,48.46,59.68,2,50.84,56.71,48.59,48.52,1258,1447,2196,1239,50.01,5,53.83,62.56,NA,2227,40.53,3,1,48.52,3,38.58,1
1611,0,41,9,4,1,1019,50.36,NA,59.54,800,0,29.79,914,1605,1993,462,1843,NA,1,1,1,NA,1,32.92,0,900,60.49,3,72.25,65.57,63.88,59.61,58.51,6,61.23,34.38,36.28,37.6,NA,NA,NA,832,57.01,2,50.52,40.21,1,1740,50.74,5,NA,38.26,3,40.04,NA
1612,0,54,8,5,0,1850,48.44,4,42.99,3378,0,55.69,930,1235,1026,NA,1752,1884,0,0,6,1336,1,53.54,NA,1967,57.09,4,49.88,36.83,66.17,48.17,37.58,3,54.28,56.06,32.82,69.53,573,732,962,950,45.69,2,58.85,47.05,0,1010,45.98,3,0,45,4,74.16,0
1613,1,32,13,9,1,2345,43.18,8,42.19,523,0,34.64,NA,1650,1238,1781,1958,2221,1,1,4,1442,0,58.68,1,3935,37.46,4,50.44,39.6,33.79,37.61,37.52,2,39.81,51.51,39.2,42.6,1210,1527,2410,1622,52.05,3,30.14,62.56,0,1891,52.52,3,NA,55.07,5,47.12,0
1614,1,27,10,1,0,1497,43.52,5,54.79,1000,0,66.27,1726,393,1455,691,800,1075,1,1,5,2494,0,54.14,0,1117,NA,4,54.66,45.2,38.09,NA,46.07,4,49.62,59.31,50.11,37.12,1085,576,NA,1564,44,0,56.71,59.19,1,2601,55.02,2,NA,53.83,4,54.54,NA
1615,0,53,14,5,1,3384,38.02,2,40.39,752,1,52.18,666,995,773,1023,708,705,NA,0,4,NA,1,50.25,1,1578,64.39,4,45.31,56.33,63.3,31.35,48.57,NA,47.32,54.88,62.02,NA,1481,1348,1101,1091,47.64,4,52.14,45.36,0,NA,49.11,2,0,46.13,4,37.26,1
1616,1,28,15,2,1,3236,64.81,2,NA,1915,0,80.32,1336,NA,1808,2251,3948,920,0,1,2,NA,0,44.36,NA,NA,54.28,5,60.66,52.63,54.2,55.66,71.64,2,48.74,47.99,NA,50.17,2213,1996,NA,2921,52.14,5,72.96,NA,1,1493,76.81,2,0,55.02,5,70.48,1
1617,0,46,6,2,0,1669,61.8,4,56.4,835,0,39.61,NA,566,788,1919,765,773,0,0,3,NA,0,50.84,0,778,20.83,2,51.6,52.63,45.93,39.74,27.68,2,63.23,51.42,32.34,48.75,1916,2138,1965,2462,48.97,4,65.56,67.33,NA,886,63.65,4,1,49.76,3,45.13,0
1618,1,49,3,2,0,2539,53.15,3,43.05,903,1,53.4,3132,983,1870,1574,4524,872,0,0,3,1881,1,41.69,0,1310,57.25,5,49.95,45.03,NA,NA,46.29,4,31.11,31.41,49.08,54.44,1116,724,778,NA,61.72,4,49.52,62.85,1,2130,61.72,NA,1,52.93,5,57.9,1
1619,0,33,7,5,0,1765,34.39,2,51.95,4906,0,54.03,731,1300,745,957,1149,NA,0,0,4,966,0,42.71,0,800,38.51,0,57.69,63.61,44,44.23,NA,4,42.84,NA,39.59,50.18,2065,1053,1527,1132,56.93,1,45.9,59.03,NA,1442,45.12,3,1,53.2,0,NA,NA
1620,0,48,2,3,1,1126,47.08,3,47.69,776,1,68.58,1618,753,1097,2684,502,NA,0,0,2,644,1,35.24,0,3544,50.47,1,58.12,38.91,43.49,NA,56.66,2,34.7,35.64,60.14,39.65,1155,845,1210,653,34,2,45.03,NA,0,1667,60.41,NA,NA,55.09,1,47.08,NA
1621,1,25,8,3,1,4642,53.66,5,43.97,370,0,51.76,2448,3375,2428,2858,1851,1932,0,0,NA,2469,0,59.12,0,1318,25.69,2,63.71,64.58,47.76,NA,75.5,3,58.19,46.23,59.11,55.23,1666,2139,2182,3376,53.41,1,64.11,44.92,1,1384,56.95,5,1,41.21,1,44.81,1
1622,0,46,10,5,0,1858,NA,1,57.79,2911,1,50.51,634,1081,971,784,1890,NA,1,0,1,1406,NA,52.33,1,944,46.45,2,47.98,61.79,63.41,NA,42.89,4,44.79,47.06,59.1,41.17,1223,1140,NA,2006,38.56,0,49.23,67.2,1,1323,55.84,2,0,48.35,5,NA,1
1623,0,31,12,4,0,6098,54.84,4,NA,1634,NA,47.66,1921,1356,1543,1413,1143,1223,NA,1,NA,2060,1,38.81,1,1269,50.52,3,38.64,38,60.17,59.48,NA,NA,52.49,50.02,24.44,51.94,1103,1097,2015,1482,46.36,2,55.06,60.27,0,1390,57.65,2,NA,53.08,5,39.79,1
1624,0,32,11,3,1,1232,46.09,3,45.62,2272,0,59.79,1148,1207,1983,1007,680,746,1,1,4,2288,0,36.42,0,711,83.8,3,52.09,40.37,41.63,61.74,58.1,3,45.4,46.45,46.39,32.49,2225,2711,1730,1871,NA,1,57.12,50.78,1,1219,48.91,3,0,49.72,4,NA,0
1625,1,44,7,1,0,1727,48.38,1,53.69,1731,0,48.3,534,2675,938,1205,1097,1771,0,0,4,NA,1,51.58,NA,NA,42.87,1,64.85,51.58,41.43,NA,54.93,4,NA,62.7,NA,58.65,953,873,1571,1669,68.23,4,72.34,52.43,0,1814,56.31,2,0,48.67,3,54.47,0
1626,1,46,7,7,1,902,34.17,2,61.42,1230,1,38.89,2387,2892,NA,1018,1251,NA,1,1,4,1241,1,50.29,NA,825,60.55,2,39.4,67.71,64.07,67.59,NA,5,43.4,NA,63.2,64.03,1686,2804,1725,1765,45.26,3,59.74,NA,1,NA,41.36,2,0,50.75,2,49.26,1
1627,0,33,2,3,0,3634,36.66,4,56.4,1042,0,46.22,552,572,1176,549,552,987,0,0,6,2694,NA,NA,0,1792,53.58,5,54.91,NA,55.12,53.28,50.11,5,35.94,43.89,28.33,38.26,787,940,401,903,58.04,5,36.12,46.22,0,726,48.39,4,1,NA,3,46.78,0
1628,0,18,10,2,1,8275,56.16,2,69.57,682,0,44.31,1412,1316,1580,2416,2147,687,0,1,3,1203,0,43.65,NA,536,66.97,0,38.38,36.34,NA,58.2,38.28,0,48.05,42.33,36.79,NA,1857,1120,2084,1829,45.51,1,45.73,64.59,1,1431,57.56,0,0,65.52,5,79.28,1
1629,0,43,11,6,1,1459,NA,3,42.69,1411,1,53.18,2267,2248,1538,1034,1426,2291,1,0,NA,NA,1,55.49,1,1367,55.71,4,41.21,49.4,52.57,38.57,40.82,7,55.01,44.85,39.64,NA,816,1100,1117,1206,62.08,4,45.56,58.03,0,1317,51.69,0,1,43.99,4,NA,1
1630,1,33,6,3,0,2062,47.33,4,52.21,1272,0,36.91,1147,1949,NA,1224,NA,1093,0,NA,3,1275,1,44.9,1,NA,37.46,1,47.96,49.25,48.65,55.54,60.46,3,53.91,70.89,NA,38.46,1010,1196,1058,1020,65.8,3,63.34,NA,0,1157,66.02,NA,1,66.7,3,44.65,1
1631,1,46,3,4,1,2679,59.43,5,61.72,695,0,52.94,1590,976,1465,2015,1269,674,0,1,4,840,0,57.85,0,579,36.65,2,57.16,47.18,61.28,41.81,61.5,5,65.44,39.61,60.14,59.25,1409,2038,1839,867,NA,4,55.79,34.18,0,672,43.46,3,0,53.26,1,40.4,NA
1632,1,27,11,1,0,2681,50.67,0,77.97,1923,1,55.52,3003,NA,6241,5177,4109,937,0,1,4,NA,0,NA,0,1038,60.96,4,48.44,49.01,53.79,52.14,29.29,NA,47.27,NA,42.15,57.34,1439,2085,1982,1756,62.49,5,33.76,72.15,1,1452,65.54,1,1,59.35,4,45.55,1
1633,0,36,5,6,1,1641,42.05,4,56.59,3518,1,55.94,2843,3196,2103,2491,2629,1965,0,1,4,1497,0,58.29,0,2682,63.15,1,53.37,46.24,44.31,45.84,41.35,3,48.29,59.26,50.46,45.32,1741,1602,2413,1306,39.78,NA,44.04,NA,0,589,30.78,5,1,NA,0,37.45,1
1634,0,34,6,2,1,1428,17.2,1,33.97,2395,0,27.95,1453,1557,528,1912,571,1710,0,0,0,2412,1,47.25,1,687,52,5,51.1,43.95,45.47,59.02,54.69,2,62.04,50.71,52.84,42.47,808,752,1513,1334,41.12,0,45.09,61.3,1,1705,60.39,NA,NA,55.14,2,52.66,1
1635,0,44,11,4,0,1860,NA,4,46.9,878,0,28.34,1689,1242,1243,849,1312,839,1,0,2,NA,0,47.89,1,952,55.36,2,NA,48.17,27.19,60.66,47.29,2,36.64,49.36,59.89,58.75,698,1115,925,480,47.86,2,47.51,37.11,0,491,31.78,5,0,48.28,2,33.36,0
1636,1,54,8,7,0,1234,46.98,5,47.67,1247,1,38.22,1332,805,760,1022,392,613,1,1,4,1745,NA,40.82,0,966,62.21,3,53.85,46.92,63.41,NA,35.74,NA,53.05,42.43,67.27,46.53,994,839,1710,792,46.13,6,40.74,49.28,1,890,28.28,5,0,42.75,2,49.04,0
1637,1,49,7,2,0,3235,52.13,4,53.21,1572,0,43.25,1734,802,1672,6246,1567,2090,0,0,3,3017,1,46.37,0,3111,43.87,1,56.35,52.99,47.78,44.94,57.5,4,68.74,43.6,51.88,57.67,966,737,969,1075,63.24,2,58.99,51.38,0,1097,55.82,4,0,54.41,3,54.68,0
1638,0,50,5,5,0,1808,56.86,3,49.97,1792,1,47.83,2310,1562,2190,2632,2665,754,1,0,3,511,0,33.06,1,1021,57.63,2,NA,36.88,46.71,31.45,53.03,5,53.33,NA,41.72,44.01,2761,1711,1852,1965,52.91,3,56.19,51.24,0,770,61.28,4,0,58.61,5,67.27,0
1639,0,49,10,4,0,8630,72.02,2,68.02,3375,1,74.99,2119,1005,1901,4508,2272,1285,0,NA,6,664,0,51.23,0,1483,65.1,3,NA,46.43,NA,NA,45.55,5,49.03,51.69,45.06,66.4,3417,2805,NA,3055,40.1,NA,77.29,71.04,0,4116,67.9,0,1,54.46,6,68.87,NA
1640,0,49,10,4,1,1880,38.59,2,25.66,590,NA,45.72,NA,1172,1535,1884,2766,1086,NA,NA,0,731,0,52.69,NA,1881,36.21,3,67.87,58.57,42.78,54.35,NA,5,55.13,59.07,54.15,57.97,3666,3478,1842,2083,63.25,2,45.84,49.51,1,1491,58.12,6,NA,43.57,3,NA,NA
1641,0,38,7,4,1,2420,49.63,1,NA,1880,1,51,1491,1004,1849,NA,428,1161,0,0,4,NA,1,52.14,0,1214,51.88,4,39.4,44.17,55.39,49.66,34.49,6,39,61.8,NA,52.01,672,622,691,909,51.79,3,46.1,25.67,1,NA,20.31,5,1,39.52,3,52.4,NA
1642,0,44,17,1,0,8215,42.66,3,52.11,2280,1,48.91,3198,1375,1255,1410,3084,1569,0,1,3,2546,1,66,NA,4088,40.79,2,39.44,67.49,69.37,67.44,45.41,3,63.79,62.74,29.99,50.43,3154,5065,NA,NA,65.66,5,NA,78.5,0,2176,59.15,1,0,64.77,5,72.88,NA
1643,0,31,7,3,1,3709,55.29,0,59.06,2773,0,59.92,NA,2230,648,875,843,1475,1,1,4,1263,1,55.8,NA,3375,31,4,63.65,41.38,45.8,64.35,42.65,2,64.65,41.7,55.86,51.41,976,735,826,563,41.45,3,49.18,42.05,0,638,51.25,3,NA,53.05,4,36.8,NA
1644,0,22,5,5,0,6639,45.8,1,66.84,2530,1,51.4,666,1522,1392,981,NA,3171,1,1,5,1135,NA,49.45,1,3444,49.82,2,45.67,39.55,45.79,47.6,49.92,NA,59.61,46.01,50.27,54.65,2251,1457,1743,1934,57.89,3,NA,62.4,0,1725,66.19,4,0,46.92,2,53.18,1
1645,0,38,5,6,1,1501,42.36,0,71.35,NA,0,NA,NA,1077,561,1670,2380,NA,1,1,4,2929,1,54.42,NA,1042,44.31,5,46.59,51.25,51.9,51.45,65.79,3,45.41,53.97,41.05,NA,1327,1764,1594,1531,46.52,2,61.67,52.86,NA,1597,48.2,3,1,57.41,0,50.31,0
1646,1,34,2,7,1,1577,69.17,4,NA,1945,NA,47.91,1197,968,449,2708,1211,4386,0,0,5,699,0,43.7,0,3481,40.42,7,50.92,43.97,54.84,47.36,51.08,NA,47.01,61.81,45.09,67.53,670,658,NA,1115,NA,4,38.4,48.8,0,1474,39.08,3,0,32.32,1,31.77,NA
1647,0,50,8,3,0,2316,59.36,4,NA,1242,1,37.93,861,2317,1538,1802,NA,NA,0,0,3,314,1,42.14,NA,1426,57.13,5,40.13,47.37,56.32,59.78,50.16,2,42.96,42.27,52.31,NA,2028,1228,903,1126,62.52,4,53.34,34.94,0,1116,41.62,5,NA,33.28,1,51.97,0
1648,0,60,7,2,1,1081,NA,4,43.89,1253,0,38.03,1870,788,1566,NA,1427,767,0,0,1,NA,1,42.4,1,1347,56.41,4,44.81,37.61,36.82,43.86,30.3,2,27.87,NA,51.82,50.06,820,1072,2250,964,70,3,50.69,41.37,0,1727,44.57,4,NA,66.48,3,51.34,1
1649,0,39,7,3,0,1633,45.4,3,38.5,554,0,53.25,NA,959,359,1267,1239,1500,NA,1,3,3021,1,66.52,1,1345,63.3,6,72,55.83,39.66,NA,58.36,3,55.02,46.54,53.45,68.59,1134,919,1641,577,47.84,2,39.38,44.22,1,1438,30.61,5,0,34.7,2,42.06,0
1650,1,52,7,4,0,4628,NA,3,53.33,1421,NA,61.02,1623,1156,1550,1144,1199,2010,NA,0,7,1258,1,60.75,1,3142,49.25,2,59.85,62.42,61.31,NA,NA,2,35.35,41.47,NA,53.37,1664,NA,3130,3455,52.68,3,51.06,52.83,NA,523,41.08,5,1,42.66,4,62.12,1
1651,0,43,8,6,0,2878,74.9,1,47.36,2467,NA,70.08,1350,1525,1309,569,2072,1326,0,1,3,NA,0,51.97,1,1783,46.57,4,34.88,53.9,NA,37.07,46.51,0,56.03,74.66,38.54,47.51,1418,1457,1198,1265,44.18,1,36.69,52.57,1,2326,49.73,1,1,46.24,3,46.25,0
1652,0,57,-0,10,0,2185,52.95,3,39.7,827,1,38.84,2398,1661,1561,2579,1340,784,1,0,0,512,0,NA,0,1426,59.66,4,54.84,41.61,49.96,66.4,32.57,2,46.34,53.1,38.22,NA,4163,6588,NA,2543,NA,3,52.76,40.7,1,1135,39.06,4,1,33.76,3,38.22,NA
1653,0,41,9,3,1,1617,59.22,4,52.97,NA,1,49.09,1291,1560,1109,2020,NA,509,NA,0,3,2863,0,42.73,0,1184,58.18,7,40.72,31.4,NA,41.02,27.78,3,58.22,36.81,NA,38.98,477,704,904,738,51.17,3,38.6,NA,1,2111,56.85,1,0,70.9,4,54.1,1
1654,0,47,4,7,1,1154,45.23,2,62.87,1678,1,66.03,1562,2070,2119,1773,2556,NA,NA,0,4,1263,0,56.34,1,1104,61.29,3,61,42.64,NA,NA,41.26,3,37.89,52.01,37.88,NA,1940,1814,1345,1319,35.29,0,58.76,44.84,1,1569,42.66,3,1,62.65,3,40.1,1
1655,0,47,8,1,1,3925,45.48,3,37.46,889,0,53.72,2163,2309,1887,2333,8199,419,1,0,3,562,0,31.21,0,1376,51.98,2,54.65,40.28,54.79,50.94,34.57,2,36.77,50,60.27,29.41,1959,2247,1527,2014,45.89,3,41.2,56.5,1,1174,57.73,3,1,47.7,6,63.12,0
1656,0,42,0,5,1,1297,57.92,4,34.7,1557,0,26.25,570,621,1381,560,1544,1298,1,1,2,1767,1,53.02,0,NA,39.88,3,NA,44.86,55.54,67.59,51.63,0,45.4,50.64,NA,51.47,3151,2808,4006,4678,55.26,6,33.97,40.72,1,3065,49.95,3,1,61.53,5,51.89,0
1657,0,43,9,6,1,1347,52.46,2,43.09,1033,1,NA,2072,3020,432,1516,1386,2749,1,0,4,1204,0,59.42,0,1867,NA,2,62.01,73.91,46.54,31.65,61.88,4,NA,41.18,43.68,53.99,2030,1536,1676,1778,79.84,4,42.53,61.78,0,3301,68.22,0,1,68.36,NA,NA,NA
1658,0,29,10,6,1,1452,43.85,NA,52.69,974,1,45.27,2140,896,2195,522,563,2179,0,1,NA,1524,0,58.68,1,1571,51.21,NA,52.64,33.7,63.93,37.71,40.04,1,45.66,39.71,47.03,NA,1376,1581,NA,1594,37.84,0,37.43,42.46,1,1005,37.83,4,1,50.67,3,NA,0
1659,1,41,2,7,1,670,NA,4,35.74,2314,0,NA,891,1197,1379,793,996,NA,0,0,3,1362,0,44.07,1,1100,52.27,0,28.1,NA,NA,38.08,72.83,4,46.38,42.6,43.99,39.86,1058,946,965,1821,53.95,0,NA,47.31,0,935,42.06,4,0,25.03,2,37.49,0
1660,1,63,4,5,1,1523,48.49,2,31.95,1764,1,49.41,1078,1832,873,1307,414,3790,1,0,3,NA,1,50.9,NA,2095,63.23,4,45.54,43.15,52.55,62.43,47.03,4,64.26,57.32,50.44,46.63,1756,1056,1263,1423,59.04,3,51.45,NA,0,1452,NA,1,0,64.89,6,62,0
1661,1,33,7,3,1,998,48.4,4,51.72,1195,1,48.07,640,NA,720,704,652,665,0,0,0,684,0,31.84,0,1269,54.79,5,46.51,35.71,32.83,33.02,NA,5,NA,37.66,49.7,43.41,3352,2457,1439,2834,43.68,3,51.24,64.2,0,3182,59.56,6,1,55.03,6,67.91,1
1662,0,28,7,5,1,651,NA,4,47.58,1185,0,NA,1624,4328,2636,3361,2795,850,0,1,2,1284,1,56.01,1,1743,59.48,7,48.34,54.94,44.84,34.87,40.9,3,26.66,31.71,37.84,NA,1007,710,492,627,51.11,0,44.52,NA,1,NA,43.67,4,NA,39.06,2,37.48,1
1663,1,42,8,2,1,4985,58.4,2,54.5,2040,1,49.68,1796,1664,1678,2813,1358,1801,1,NA,3,1921,0,62.02,0,714,50.33,0,53.66,49.36,38.44,56.27,48.15,1,NA,64.54,43.05,56.86,3700,2684,3856,4468,50.45,4,64.63,NA,0,3251,77.07,1,0,51.21,4,53.92,1
1664,1,56,7,6,0,1657,NA,3,58.92,1279,1,38.98,2141,1699,788,845,1402,1589,0,0,NA,1185,NA,45.96,0,NA,39.77,1,47.98,52.96,50.97,61.68,NA,4,59.94,68.52,54.61,NA,557,433,551,774,65.29,4,NA,62.31,1,2139,35.39,5,0,42.03,5,60.24,1
1665,0,49,14,3,0,3494,36.91,3,57.62,1373,NA,57.4,1792,852,661,2425,928,3093,NA,1,5,1399,0,72.64,1,4462,51.94,5,61.26,45.41,36.54,57.51,56.92,1,58.89,66.78,52.45,49.83,1919,4207,4016,3049,59.76,2,63.06,52.18,1,5515,NA,2,0,73.85,6,61.02,1
1666,1,44,10,7,1,2843,36.89,4,41.21,602,NA,53.55,2001,2130,1860,3769,NA,NA,1,1,4,606,1,NA,0,546,50.39,4,55.94,NA,NA,52.87,40.44,2,69.76,56.88,56.35,59.11,2507,2364,1890,NA,52.82,5,52.15,NA,1,1293,51.38,6,1,44.37,1,57.79,1
1667,0,56,2,4,0,1044,57.29,4,38.08,1572,0,42.89,1251,1541,2452,1000,501,1617,1,0,NA,911,1,50.47,1,1657,49.83,2,NA,58.84,58.45,47.99,36.18,3,50.74,58.22,38.85,67.88,3083,2709,3167,4405,56.32,2,22.03,53.96,1,424,47.63,3,0,50.03,3,62.84,0
1668,0,30,9,4,1,1146,56.75,3,51.34,1560,1,51.74,1661,1217,735,1671,1734,753,1,0,2,1075,NA,39.34,NA,NA,53.81,1,65.73,48.86,39.91,64.95,50.17,1,45.46,53.49,60.46,55.46,939,952,956,645,47.26,1,54.33,37.51,1,568,42.33,7,NA,37.53,0,28.29,NA
1669,0,38,12,3,0,1537,NA,4,55.45,1555,0,57,1270,632,1389,773,312,807,0,0,2,NA,1,39.6,1,2021,38.06,0,NA,52.27,39.25,48.65,36.81,4,44.54,48.27,73.65,47.07,1826,1714,1478,1409,51.56,2,49.32,64.08,0,1688,50.02,4,1,62.58,4,48.95,1
1670,0,20,12,6,1,1555,31.62,0,49.33,3760,0,69.2,2357,1100,NA,2712,1751,2675,0,1,1,NA,1,49.51,1,2389,53.09,4,50.39,58.59,64.04,60.71,54.39,NA,45.66,44.33,32.61,NA,569,671,382,558,35.79,4,60.18,44.16,1,933,53.08,1,0,33.64,2,44.9,1
1671,0,36,9,1,1,2004,55.78,2,48.89,2145,0,42.71,1456,1852,2855,1202,3403,906,0,0,1,1659,1,42.93,1,NA,65.49,6,NA,47.74,51,48.08,58.65,5,58.44,52.05,52.73,34.17,920,798,1455,1265,52.3,3,51.85,49.52,0,NA,58.46,2,1,53.69,5,53.06,0
1672,0,47,9,5,0,1708,55.04,4,38.71,694,0,52.23,1374,966,456,1790,1633,1205,0,1,5,2160,1,65.94,1,1362,41.07,5,NA,29.37,49.06,52.26,51.58,2,18.56,56.46,56.71,46.86,2536,2267,2207,2385,40.58,3,38.13,32.96,0,897,35.33,4,1,49.62,2,39.69,0
1673,0,23,8,3,1,2279,72.38,1,52.35,1578,0,73.15,1038,NA,1288,1833,639,520,0,0,1,3526,0,62.81,0,1043,51.6,2,47.49,36.26,50.72,NA,36.89,4,51.27,NA,NA,NA,3656,1305,1678,1721,38.87,NA,73.39,53.99,1,1669,29.17,4,0,40.88,2,58.03,1
1674,1,36,4,8,1,1634,56.4,4,29.7,539,1,49.23,1186,1032,1035,NA,NA,1659,0,1,3,2959,1,NA,0,2112,47.71,2,36.24,34.8,52.77,47.71,38.79,2,50.96,43.89,NA,31.57,NA,2664,2259,NA,37.19,4,49.35,36.72,0,692,44.02,NA,1,42.76,2,29.81,1
1675,1,59,8,4,1,1636,48.82,6,35.27,2959,NA,NA,NA,1901,2092,897,1527,1766,NA,0,2,831,1,56.35,1,762,56.97,4,40.23,48.65,39.57,27.3,NA,6,58.97,31.78,57.04,58.82,722,677,982,NA,61.62,3,40.78,57.9,0,957,NA,1,1,44.76,3,NA,1
1676,0,49,10,5,0,4857,38.68,3,41.29,987,0,33.37,NA,2004,1315,1327,1563,612,1,1,0,1307,0,38.48,0,1259,NA,4,60.64,42.73,39.8,44.59,51.82,4,30.5,50.85,53.52,35.98,1866,1465,2083,2843,43.03,5,65.68,39.14,0,1022,39.7,3,1,49.71,2,NA,1
1677,1,26,11,4,1,4812,64.03,1,58.34,3818,0,65.49,1605,1013,985,1372,1996,711,1,0,3,1150,0,51.32,1,1343,43.67,6,54.14,NA,60.06,69.95,NA,3,59.01,43.25,52.99,39.34,1217,1269,1381,1293,62.74,6,69.93,55.36,1,2318,53.04,NA,0,45.56,4,55.29,1
1678,0,46,4,1,1,2027,46.35,2,49.94,779,0,NA,1385,782,2472,1934,1062,927,NA,0,3,968,0,42.41,0,584,59.72,0,62.12,52,45.1,54.8,64.11,1,29.46,50.14,52.48,44.39,637,861,NA,901,52.14,5,37.62,47.27,1,1826,53.09,2,0,54.65,NA,53.46,1
1679,0,35,15,7,1,3458,59.9,2,NA,2566,NA,51.47,1023,2452,779,1745,680,1466,0,0,1,1136,0,37.24,1,1666,NA,2,41.83,50.93,36.86,59,NA,5,46.68,34.19,62.13,42.52,1048,1128,1408,1135,55.64,1,48.78,46.75,0,1775,60.12,3,0,40.25,1,46.06,0
1680,0,30,7,5,0,1378,48.76,6,56.97,1585,NA,41.48,NA,NA,1242,511,476,2902,0,0,4,659,1,NA,0,908,62.25,4,48.11,59.85,63.72,62.17,42.4,4,44.88,65.33,39.89,51.45,1394,1278,1129,1242,46.2,3,55.44,NA,0,1694,47.83,0,0,37.15,3,54.96,0
1681,1,46,12,5,1,3306,42.17,4,55.37,1044,0,64.05,2780,1669,1756,1167,1393,NA,NA,1,4,NA,1,62.85,1,1599,69.22,3,NA,66.62,55.85,40.32,34.22,NA,46.83,42.2,NA,42.09,541,888,507,491,42.63,2,56.18,63.62,1,1550,44.45,3,1,62.68,3,43.87,1
1682,0,44,13,1,0,5268,NA,3,60.32,2536,1,55.54,785,1386,928,1349,1004,1475,0,1,2,1369,0,46.86,1,1732,53.19,0,55.15,43.95,59.57,NA,65.19,2,57.84,26.93,50.78,61.66,2065,1550,NA,2398,51.95,3,70.17,54.22,0,1893,42.89,NA,1,47.08,5,50.62,1
1683,1,29,7,6,1,656,53.19,1,36.55,827,1,30.34,1176,1523,NA,2348,818,861,0,1,5,1908,0,55.64,0,1064,42.88,2,61.73,50.88,57.79,51.51,61.98,1,69.35,43.62,48.21,26.89,712,582,389,556,49.49,2,33.64,60.13,1,1386,NA,2,NA,54.96,4,45.98,1
1684,0,18,10,3,1,1645,63.91,1,50.35,2404,NA,50.31,1653,854,908,345,936,1001,1,1,4,1404,1,56.02,0,1411,48.22,5,38.34,55.55,54.1,35.52,NA,2,NA,42.66,60.47,45.4,2512,NA,3055,3410,NA,6,NA,46.39,1,2525,37.98,4,1,55.25,5,44.89,1
1685,1,26,5,5,0,4234,37.39,2,NA,1222,0,44.47,1131,2483,2359,641,2604,1651,NA,0,NA,NA,0,37.02,0,735,48.31,3,51.1,51.63,47.6,69.53,50.29,6,40.48,43.79,31.23,NA,430,849,614,829,52.65,2,56,61.58,1,3256,57.45,1,1,44.07,6,69.16,0
1686,0,61,13,3,0,4393,47.38,NA,59.39,2333,0,54.54,1350,1046,970,1332,1024,1146,1,1,4,1001,0,56.94,1,1755,60.13,1,44.02,45.96,50.72,55.82,NA,2,46.67,47,51.48,56.53,1230,1294,1133,960,38.46,4,58.98,NA,0,3339,70.94,2,1,71.23,2,44.41,0
1687,1,68,12,3,1,2779,52.34,3,53.7,2354,0,NA,3052,3383,2452,4355,1114,1563,1,1,8,3159,1,62.63,0,1428,62.05,3,34.98,47.58,69.12,41.83,42.06,NA,55.41,41.06,40.21,35.19,1436,801,1583,1436,47.09,3,50.17,NA,0,636,54.52,8,0,47.65,2,35.04,1
1688,0,22,6,3,0,1938,45.87,1,42.99,777,1,34.35,2181,883,892,624,1212,NA,0,1,4,1506,NA,39.37,0,435,NA,6,39.84,46.92,NA,62.52,68.91,5,59.86,NA,49.91,NA,2440,3611,1981,2917,38.22,2,50.66,NA,1,1483,54.92,4,1,55.07,1,46.51,0
1689,0,36,-0,4,0,2350,60.08,NA,38.76,897,0,45.14,995,1491,2248,1770,1117,1805,NA,1,4,1867,1,59.59,1,NA,47.78,2,46.45,36.47,35.89,45.18,47.19,7,54.21,58.42,56.55,44.31,1256,483,599,474,NA,0,48.22,28.23,1,990,38.7,1,0,37.1,3,48.31,0
1690,0,23,3,7,1,1001,47.69,5,49.74,2460,0,49.28,1181,943,1526,1369,2408,591,0,0,1,1125,0,52.49,NA,1246,43.19,4,58.57,25.39,59.03,40.32,52.87,5,28.85,46.16,26.27,49.23,1101,708,689,416,61.21,0,47.85,NA,1,2137,40.14,NA,0,60.03,2,59.18,1
1691,1,35,12,3,1,3155,65.16,3,58.88,2075,1,39.65,1551,4415,696,1411,2867,1844,0,0,4,948,1,57.28,0,2224,66.94,1,39.61,53.69,40.59,46.11,59.53,4,57.28,38.54,52.42,41.76,2091,2332,2629,2326,51.78,3,56.93,76.36,1,3639,56.52,1,0,NA,8,73.89,1
1692,0,21,9,5,1,1310,35.41,4,29.81,3010,0,44.97,NA,859,1048,1058,2019,NA,1,0,3,1043,0,47.44,NA,808,65.4,8,49.16,62.63,50.32,44.86,66.66,3,43.31,30.75,36.48,53.21,1453,1931,1630,1583,31.08,1,38.71,59.8,0,976,53.86,2,0,55.36,5,73.56,1
1693,0,53,9,3,1,3344,37.85,2,44.28,1181,0,50.19,3278,3736,3422,1205,3136,NA,0,1,5,1355,0,NA,0,1303,44.37,0,47.44,57.01,57.42,40.13,75.78,2,65.19,58.75,48.77,64.57,2385,1984,875,1330,49.5,4,71.09,54.9,0,869,50.73,6,1,32.77,1,48.83,1
1694,0,62,3,4,0,1045,NA,5,51.34,430,0,59.43,952,705,836,1232,639,1344,1,0,3,1129,0,54.08,0,1560,57.19,2,38.15,34.78,32.15,51.33,30.73,3,50,49.9,49.4,38.13,1414,1102,1139,NA,46.05,1,62.1,57.39,0,2205,55.72,NA,0,59.47,4,53.57,0
1695,0,18,3,4,1,2688,NA,1,52.38,2016,1,40.18,1839,1358,2179,3496,757,957,1,1,1,764,0,48.97,NA,NA,46.73,6,46.57,49.65,55.04,33.05,43.84,1,46.58,63.11,43.58,47.2,NA,875,552,1128,57.49,1,46.58,42.79,NA,881,38.4,6,1,30.34,2,41.25,1
1696,1,40,7,3,1,3490,51.35,4,51.1,611,0,43.16,1239,1904,1425,2388,2926,334,1,1,1,840,0,45.6,0,1589,48.23,0,54.57,62.95,58.89,47.98,55,1,54.07,44.61,41.53,66.08,1218,1054,NA,1097,54.28,5,54.01,59.85,0,1045,37.48,5,1,38.06,4,42.94,0
1697,0,38,1,5,0,717,44.08,4,71.62,760,0,45.21,2108,1709,1150,1263,659,NA,0,1,0,829,1,47.1,0,1165,63.43,3,39.77,36.25,45.08,43.79,NA,3,NA,54.07,43.08,40.06,2060,2424,1316,885,21.91,1,34.07,41.21,NA,688,48.67,NA,1,62.14,4,43.05,1
1698,1,38,5,2,0,2939,52.83,2,56.14,2806,1,68.81,1598,1553,1206,1954,1063,2104,1,0,2,1160,1,51.79,1,2691,50.9,1,55.01,61.55,62.18,52.73,60.52,1,NA,55.04,66.88,57.25,1003,1784,2654,2597,48.36,3,56.53,41.94,1,2194,58.68,3,1,40.46,1,46.19,0
1699,0,41,4,3,1,1222,42.64,7,37.4,660,NA,40.4,935,998,586,NA,937,NA,1,1,2,1670,NA,48.5,0,1219,55.78,3,48.7,49.7,NA,66.62,41.91,4,NA,39.31,69.16,39.24,NA,1652,1326,1285,41.25,0,NA,NA,0,864,51.76,2,1,43.44,3,40.58,NA
1700,0,50,8,6,0,2012,75.06,3,NA,1462,1,64.4,772,762,652,1269,1432,1556,1,0,3,1383,0,45.46,1,629,52.78,6,47.17,51.05,50.67,43.1,57.9,3,57.74,57.26,25.76,40.73,1186,1962,1285,939,NA,0,41.32,56.4,NA,2153,62.01,6,0,61.07,6,43.81,0
1701,0,46,9,7,0,2007,NA,3,NA,674,0,49.3,1442,1815,1090,1374,1896,2896,1,1,2,1307,NA,59.59,0,2257,55.19,2,44.68,64.1,59.19,59.1,63.2,4,63.91,49.77,66.51,52.48,1068,1927,NA,1410,50.58,2,NA,47.79,0,2041,56.78,NA,0,53.02,6,63.26,1
1702,1,41,4,2,0,1356,53.39,5,52.68,748,0,60.05,2150,2409,3657,4375,2469,1524,1,0,1,NA,1,45.91,0,665,49.14,5,46.35,50.43,65.44,50.7,40.58,4,59.59,67.56,69.92,58.62,1064,1057,945,1070,40.49,2,57.96,63.39,0,800,49.75,5,0,48.65,5,56.25,0
1703,0,18,10,2,1,2192,NA,2,60.61,1160,0,NA,801,756,NA,754,468,2200,1,0,2,694,0,49.02,0,NA,45.76,6,42.4,55.53,67.92,43.44,48.97,4,64.06,50.1,41.89,42.84,1488,1385,1732,1587,63.18,0,36.3,48.11,0,2901,55.49,2,0,43.01,5,56.84,1
1704,0,42,6,2,0,2198,42.14,2,47.57,866,0,NA,1962,2232,905,1807,722,1534,NA,1,2,NA,1,64.1,NA,NA,60.08,2,48.31,39.59,49.09,41.4,66.59,1,54.03,71.87,37.9,59.47,852,1652,1458,2247,NA,0,45.51,32.14,NA,354,41.37,NA,1,44.13,2,39.56,NA
1705,0,54,2,5,1,3382,64.8,6,44.82,953,0,45.39,876,974,541,NA,821,819,NA,1,0,988,1,48.73,NA,732,NA,2,44.3,49.41,37.11,36.89,57.61,4,50.74,55.53,58.16,61.63,1335,1194,1414,1594,46.54,3,55.04,33.54,0,1229,53.28,0,0,42.06,2,59.72,0
1706,0,18,8,6,1,1163,52.13,6,56.03,1173,0,50.47,844,829,541,247,1235,NA,1,0,1,365,1,50.11,0,1699,55.94,4,49.15,52.75,57.15,33.02,45.73,2,58.29,40.15,58.37,50.56,2157,1151,1009,1722,43.9,3,26.95,44.39,0,NA,43.45,NA,NA,59.26,0,49.47,1
1707,1,66,9,3,1,1422,53.26,3,54.08,1650,0,54.02,2452,1063,939,1871,1395,6212,1,0,5,1768,1,46.97,1,1072,42.18,1,45.17,50.53,67.07,NA,56.36,4,48.89,64.28,53.96,58.36,1483,1606,1219,1868,50.33,1,57.16,66.76,1,3337,45.94,0,NA,58.64,4,56.17,1
1708,1,51,0,4,1,913,56.98,3,62.29,641,0,NA,NA,5168,1181,1556,2710,1329,1,0,2,NA,1,56.25,0,563,49.78,3,45.71,58.78,60.78,51.16,55.09,2,28.78,31.09,44.8,47.23,1821,1773,1512,1562,38.27,3,30.23,40.4,0,744,53.9,6,1,32.72,1,33.14,0
1709,1,42,10,2,1,3224,53.66,2,66.45,1003,1,60.84,1469,1096,3266,1178,1967,1012,0,0,4,NA,1,NA,1,2119,36.06,4,51.43,47.15,52.48,49.98,55.47,2,61.71,42.69,32.23,55.77,NA,1100,1262,1151,50.73,5,68.64,39.21,1,2252,53.71,2,1,45.18,NA,48.04,NA
1710,0,38,6,2,0,1713,46.6,2,48.07,1009,0,45.83,1299,1106,2369,2373,NA,554,0,0,2,990,0,38.25,0,443,69.85,4,47.97,35.87,40.49,42.38,63.43,4,65.22,32.3,45.62,50.3,567,696,NA,1274,49.29,3,46.37,39.73,1,853,42,3,1,41.04,3,36.41,0
1711,0,36,5,7,0,2581,37.65,3,41.26,298,0,NA,2753,734,1082,2510,1126,951,0,1,2,2329,1,58.87,0,1563,27.37,6,42.82,67.76,51.23,40.75,50.47,4,55.15,NA,41.12,NA,2046,1965,2845,1146,57.82,1,49.57,65.26,0,2118,59.45,1,0,51.99,5,59.44,0
1712,1,31,1,1,0,1930,44.18,1,60.12,1746,1,43.84,859,977,2702,944,1844,806,NA,0,0,NA,1,64.81,0,869,NA,2,44.12,42.36,40.96,51.63,38.43,4,39.84,50.93,36.02,47.55,745,461,798,394,57.84,2,55.17,43.28,0,822,54.07,7,0,47.9,1,24.31,0
1713,1,63,3,2,0,2539,NA,2,49.92,1454,0,52.26,837,1048,NA,NA,1148,549,NA,0,2,1217,0,47.28,0,791,52.74,3,41.45,36.57,36.75,NA,NA,2,NA,54.62,57.35,50.07,1305,1132,1043,NA,63.02,NA,45.02,60.1,1,1385,60.9,5,NA,47.65,2,42.46,NA
1714,0,34,12,3,0,6347,NA,1,77.6,2727,1,49.28,NA,2647,1755,1335,1604,NA,1,1,6,1792,1,63.89,1,NA,37.97,4,45.28,67.59,47.58,41.62,50.01,4,46.59,43.19,59.56,NA,2235,1898,NA,1944,45.14,5,61.44,78.84,1,1534,53.26,NA,1,52.47,4,61.81,0
1715,0,31,8,2,0,2591,32.27,2,53.49,1637,1,66.09,663,1400,NA,1513,629,702,0,1,4,NA,0,68.06,1,1214,50.99,5,49.08,57.24,NA,61.55,52.2,2,68.83,44.5,55.96,24.23,2793,1307,NA,NA,51.5,4,60.07,54.54,1,1579,57.56,3,NA,45.34,3,37.7,0
1716,0,72,5,4,1,2702,42.61,3,34.79,1778,1,NA,1844,818,1892,2037,1397,2323,0,1,4,1374,1,50.52,0,1051,38.58,1,49.82,52.44,65.43,49.55,57.77,2,52.43,61.41,45.03,63.01,1426,1784,4434,2967,42.13,2,NA,NA,1,525,42.47,4,1,45.46,2,24.98,0
1717,0,37,4,4,1,3481,55.35,1,55.03,1382,1,51.19,625,1312,1031,1399,368,1673,0,0,2,1052,1,50.97,1,968,45.63,4,56.13,48.82,63.88,68.16,44.98,1,61.38,58.05,66.72,47.1,1083,1893,1700,1668,47.94,NA,61.05,64.04,0,1824,56.33,3,0,50.63,3,43.01,1
1718,0,31,3,5,1,876,51.66,3,56.69,1326,1,53.99,651,2684,1240,1319,1647,528,1,NA,2,968,0,48.75,0,1632,52.16,1,40.27,38.12,46.2,65.63,60.13,2,61.76,60.31,49.35,61.65,740,771,608,554,63.25,4,45.88,NA,1,1126,42.63,6,1,38.11,0,41.61,0
1719,0,38,6,1,1,592,53.81,4,50.89,640,1,53.5,228,258,989,445,128,756,0,1,1,921,1,60.15,NA,804,62.76,2,41.1,47.65,56.62,43.3,58.93,2,51.28,39.98,NA,42.98,735,NA,361,687,39.94,0,37.39,59.94,1,1028,38.84,NA,1,44.32,2,46.87,1
1720,0,40,2,2,1,1376,NA,4,47.82,1159,0,56.46,1261,1319,534,492,763,632,1,0,NA,989,0,41.04,1,1707,36.01,4,64.43,47.94,43.8,51.65,NA,2,67.93,51.62,74.71,65.51,4485,2191,1774,3266,53.42,NA,49.94,55.24,0,2933,59.73,2,1,55.71,5,59.66,1
1721,1,27,16,4,1,1770,46.93,4,27.56,386,1,55.67,3187,1553,NA,2831,1358,2297,0,0,5,1810,1,59.51,1,844,63.86,2,53.24,NA,41.88,52.67,49.85,4,46.82,40.1,50.81,28.49,1052,1508,NA,650,45.27,2,44.42,40.81,0,525,31.71,3,NA,NA,3,51.25,1
1722,1,63,14,3,1,2396,51.85,4,61.04,1389,1,48.61,705,805,1193,1268,NA,2485,1,1,4,2388,0,41.89,1,NA,61.46,7,NA,32.98,60.44,62.64,42.49,5,41.68,62.83,NA,32.29,1882,1542,1251,2169,36.14,3,NA,63.33,1,2262,66.18,2,NA,60,5,NA,1
1723,0,39,9,5,0,2781,NA,4,47.42,1511,0,50.49,4507,4666,1234,2577,1033,1458,1,0,5,NA,0,63.98,1,NA,43.72,2,58.74,62.45,47,52.84,49.24,4,53.03,54.74,41.95,49.39,1157,1218,NA,1532,49.76,3,57.55,47.79,0,668,36.04,4,1,44.22,3,46.23,0
1724,0,41,3,7,1,2080,40.25,6,42.32,816,1,19.59,NA,924,1068,596,2035,NA,1,0,0,2509,1,47.63,0,NA,42.07,2,61.28,59.05,61.17,52.63,56.47,3,42.64,51.76,49.98,NA,608,708,1252,929,43.32,1,47.78,43.22,0,610,41.57,5,NA,47.28,1,32.32,0
1725,1,28,6,4,1,2930,59.58,3,50.67,2193,0,38.23,NA,2625,1806,NA,2642,815,0,0,2,834,NA,42.72,0,NA,43.33,1,NA,NA,56.2,43.13,70.74,5,46.75,55.56,NA,NA,1628,2801,1194,2163,NA,4,28.47,62.94,1,1375,45.53,2,0,54.93,5,56.57,1
1726,0,27,10,4,1,1064,39.5,5,32.74,531,0,43.52,760,NA,1578,1905,1115,2026,0,0,4,1805,1,50.37,0,2890,72.95,2,58.67,46.12,36.64,27.77,42.58,5,38.84,59.23,43.44,49.52,2186,1574,2071,1647,59.59,2,53.73,36.34,NA,1786,44.76,4,0,NA,0,50.72,0
1727,0,52,8,4,1,3756,67.07,4,57.58,1733,0,NA,1759,980,3197,886,1716,1773,NA,NA,4,999,0,47.79,1,2566,41.03,4,53.75,48.67,33.81,38.54,41.56,3,38.65,52.74,41.46,59.47,2272,2880,2060,2488,59.8,4,72.32,47.67,1,2676,57.88,2,1,48.41,4,62.16,1
1728,1,18,11,3,1,2178,47.01,3,69.16,1209,0,47.15,2401,817,1457,612,1039,NA,0,0,3,1024,1,36.31,0,993,55.6,3,35.34,41.41,71.05,35.74,39.89,3,53.71,NA,53.65,66.2,1585,1262,1816,1633,63.43,4,55.01,59.41,0,2282,48.7,NA,0,66.29,4,46.22,0
1729,0,45,4,8,0,1711,76.62,6,48.6,1989,1,52.84,2027,1930,NA,3165,1283,1171,NA,1,4,NA,1,37.05,1,1468,60.93,3,61.85,39.51,47.33,63.29,NA,3,38.2,41.61,45.43,56.2,1658,1422,1857,1274,NA,1,25.92,44.09,0,953,49.8,5,0,47.89,2,42.64,1
1730,1,59,3,3,1,1895,61.55,2,56.31,990,1,50.77,1773,1694,2314,1911,NA,NA,NA,1,3,1043,1,56,0,1066,56.89,5,48.58,43.54,57.29,45.32,55.59,3,42.51,39.9,44.74,29.51,3098,3353,3584,2523,55.24,2,60.65,41.85,NA,834,44.82,3,1,50.43,3,50.48,1
1731,0,41,0,6,1,853,53.5,4,51.37,671,1,53.42,750,704,1186,830,1370,NA,0,1,3,773,0,66.32,1,1079,47.6,1,55.31,47.03,49.1,42.68,49.26,3,49.2,29.11,39.47,46.88,1185,1146,1279,1561,40.11,2,60.88,51.27,0,1294,40.73,3,0,37.24,1,36.5,0
1732,0,51,4,3,1,871,42.05,2,40.73,1101,0,NA,2639,797,1006,613,1996,636,NA,NA,NA,NA,1,41.18,0,583,55.24,5,42.81,38.09,35.45,36.7,67.13,4,37.62,50.63,38.31,40.27,1049,767,699,1054,38.53,2,18.72,55.51,1,1085,51.64,4,0,59.71,3,54.31,1
1733,0,25,11,4,0,3675,50.02,2,46.82,3226,1,57.09,1053,688,1896,1329,1380,1754,0,1,0,NA,0,52.77,0,926,60.4,5,53.48,54,NA,57.44,41.27,4,37.54,43.49,57.72,49.09,2296,3125,3568,2409,45.04,4,57.26,NA,1,4659,52.86,1,NA,67.17,3,61.49,NA
1734,0,19,9,4,0,2554,53.54,3,63.22,1593,0,63.71,1607,1215,598,664,1714,1484,0,0,2,699,0,38.5,1,784,46.8,6,32.71,37.19,14.66,36.75,48.66,6,45.76,36.96,58.67,42.47,1198,844,643,760,46.22,4,51.97,45.35,1,1639,45.95,5,1,49.55,5,54.51,NA
1735,0,33,12,2,1,1971,37.69,3,57.58,1402,1,65.7,5402,3036,2004,1592,2558,558,1,1,3,1466,0,46.85,1,1157,NA,1,45.19,33.86,51.52,50.93,43.18,4,31.15,38.79,58.8,27.6,NA,969,1451,894,61.81,1,48.85,57.09,NA,3329,42.44,2,0,51.29,5,51.34,0
1736,0,45,7,4,0,2166,NA,4,49.98,1012,0,72.46,960,2606,823,970,1188,1327,1,0,NA,1139,0,49.2,0,2099,60.87,1,32.66,39.12,57.19,55.1,44.68,2,NA,47.55,42.35,44.42,616,375,599,666,49.14,2,43.12,52.11,0,3960,45.96,3,NA,56.11,6,48.86,0
1737,0,64,7,2,1,3841,NA,2,73.68,3640,0,52.79,1582,1589,NA,1124,1093,1110,1,1,5,1472,0,31.35,1,3160,60.33,4,59.79,54.86,45.41,35.02,52.17,3,45.32,54.68,NA,52.86,1593,1777,1670,4367,NA,5,36.69,48.78,0,2186,50.23,2,NA,63.67,4,65.56,NA
1738,0,39,6,4,0,3281,30.17,8,39.16,337,0,47.59,NA,1461,NA,2346,3725,2066,0,0,3,NA,1,50.59,0,1645,49.07,3,56.3,52.64,45.55,41.52,43.36,5,NA,NA,60.37,45.16,682,1148,1472,961,69.1,1,61.4,65.21,0,3373,48.53,2,0,53.74,5,NA,1
1739,1,29,14,3,0,1354,51.71,5,57.29,911,1,NA,2043,1345,1373,2236,2535,1989,0,NA,NA,1907,1,45.29,1,1791,44.39,7,51.01,40.85,50.56,40.21,52.14,1,45.86,44.29,46.05,51.18,3342,2090,2337,1719,52.88,NA,40.63,33.1,0,726,42.76,NA,1,48.86,NA,NA,NA
1740,0,44,8,5,1,1372,31.72,3,42.61,503,1,61.03,829,686,1120,675,657,801,0,0,0,2104,0,71.72,1,1836,38.17,4,NA,41.97,56.38,NA,61.71,3,NA,44.66,NA,44.24,719,397,535,762,32.62,1,61.34,31.89,1,559,45.03,6,1,49.1,0,42.07,0
1741,0,46,12,2,1,764,53.15,5,45.5,2850,1,NA,2168,1132,1606,976,904,436,0,0,4,1100,0,40.3,1,936,48.91,4,54,38.81,38.22,62.3,36.56,2,45.64,46.92,34.93,56.41,830,757,392,521,50.87,NA,52.65,NA,0,583,57.07,4,1,47.07,2,27.1,0
1742,1,37,9,2,1,1572,NA,NA,67.56,668,0,41.13,2635,7623,2729,1699,1302,2043,0,0,2,2838,0,35.17,1,811,40.62,4,46.03,39.67,52.33,58.92,79.68,3,61.58,68.2,35.79,56.13,961,NA,2058,1032,62.84,NA,54.55,50.25,1,1980,50.42,2,1,43.74,2,50.42,0
1743,1,58,10,5,0,3448,57.2,6,55.15,1822,1,47.29,1334,709,1031,630,919,945,1,1,NA,994,1,60.85,0,927,54.39,4,58.44,70.44,NA,54.8,52.65,4,NA,59.68,39.87,NA,3173,2610,3045,2957,36.87,2,46.37,53.03,0,560,35.62,4,NA,53.7,4,38.74,0
1744,0,43,7,4,1,850,56.9,4,41.5,970,1,43.65,1709,972,1493,1175,NA,844,0,1,0,676,0,33.73,NA,2093,61.39,5,54.15,43.42,NA,NA,47.13,0,50.76,48.79,45.29,40.7,1808,1359,1150,1571,48.22,1,37.89,29.65,0,478,36,7,1,36.06,0,26.59,0
1745,0,18,7,3,1,2529,36.06,5,42.86,1501,0,53.29,999,961,1531,1013,2100,1440,1,1,NA,1460,0,46.09,1,1313,59.42,3,53.05,39.65,47.09,31.78,35,3,NA,47.95,34.26,33.88,1830,5074,4879,4413,47.26,3,76.48,55.24,1,1125,55.21,3,0,49.7,2,51.08,1
1746,1,46,8,4,1,1257,52.83,6,57.84,4834,1,NA,1421,1852,2016,1955,1377,4822,1,1,4,1096,1,62.78,1,NA,63.06,4,42,38.01,39.75,68.96,33.68,4,55.68,40.04,62.09,51.45,1178,NA,1727,930,44.85,0,NA,NA,1,NA,41.89,2,0,56.4,1,46.42,1
1747,0,31,8,4,1,4209,77.64,3,41.57,1034,1,48.64,739,1628,2309,1912,NA,589,0,0,4,1259,0,41.56,1,904,54.93,2,55.36,32.55,NA,49.07,NA,2,45.97,52.71,NA,44.4,1173,1533,1166,662,38.13,3,56.07,61.8,1,4316,49.42,4,1,69.26,5,55.92,1
1748,0,51,4,3,0,1664,34.23,2,45.86,1055,0,56.68,2239,1794,2910,2366,4388,1778,0,0,1,1180,0,54.19,1,1619,37.33,3,26.12,68.38,33.25,52.81,48.21,2,63.32,41.14,38.55,NA,729,654,668,630,41.89,0,59.72,51.25,1,680,46.39,3,0,36.97,4,42.9,0
1749,0,38,6,3,1,914,40.07,2,57.79,788,NA,40.66,1643,1089,3008,1648,1310,680,0,0,1,1217,1,51.36,1,992,43.12,1,77.75,42.72,46.65,44.85,38.12,5,39.83,62.93,58.55,43.19,611,974,1276,1159,44.86,2,53.35,49.84,0,809,23.74,5,0,35.27,4,41.52,1
1750,1,51,9,6,1,1476,NA,3,48.44,2541,NA,53.73,1291,992,2165,2175,1445,794,0,1,1,529,0,39.52,0,658,46.32,4,45.55,48.39,NA,NA,30.4,4,NA,55.6,54.93,43.13,NA,1245,1707,1545,61.69,4,53.07,NA,0,1694,NA,1,0,55.42,2,NA,0
1751,1,51,17,1,1,4438,60.76,4,63.97,2739,1,57.74,1533,1755,1252,1522,1346,1743,1,1,6,3457,0,65.98,0,NA,59.82,1,44.47,56.37,62.79,58.63,66.25,3,49.93,48.98,39.67,64.06,1990,3981,1571,2338,48.69,4,86.62,41.65,1,781,48.39,NA,1,39.46,1,58.16,1
1752,0,37,10,2,1,3834,61.64,2,66.45,2675,1,48.73,1903,1225,1016,2272,989,1075,1,0,NA,NA,0,49.75,1,4587,32.61,3,68.83,53.17,58.92,55.25,46.06,0,60.62,45.27,66.18,52.48,948,1430,2949,1587,55.17,3,49,60.24,1,2441,54.04,NA,NA,43.46,4,51.21,0
1753,0,53,0,6,1,1056,55.46,3,43.94,959,0,48.42,747,986,535,1044,1132,2922,0,0,NA,2106,0,67.18,1,2048,48.59,2,47.88,52.13,58.52,61.63,64.43,1,62.84,58.82,NA,41.54,2404,2308,1484,1030,68.8,3,47.18,60.52,1,1821,50.42,4,1,55.06,2,52.42,0
1754,1,42,5,5,1,3006,42.35,3,50.25,1003,0,70.91,894,1284,1750,2358,1529,355,1,0,NA,371,0,NA,0,927,61.72,2,47.29,67.37,NA,46.46,49.5,4,35.88,49.86,35.57,47.61,554,806,1228,1031,49.84,3,38.02,43.43,1,1101,49.95,4,0,36.9,0,48.61,0
1755,0,34,14,3,0,4202,69.68,2,66.32,2816,0,61.74,1784,1664,825,1114,1344,7670,1,0,3,1196,1,NA,0,1717,31.08,5,NA,44.1,62.83,NA,65.99,5,63.1,64.34,16.76,25,1303,1440,951,NA,59.56,3,58.4,42.13,1,1158,52.59,2,1,53.02,3,49.48,1
1756,0,46,3,4,1,2477,NA,3,42.27,1749,1,53.02,1904,698,1119,1202,1292,1453,1,0,3,NA,0,40.68,0,1233,NA,2,48.79,38.94,58.05,36.7,56.71,4,66.76,41.68,52.83,50.83,1329,1089,NA,1488,53.49,4,NA,66.11,0,2996,52.78,4,1,50.15,5,45.94,1
1757,0,44,5,6,1,1593,34.54,0,40.78,882,1,37.92,1764,607,739,2993,1207,1696,1,1,3,1523,0,45.89,1,1763,48.6,1,50.01,65.78,50.36,45.78,56.56,4,NA,43.1,59.65,51.63,1233,925,1052,777,59.05,1,46.86,29.96,1,1438,48.36,5,0,36.66,1,32.11,0
1758,0,51,5,6,1,609,24.47,5,29.65,1132,1,44.15,4233,1516,1911,835,2246,2170,0,0,0,4145,0,71.79,NA,962,73.5,4,37.4,52.85,43.09,48.63,46.54,3,50.95,56.41,62.93,50.49,911,563,1586,756,71.66,2,43.83,53.92,1,3322,62.16,0,1,74.93,5,67.53,1
1759,1,47,7,3,0,1145,41.85,3,49.29,431,0,43.36,1930,3695,4856,2330,3783,1276,1,0,2,2740,1,63.35,1,2462,44.26,4,50.73,38.17,45.29,34.9,54.98,NA,NA,63.08,39.37,56.82,3553,3352,3906,2184,50.09,8,61.29,55.57,0,2747,59.66,NA,1,65.06,4,56.16,0
1760,0,43,6,4,1,1953,40.87,4,40.33,871,0,50.52,3013,1377,1133,1043,873,645,0,1,2,1021,1,51.2,0,349,40.74,2,57.44,50.63,14.9,49.22,49.12,2,54.63,60.46,57.29,61.04,2158,NA,2045,2261,42.56,5,42.86,54.7,1,735,41.06,3,0,56.23,2,39.68,NA
1761,0,50,5,8,0,1020,56.17,4,48.83,621,1,39.43,2359,1292,1725,1041,2296,442,0,NA,NA,1463,0,34.88,1,433,40.74,2,58.79,56.28,50.52,NA,44.72,7,45.3,52.21,37.45,40.01,NA,835,1032,1032,41.12,NA,52.89,52.83,0,656,41.54,3,1,NA,3,52.88,NA
1762,0,40,4,2,1,1145,59.43,7,38.93,2208,1,55.71,1211,2163,975,NA,1442,NA,1,1,6,2888,1,54.5,0,1295,44.21,1,54.19,39.46,NA,48.26,NA,5,47.69,62.19,61.64,50.44,1202,1570,790,818,42.23,0,47.66,41.43,1,1858,48.36,4,0,50.33,4,29.94,NA
1763,1,30,10,1,1,1496,NA,5,43.28,1698,1,55.09,2036,2305,993,2094,1814,635,1,0,NA,761,0,39.25,1,NA,44.92,1,NA,30.14,56.11,64.23,NA,2,37.89,34.89,39.85,48.62,1371,1078,597,523,44.17,NA,56.71,46.87,1,632,43.1,6,1,38.49,2,44.25,0
1764,0,43,14,5,1,1979,46.66,4,34.24,894,0,53.76,2079,2124,856,1241,1381,1028,1,0,1,NA,0,63.14,0,990,73.41,3,NA,58.32,43.26,41.03,40.11,5,24.77,42.08,39.59,41.6,1412,766,NA,569,57.46,4,57.42,35.56,1,1285,45.26,4,1,61.87,4,NA,NA
1765,0,53,12,2,1,3644,51.1,NA,40.21,2890,0,NA,1841,2615,2993,636,3630,NA,0,0,4,1192,0,46.79,1,1279,58.77,1,50.16,43.21,69.49,37.81,59.77,NA,32.71,NA,51.44,38.37,328,465,419,308,NA,2,52.8,53.39,1,3589,41.73,4,0,50.87,4,47.36,0
1766,0,60,10,3,1,1977,55.07,3,28.38,1118,0,NA,3808,2852,2939,3268,4588,1568,1,0,3,2425,0,51.83,0,1367,55.02,3,NA,59.2,56.27,33.82,53.34,5,52.15,52.66,37.38,46.17,1839,2043,1432,2735,56.05,5,45.91,41.14,0,NA,48.67,4,1,39.33,0,36.07,1
1767,0,38,5,6,0,1010,59.39,4,54.71,1338,1,NA,4147,1059,2265,NA,1199,630,0,0,3,4573,1,51.37,0,1307,58.11,2,NA,49.55,29.57,45.45,58.58,3,42.04,61.62,49,NA,959,1263,1148,1772,40.48,3,52.55,26.3,1,NA,NA,7,1,44.92,0,37.24,1
1768,0,18,12,7,0,3535,70.51,0,57.21,1545,1,64.05,2215,NA,1073,942,742,1999,1,1,2,1346,1,62.9,NA,1044,51.25,3,41.87,56.53,54.12,53.32,43.6,3,52.97,NA,60.93,61.95,721,1021,NA,873,49.65,4,44.84,70.16,0,2249,55.26,1,1,68.18,5,65.12,1
1769,0,35,7,4,1,2013,44.15,2,55.34,1661,1,54.1,2953,3170,3453,1309,2686,2005,NA,0,5,2159,1,52.8,0,4750,59.19,4,44.64,73.31,40.78,44,41.57,3,71.37,50.63,59.87,55.05,1227,2967,NA,1088,45.06,3,48.73,71.35,0,NA,56.8,1,0,73.58,4,NA,1
1770,1,35,13,4,1,2136,82.4,5,58.62,1230,1,60.64,NA,886,1297,773,3401,847,1,1,4,2236,1,44.98,0,NA,48.69,5,31.88,55.58,56.31,NA,49.98,2,59.23,41.39,50.24,45.72,2718,4323,5495,2467,62.85,5,62.85,66.39,1,1825,47.86,3,0,69.35,3,61.88,1
1771,0,42,0,5,0,1494,NA,4,50.5,1116,0,55.58,1124,1922,1343,1617,2567,NA,0,NA,4,2672,0,52.36,1,1321,49.16,5,57.65,34.29,47.68,57.83,28.24,3,60.46,53.41,52.36,63.46,NA,1133,973,904,47.96,1,56.66,53.57,1,2532,61.37,4,0,56.11,5,44.48,1
1772,1,65,5,6,0,2579,67.8,1,61.32,1470,1,52.16,4180,2319,953,2304,NA,770,0,1,4,2060,1,74.97,0,1330,34.99,4,NA,53.74,NA,67.55,42.5,5,44.45,47.98,75.49,61.39,821,1827,1706,774,NA,4,56.63,50.33,1,2936,38.76,6,0,NA,2,NA,0
1773,0,35,8,4,0,1543,57.13,3,47.08,2018,0,55.73,NA,1391,3530,1631,1983,1063,1,1,5,922,1,65.73,1,1446,NA,NA,54.38,57.17,NA,NA,47.09,3,55.75,52.46,35.67,36.54,1722,1945,2236,2304,41.61,NA,30.51,NA,1,949,44,2,0,58.29,5,53.06,1
1774,0,62,12,5,1,1589,NA,2,57.17,711,1,50.12,3302,1988,1135,2307,1689,1291,1,1,3,1723,1,53.3,1,1340,51.89,4,46.19,40.97,NA,39.37,50.94,3,42.25,42.55,36.03,29,653,1525,1168,487,59.5,2,25.75,61.14,1,1854,61.09,3,0,45.94,4,55.97,1
1775,1,26,8,1,1,992,NA,5,42.12,373,0,38.33,760,982,932,266,781,826,0,0,0,873,NA,42.42,0,746,36.85,1,50.19,47.26,55.74,57.22,38.37,0,39.41,59.34,69.77,56.76,1779,665,1197,761,62.51,1,59.3,55.47,0,1012,47.13,4,1,43.17,2,50.53,0
1776,1,35,16,4,1,3112,46.79,2,61.16,1395,NA,47.49,2590,3024,1630,2956,2089,882,0,NA,5,1038,1,NA,0,1299,44.83,3,47.28,58.35,NA,54.41,NA,2,53.52,60.36,35.13,68.29,1852,1760,2487,1978,67.7,NA,64.05,56.97,0,693,NA,5,1,NA,1,24.16,0
1777,1,37,2,2,1,666,51.77,2,64.15,1709,0,56.81,649,1575,1350,770,474,NA,1,0,0,1446,0,50.25,0,610,NA,4,52.48,66.89,45.73,69.7,56.96,2,45.68,46.96,48.39,49.33,1911,699,1092,1097,49.16,6,60.02,NA,0,469,31.24,3,1,46.91,0,28.09,0
1778,0,47,7,2,1,5184,52.47,1,49.23,1662,0,59.9,NA,NA,1776,3000,4216,633,0,1,0,664,1,58.86,0,752,55.84,1,43.16,36.95,39.46,73.18,49.09,3,58.55,61.74,61.08,63.63,2049,2752,1795,3387,50.77,5,69.21,39.23,1,951,46.03,6,0,34.35,2,39.76,1
1779,0,28,12,5,0,2161,40.64,4,56.6,1793,1,43.71,2002,1090,1064,2394,3277,1260,NA,1,5,1411,1,58.62,1,1750,49.54,2,63.48,49.62,52.5,70.28,50.52,2,60.37,42.84,57.72,51.44,NA,2125,NA,3088,54.88,3,61.37,51.36,0,1500,35.6,2,0,68.54,4,NA,1
1780,0,47,5,6,0,1123,63.45,1,54.88,1400,0,61.35,2171,2903,3057,3286,1985,1669,1,NA,3,NA,0,49.97,0,1831,51.11,3,55.24,46.1,35.59,54.37,54.74,6,49.83,58.71,58.92,NA,568,935,485,631,24.64,3,38.74,54.4,NA,2200,30.56,4,1,44.06,2,50.71,NA
1781,1,36,10,3,0,1919,NA,2,57.38,3584,0,NA,1318,1955,1602,1639,1076,1498,NA,1,1,NA,0,NA,1,1720,35.15,0,40.06,53.43,52.35,54.53,64.27,3,61.3,52.63,53.2,39.79,2132,2543,1961,2503,42.69,6,47.99,49.8,NA,1750,46.07,2,0,52.53,1,40.04,0
1782,0,39,11,8,0,3271,75.57,0,69.63,676,1,67.76,1236,1159,1033,668,1025,769,0,0,2,1603,NA,58.48,0,1116,59.6,1,32.82,49.71,50.45,44.83,42.85,3,NA,50.95,NA,64.41,1335,1561,1018,1111,33,1,47.07,64.47,1,776,58.37,1,0,50.88,3,64.73,NA
1783,0,35,12,2,0,4650,57.18,1,NA,1827,0,34.08,2631,1640,3607,2027,2424,1651,1,1,5,3068,1,NA,1,1723,38.62,3,66.5,46.41,48.8,55.91,NA,3,55.41,51.82,NA,54.76,NA,938,1619,671,49.52,2,85.37,84.43,1,7429,79.36,1,1,76.32,5,62.66,1
1784,0,48,2,2,1,1013,57.24,5,50.62,1070,1,31,1781,1814,789,697,765,2769,NA,NA,4,1055,1,42.14,1,1171,44.69,3,40.01,41.91,59.68,60.95,39.25,4,57.36,47.09,59.68,44.42,NA,3264,2488,1776,66,3,54.68,39.53,0,549,52.73,NA,1,47.84,2,34.14,0
1785,0,58,12,5,1,2666,53.89,4,65.46,971,1,57.94,979,695,1355,983,1241,292,0,0,3,977,0,47.58,1,808,62.51,NA,36.84,46.55,35.93,53.81,34.5,0,42.57,31.07,50.43,54.26,687,601,1009,813,57.74,1,48.06,49.55,0,1335,59.85,4,1,59.34,3,57.4,0
1786,0,36,10,5,1,2226,39.67,1,72.49,1209,0,48.32,1741,1358,2629,3970,1409,NA,1,1,1,717,1,50.83,1,1020,NA,4,51.94,69.45,58.52,51.59,48.5,6,56.85,43.53,45.1,NA,NA,809,NA,1805,66.98,2,45.25,NA,1,1604,42.17,6,0,52.77,2,47.62,0
1787,0,40,5,12,1,1113,57.25,4,44.22,3121,0,NA,NA,1254,1089,1431,749,NA,1,0,1,3122,0,44.07,0,621,60.35,4,39.59,48.9,64.39,55.82,61.75,4,40.29,55.64,40.22,43.05,461,492,NA,342,53.38,NA,47.3,53.97,NA,1269,36.41,NA,1,47.6,1,40.99,0
1788,0,40,10,3,1,3689,60.5,NA,67.32,1894,1,77.95,908,1640,1193,NA,2235,2663,0,1,4,NA,1,46.93,1,2491,53.19,2,71.57,58.6,NA,72.5,53.49,0,44.06,NA,51.97,45.37,1490,1088,1318,1620,53.27,3,46.37,42.25,0,741,32.76,4,1,43.24,3,38.6,NA
1789,1,37,12,4,0,2869,52.4,3,34.93,1279,0,46.26,3868,2193,5875,3387,4285,4827,0,0,5,1277,0,NA,1,1973,52.68,2,52.88,59.07,43.88,43.19,NA,2,43,51.62,42.09,62.72,1315,935,1170,NA,39.49,5,48.34,51.75,1,1013,42.15,5,0,31.4,2,32.78,0
1790,1,49,6,2,1,2378,44.89,4,52.04,788,1,36.71,1023,2090,1702,1159,1034,3899,1,1,4,1772,0,58.88,NA,1991,41.86,2,61.99,41.49,66.96,46.67,NA,3,42.6,53.72,41.46,67.15,2919,NA,2378,2251,32.15,3,53.13,51.46,0,1878,55.71,5,0,59.51,1,49.17,0
1791,0,35,11,4,1,2072,43.45,2,47.22,1137,1,57.42,1535,2525,828,1994,1154,2410,1,1,4,NA,1,67.77,1,1437,57.28,1,52.4,57.51,68.6,62.42,58.59,1,49.32,NA,37.41,NA,379,503,508,703,41.09,4,54.53,NA,NA,1245,43.23,5,1,36.28,1,NA,1
1792,0,24,10,6,1,1452,83.77,1,56.73,NA,1,63.82,NA,822,1064,558,NA,724,NA,1,3,NA,0,50.05,1,1600,63.86,3,49.97,NA,36.87,31.18,49.43,5,40.36,NA,48.77,47.76,1501,1162,1137,1507,48.09,3,38.9,43.37,0,686,66.14,1,0,46.51,4,56.33,0
1793,0,36,13,3,0,1589,40.42,1,42.94,710,0,31.6,1210,1486,1672,1254,1713,2602,1,1,0,834,0,43.52,0,2912,44.97,NA,45.3,39.55,55.62,52.17,58.77,3,50.27,33.64,75.05,47.83,1807,1788,NA,2140,53.8,5,42.43,68.62,0,3218,46.95,4,0,53.4,6,38.76,0
1794,1,41,11,4,1,2962,31.77,2,47.27,1073,1,56.19,1567,2044,NA,2297,3570,1056,NA,0,0,1225,0,55.44,0,2565,52.62,3,44,54.97,55.79,30.99,68.57,3,47.75,37.07,41.24,44.01,2717,3466,2416,2550,49.09,3,64.38,51.33,1,911,49.91,2,1,35.6,3,53.2,1
1795,0,40,10,2,1,3119,46.68,1,54.57,933,0,61.13,2393,2697,1456,1671,2594,777,1,NA,3,688,0,33.23,1,743,52.19,5,34.78,51.26,43.94,54.84,61.81,6,58.07,50.01,53.06,43.93,1804,2209,2254,2112,55.78,3,62.06,57.17,0,571,63.92,3,1,54.76,4,49.65,0
1796,0,47,8,3,1,3302,52.66,3,50.88,2095,1,57.82,1880,938,1443,1066,1058,NA,0,1,1,800,0,NA,0,NA,47.6,4,42.27,47.49,NA,77.27,55.18,2,45.68,62.6,53.71,55.55,1403,1421,1240,1384,43.86,3,58.04,NA,1,1811,47.52,1,1,NA,1,62.75,1
1797,0,61,9,2,1,1480,NA,3,48.78,1707,1,58.97,2184,2070,1950,1106,NA,1326,0,NA,5,1845,0,60.18,1,1847,NA,0,NA,27.58,57.7,53.98,56.95,3,67.88,48.13,49.77,48.95,NA,1404,2013,1688,NA,2,56.75,68.24,1,905,57.47,4,0,66.9,4,53.08,NA
1798,0,36,9,3,1,2137,53.4,0,38.33,1042,0,25.16,2609,1284,943,583,2149,867,0,0,NA,1896,1,48,1,1316,42.33,1,51.05,52.85,78.54,54.41,36.7,1,52.24,50.34,57.27,54.83,1607,1390,NA,1500,45.2,3,55.41,51.75,0,1053,35.13,3,0,42.93,5,60.19,1
1799,0,37,14,2,1,3937,53.48,2,45.1,1484,0,53.56,4485,3423,1773,1464,1035,1575,NA,NA,2,979,NA,56.16,NA,755,49.64,2,60.77,53.78,69.72,NA,44.24,1,64.7,NA,64.81,66.14,2019,2690,NA,NA,38.65,NA,65.93,NA,1,1424,31.43,4,1,37.83,3,68.67,1
1800,0,26,14,6,0,2394,32.15,8,67.38,826,0,51.1,573,910,941,547,1586,826,1,0,0,1209,1,45.99,0,276,33.68,0,53.38,45.78,63.67,55.09,NA,3,49.4,54.36,42.71,53.74,NA,2385,2592,2295,74.01,4,67.07,46.38,1,1333,41.4,3,1,47.03,2,31.47,1
1801,0,47,12,5,1,2396,56.88,1,40.79,964,1,48.5,660,NA,658,860,837,1440,1,1,3,1389,1,54.31,1,2053,58.3,2,NA,60.62,NA,60.78,60.18,3,39.1,52.41,43.35,44.23,889,975,536,622,44.69,2,57.48,63.32,0,2898,53.77,3,0,51.47,5,57.94,0
1802,0,37,13,4,1,4386,45.59,4,29.38,1301,1,41.94,1447,1620,1474,639,1086,2675,NA,0,2,NA,1,42.82,1,1849,NA,4,NA,47.33,43.94,NA,43.12,5,52.44,38.75,71.09,42.67,1786,1758,2525,2448,NA,3,45.06,NA,1,2212,41.25,1,1,NA,4,59.37,NA
1803,1,61,12,5,0,2088,53.18,3,50.09,1450,0,43.39,1154,548,653,737,1074,1101,0,0,3,1319,0,35.6,1,214,47.66,3,57.78,59.12,NA,54.77,56.23,4,42.55,NA,39.46,69.05,2748,4165,2958,5789,49.95,2,56.1,67.5,1,2623,68.41,3,0,NA,4,45.47,0
1804,0,26,10,2,0,3567,40.96,3,31.07,1575,0,NA,2188,843,1629,NA,1408,548,0,1,2,NA,0,59.19,0,NA,42.58,3,59.21,NA,46.91,59.81,73.8,1,42.1,54.94,64.3,50.73,1795,2102,2319,3157,78.63,1,62.03,48.64,NA,1590,64.67,3,1,46.05,3,58.86,0
1805,0,47,2,5,0,2994,NA,3,60.49,894,1,51.84,1398,1637,NA,752,657,1416,1,0,5,NA,0,43.71,0,NA,32.98,4,58.03,52.07,54.3,51.37,55.74,1,57.17,39.65,41.38,60.33,1740,1855,1846,1319,49.23,3,44.92,58.36,0,897,74.22,NA,NA,61.51,5,47.34,NA
1806,1,50,12,6,1,3177,37.1,0,49.68,986,0,NA,NA,2493,2509,2554,NA,1746,0,0,2,2986,1,58.78,1,NA,51.47,4,46.75,47.24,63.22,48.28,NA,2,29.84,50.9,NA,NA,1481,2281,2517,1547,33.74,2,47.75,62.6,0,1822,57.98,0,1,56.36,NA,57.24,1
1807,0,18,11,7,1,715,39.49,4,40.11,1866,0,60.89,NA,487,NA,554,NA,987,1,NA,3,654,0,51.18,1,888,51.45,3,43.94,59.51,44.97,49.95,NA,5,NA,36.68,NA,39.43,827,562,846,970,47.66,2,48.11,50.29,0,737,56.61,1,0,63.53,4,46.63,NA
1808,1,62,6,7,1,2109,52.69,2,39.21,2129,1,61.38,1739,1973,1432,2429,546,2896,0,1,NA,NA,0,37.45,1,1993,40.06,1,51.34,38.93,36.8,49.89,38.64,2,64.52,51.05,50.43,70.59,989,1106,688,608,47.42,1,50.42,54.97,1,940,49.66,6,0,46.46,3,46.62,NA
1809,1,60,6,1,0,1404,66.36,NA,45.35,1591,0,58.71,1225,777,1478,2971,2115,1365,1,1,6,1302,1,59.66,0,1440,48.52,3,56.63,57.13,NA,58.91,NA,4,51.53,52.46,56.66,43.18,2751,4293,5552,NA,47.83,4,36.96,52.43,1,2052,61.89,3,0,50.22,6,62.3,1
1810,0,58,13,5,0,1825,45.45,NA,35.68,1288,0,61.55,3548,2132,1803,658,2446,863,NA,0,NA,NA,0,NA,1,2103,47.78,3,NA,61.2,60.22,46.33,60.58,0,61.73,NA,41.6,57.43,2018,3609,2224,2243,NA,2,53.91,34.05,0,1755,59.31,4,0,45.51,2,44.01,0
1811,0,32,9,1,0,1602,49.09,0,59.41,2113,NA,74.85,NA,2005,1735,2122,3115,2327,0,NA,1,456,1,52.82,1,911,42.03,4,56.75,47.48,46.42,51.02,59.87,3,69.3,52.86,80.41,48.12,1485,940,614,1837,49.09,3,57.42,53.7,1,2925,NA,NA,0,52.42,6,49.47,0
1812,0,18,14,4,0,1480,56.08,5,34.5,478,0,50.08,NA,594,1054,718,1109,742,0,0,3,720,0,46.29,1,725,56.45,2,40.63,55.62,NA,40.26,54.07,5,56.07,36.71,NA,48.47,NA,722,1275,1105,38.57,3,43.84,43.47,1,1721,48.18,3,1,59.17,4,NA,1
1813,0,37,2,6,0,1055,36.19,5,44.02,1547,1,58.84,1125,1030,1307,435,NA,NA,1,1,5,2245,0,65.14,0,1406,55.68,2,30.88,55.64,49.35,57.66,37.83,1,51.19,71.02,54.84,52.8,865,738,496,1261,46.32,2,28.14,49.48,1,488,35.32,5,0,56.34,1,29.1,NA
1814,0,24,7,8,0,1060,44.37,5,43.86,1067,1,42.28,2232,1111,1516,2213,689,1736,1,0,4,921,0,NA,NA,NA,60.93,4,39.77,48.94,57.45,50.93,54.4,3,60.22,51.74,51.94,42.37,1375,1301,567,1107,46.24,4,40.92,22.5,0,738,39.54,4,1,55.49,3,51.65,0
1815,0,42,6,6,1,2219,52.79,0,74.56,1923,1,38.02,3418,1666,1045,2150,1435,3371,0,1,6,NA,1,52.52,NA,1386,40.58,6,NA,40.54,60.41,80.58,52.83,3,45.27,45.44,33.14,53.63,2005,2211,2599,2019,77.93,2,51.14,NA,1,7995,69.78,0,0,59.95,6,62.91,0
1816,0,45,10,5,0,2124,37.73,3,50.21,2406,1,46.66,935,1063,1992,1657,1049,382,NA,1,5,1054,1,NA,0,NA,57.07,2,56.14,35.72,56.77,38.57,39.58,NA,39.07,54.93,47.15,76.08,1006,1915,1465,1598,48.65,3,58.32,58.84,1,1206,57.67,0,1,47.26,1,63.31,0
1817,0,27,9,3,0,1049,35.55,5,54.54,2213,1,46.68,1706,1026,NA,777,676,680,NA,NA,4,1715,NA,62.36,1,1386,NA,2,51.62,74.62,66.33,NA,44.24,1,NA,57.11,50.32,40.1,1106,NA,920,1395,52.46,0,50.9,57.01,1,2276,55.19,1,NA,59.98,5,59.08,0
1818,0,24,8,4,1,2594,41.25,5,49.28,717,1,56,1341,1019,810,1436,2599,NA,1,NA,3,NA,NA,46.23,1,NA,64.99,5,50.95,41.6,52.2,51.04,42.3,2,48.94,NA,57.69,56.69,529,826,1067,870,59.52,4,60.2,44.47,1,1101,52.56,3,1,31.78,2,60.1,0
1819,0,47,11,4,0,1836,55.16,3,37.85,1422,0,57.98,1264,1158,1009,535,1647,2838,NA,1,4,2495,0,60.09,1,1904,NA,4,51.7,70.98,NA,45.52,42.38,3,48.57,53.87,39.57,NA,1510,1699,2902,2027,NA,1,39.62,50.86,1,1815,50.1,2,1,63.59,2,41.05,1
1820,0,49,10,3,0,1591,39.31,3,51.14,625,0,27.35,639,527,568,NA,NA,1366,1,1,2,1903,0,59.49,1,1249,53.87,0,52.94,56.33,51.44,54.94,NA,2,38.88,46.2,71.62,56.31,450,209,369,474,45.68,4,60.26,54.18,1,2252,57.18,0,0,57.34,4,50.26,1
1821,1,56,7,2,1,1381,NA,1,75.22,2990,1,53.78,2614,2554,2350,746,2363,1294,NA,1,5,1573,1,50.39,1,1635,49.68,1,43.86,54.72,60.44,55.35,34.49,4,42.93,67.62,38.11,53.83,NA,1408,2043,1327,NA,3,57.7,51.92,1,1118,52.01,2,0,45.29,4,42.87,1
1822,0,37,6,6,1,1623,NA,NA,48.33,1691,1,51.28,1912,810,645,486,775,NA,0,0,1,1755,NA,51.05,1,284,60.83,3,NA,58.82,39.71,44.64,53.49,4,50.14,52.17,49.14,54.95,1307,781,1315,931,27.87,3,56.88,57.88,0,3922,37.5,5,0,37.62,2,32.08,NA
1823,0,34,8,4,1,2986,56.04,2,60.51,646,1,54.94,2542,1905,2099,1968,NA,1714,0,0,5,467,0,NA,NA,585,44.89,1,NA,62.93,37.78,NA,56.81,3,54.43,34.84,59.62,57.58,2731,2715,2330,2201,74.84,4,49.18,47.12,1,3107,49.76,2,0,48.35,1,64.61,0
1824,1,30,8,3,0,1074,51.63,NA,49.3,1701,1,62.01,3193,3126,1822,3131,2426,2598,1,1,5,3433,1,52.92,1,2576,46.25,NA,47.52,58.47,47.27,60.25,47.29,4,34.26,45.27,42.49,63.34,1635,1908,NA,1711,44.72,4,58.15,45.67,0,949,44.81,4,NA,46.79,2,NA,0
1825,0,39,10,1,0,3948,NA,2,52.74,1552,0,49.34,3709,2210,3978,1701,2683,2871,1,1,4,NA,NA,64.25,0,3504,57.84,2,67.22,71.93,NA,56.49,42.74,1,54.14,52.62,53.68,NA,327,761,745,951,33.58,1,61.97,52.56,0,2063,57.57,5,0,56.5,1,51.92,NA
1826,1,37,6,11,1,2181,NA,5,54.73,4070,NA,62.08,2499,2747,1668,1552,1662,432,1,1,4,1238,0,47.47,NA,1002,53.85,3,43.16,45.01,43.46,51.02,38.04,3,57.01,39.05,37.15,52.68,372,317,273,236,46.68,NA,55.15,25.4,1,813,43.34,3,1,50.31,1,NA,0
1827,1,46,9,2,1,1998,66.5,3,53,1334,0,79.38,849,732,3220,1007,750,NA,0,NA,1,1349,0,44.23,NA,903,45.09,4,52.55,48.1,77.32,55.51,52.12,NA,60.73,54.2,47.63,69.02,595,643,687,1233,54.89,5,67.45,NA,NA,3211,62.69,4,1,56.85,4,61.57,1
1828,1,32,10,2,0,4589,NA,0,73.54,2307,1,50.52,3572,2801,1330,2000,915,2396,0,1,7,NA,1,56.57,0,3067,NA,1,49.09,57.66,53.82,67.19,NA,3,43.81,59.78,67.12,48.8,NA,2544,2838,2950,53.83,1,41.62,NA,1,5213,62.92,NA,1,59.5,6,57.72,0
1829,0,45,6,3,0,1857,35.71,2,56.61,1640,1,44.58,757,267,1104,767,625,1763,0,0,5,NA,0,43.67,0,859,45.93,6,44.71,35.33,50.4,54.86,37.95,2,52.22,61.93,NA,52.88,1087,1116,1576,1331,63.9,3,49.55,50.42,0,925,71.33,1,0,61.28,7,56.09,1
1830,0,65,2,3,0,1354,NA,1,38.2,1316,1,47.99,2301,1596,1017,999,2533,NA,0,0,NA,1204,0,34.82,0,804,66,4,NA,36.83,46.28,65.11,48.89,3,50.99,65.9,60.67,56.25,740,1021,NA,868,58.49,0,NA,59.79,NA,6538,60.9,3,0,NA,6,60.78,1
1831,1,42,11,2,0,4529,83.5,1,NA,1393,1,70.18,3841,2121,3000,NA,4945,1823,1,1,NA,1379,0,60.41,1,1287,44.03,4,38.25,50.77,54.49,50.88,NA,5,35.53,37.19,41.04,60.13,2301,3154,4904,7235,46,4,63.92,67.63,1,2755,50.4,1,NA,55.75,4,48.9,1
1832,0,56,9,3,1,1661,35.37,3,58.13,1822,0,59.8,706,NA,1289,1302,NA,NA,0,0,2,NA,1,55.43,0,2117,41.33,5,37.43,41.68,31.6,52.16,37.76,2,35.22,33.99,46.83,58.06,879,586,NA,300,42.93,5,50.08,52.58,1,2923,58.68,1,0,NA,5,61.25,0
1833,0,49,10,3,1,2958,NA,4,51.01,1247,0,NA,766,1846,1887,NA,845,2334,1,1,2,2816,0,29.39,0,393,51.45,1,51.45,56.26,47.29,65.54,55.2,4,53.17,NA,39.62,63.84,1922,1208,860,NA,39.76,NA,55.89,44.34,0,NA,39.65,3,1,44.97,2,51.89,0
1834,1,53,7,3,1,1206,48.67,5,49.67,1919,1,49.87,3140,950,2001,2491,NA,3134,0,1,4,2607,1,56.21,1,2818,40.41,5,55.3,72.48,28.13,48.6,52.16,4,67.21,38.53,NA,NA,820,1129,653,NA,38.4,4,47.24,59.56,0,1328,45.9,3,0,46.66,4,38.14,1
1835,0,36,9,2,1,5140,51.73,3,71.35,2756,0,NA,1845,2483,1408,1267,2788,1673,0,0,3,NA,1,56.87,0,708,47.08,3,51.36,55.62,48.73,52.68,39.12,2,64,46.25,40.13,NA,1001,1232,1285,1588,63.78,4,48.21,52.05,1,2192,63.86,0,0,53,5,69.21,1
1836,0,26,9,2,0,3905,58.01,4,NA,1341,0,71.69,1203,1035,960,1989,1459,585,0,1,0,1078,NA,42.79,0,509,35.28,NA,70.82,40.08,58.76,48.13,36.71,2,57.7,NA,78.31,49.91,3635,2069,3216,3437,46.6,3,45.55,NA,0,1029,46.65,3,1,36.39,3,34.8,0
1837,1,40,2,3,0,2256,65.27,0,51.78,2523,1,47.91,1027,1243,1718,NA,1116,1546,0,1,4,NA,0,37.26,0,1946,49.6,3,33.22,NA,45.23,54.47,55.99,2,50.06,33.74,62.66,36.8,4171,NA,4468,5621,61.81,4,34.55,41.04,NA,414,34.42,5,1,36.77,3,43.94,0
1838,0,44,5,3,1,1140,29.65,3,56.59,752,0,41.87,2053,798,946,1038,NA,414,1,0,NA,727,NA,39.05,1,562,60.51,3,NA,53.93,NA,40.23,60.56,5,60.43,42.52,42.42,38.15,547,1263,617,770,48.24,2,38.85,NA,1,1100,58.28,4,1,41.5,4,44.03,NA
1839,1,51,3,4,1,881,46.28,1,41.62,1564,0,35.79,1073,989,1637,867,1927,549,1,NA,2,2142,0,42.44,1,1240,67.34,NA,51.86,59.64,38.82,63.32,38.91,5,49.06,72.04,55.94,NA,NA,1390,NA,877,45.34,4,63,49.11,0,1816,39.45,6,1,55.98,1,25.71,1
1840,1,40,13,6,0,2118,49.84,4,65.83,3347,0,67.8,1675,1374,776,1029,2330,1549,0,1,5,1186,1,58.88,0,1286,49.25,4,58.14,60.89,40.49,39.01,44.66,3,57.56,35.45,42.66,40.58,NA,838,1682,2166,37.08,3,54.88,58.72,0,1324,47.28,1,0,75.84,3,51.91,1
1841,1,31,16,5,1,2408,59.76,3,64.8,879,0,42.12,1587,1436,1636,1369,1548,2646,NA,1,3,592,0,65.26,1,3262,NA,2,41.87,57.02,NA,33.38,53.05,1,53.03,40.64,NA,NA,870,694,1100,799,55.87,4,50.72,44.56,1,1120,58.66,4,0,61.48,3,42.46,1
1842,0,70,16,4,1,2175,58.01,1,55.14,3880,1,NA,857,1820,943,1206,1309,747,NA,1,4,762,0,44.01,1,324,48.07,2,56.9,46.73,51.63,33.7,52.27,1,57.85,51.86,45.26,60.16,1179,1851,1931,4344,NA,4,NA,36.35,0,1409,52.83,2,0,54.61,3,50.67,0
1843,0,42,5,3,0,1774,41.05,3,57.43,1301,0,44.4,NA,1062,1589,2237,2448,1633,1,1,3,1782,0,65.46,1,6143,58.74,1,61.11,64.17,55.91,57.74,27.4,2,56.26,54.85,NA,53.76,1536,1329,1905,1959,58.34,4,NA,47.64,0,1573,53.24,5,NA,45.53,1,38.34,0
1844,0,49,8,6,1,876,33.06,3,44.01,656,0,30,2140,1404,1826,NA,1766,1383,1,0,1,1109,0,53.44,0,880,60.94,4,28.41,NA,47.09,47.7,NA,3,57.56,49.41,50.89,55.3,842,930,643,825,NA,0,31.73,70.3,1,2792,61.6,3,1,52.22,5,64.54,1
1845,1,31,9,5,0,1963,42.81,7,26.24,993,0,42.22,926,1114,NA,2213,1552,1722,0,1,5,NA,NA,42.97,0,2166,51.98,4,59.5,40.39,NA,62.8,46.71,3,38.21,NA,50.88,44.83,908,680,639,563,42.3,3,36.58,50.66,0,NA,NA,NA,0,39.4,0,48.79,NA
1846,0,66,11,5,1,3233,52.98,1,63.98,1779,0,52.77,1845,1183,1873,4849,1830,1202,1,1,1,2913,1,47.25,0,330,61.47,4,53,55.23,51.08,63.44,51.41,3,NA,60.6,57.38,65.74,617,1519,NA,1932,67.39,5,54.77,NA,1,1759,NA,3,0,54.38,8,57.71,1
1847,0,39,12,1,0,3917,35,4,57.26,NA,1,37.44,2521,1143,1020,3100,809,2449,0,1,4,2123,0,53.51,1,2638,38.85,3,65.66,45.48,41.24,50.58,39.71,3,51.23,54.28,57.02,28.18,NA,1098,1002,1019,48.79,3,39.58,70.05,NA,2139,81.56,0,0,59.82,6,63.99,1
1848,0,54,6,1,0,2743,32.29,3,48.09,694,1,45.4,NA,1562,1061,2287,1930,1237,1,1,4,NA,1,39.22,0,2687,47.81,3,52.84,62.35,44.59,42.72,61.27,NA,41.06,49.4,41.77,29.68,1823,3380,4104,2822,62.34,NA,40.52,57.95,1,2705,42.67,3,0,60.35,5,48.85,0
1849,1,44,13,5,1,1817,NA,4,41.35,1255,1,54.4,NA,NA,1363,5964,1326,1630,0,0,NA,935,0,47.96,1,1709,46.8,2,44.31,64.89,58.74,52.66,62.42,2,54.94,67.39,46.24,53.73,NA,592,715,1591,46.75,4,43.19,55.5,0,642,54.16,3,NA,42.18,0,37.15,NA
1850,0,44,4,6,0,1475,52.07,4,32.08,2473,1,NA,2362,1432,1852,1435,4089,1315,1,NA,1,2179,1,63.66,1,2264,41.09,2,62.1,40.76,36.83,61.95,73.24,2,50.98,NA,61.5,53.63,2262,2370,2559,1918,46.96,4,55.21,28.06,1,757,33.74,3,0,35.25,1,54.46,0
1851,1,66,2,3,1,3411,36.24,1,50.93,2531,1,51.65,2077,3964,3867,2684,975,7072,NA,1,5,NA,1,60.56,0,2316,59.69,1,53.63,55.96,39.96,38.12,53.35,NA,NA,NA,58.17,52.83,1636,1940,1953,1650,49.35,3,59.87,63.21,0,4356,68.68,NA,0,NA,5,60.49,0
1852,0,49,3,6,1,781,35.72,2,52.16,840,1,27.29,1446,1059,1677,778,NA,1285,0,1,1,NA,0,37.3,1,2707,60.04,4,50.92,52.2,55.69,37.09,50.95,4,49.91,34.89,42.93,44.84,782,823,560,655,52.15,1,41.26,48.34,0,307,37.77,5,1,35.37,1,43.51,1
1853,1,41,7,3,0,2600,66.1,0,83.91,2286,0,50.04,789,1474,976,851,1094,1029,0,0,5,1627,1,56.14,NA,693,36.3,3,55.31,58.49,NA,44.75,48.81,0,57.62,44.27,51.32,34.33,809,992,970,1656,53.03,2,43.36,56.72,1,958,49.25,3,1,NA,4,50.06,NA
1854,0,51,1,6,0,958,35.87,1,44.62,1235,1,55.62,1534,1405,833,559,795,1971,0,0,3,2871,1,53.93,1,NA,56.32,4,55.87,62.36,51.79,58.41,27.99,2,72.44,61.5,47.97,53.78,1298,1282,1853,1887,38.34,2,55.35,30.43,0,347,37.58,4,1,40.72,1,36.49,0
1855,1,48,5,6,1,1897,46.78,1,65.28,631,NA,44.98,1805,2398,1151,1002,751,NA,0,NA,2,450,1,48.81,0,1396,39.17,2,51.36,58.12,59.27,45.51,64.1,NA,NA,48.61,62.75,49.26,1450,1599,934,1112,48.45,3,36.65,46.96,0,816,53.61,4,NA,55.15,2,NA,1
1856,0,45,3,3,1,1162,41.85,3,43.41,569,0,56.36,NA,2094,1580,3264,1941,1670,0,1,1,NA,1,55.49,1,2330,31.91,3,40.88,51.04,40.56,38.63,51.4,4,42.86,40.16,57.05,37.62,1404,1476,1067,NA,46.9,3,48.69,45.29,0,3035,48.08,5,0,59.32,2,47.49,0
1857,0,42,9,3,0,4777,56.12,0,67.75,1616,1,61.73,1147,1810,3200,1035,1324,2199,0,0,4,3058,1,79.63,0,1891,47.9,4,48.48,60.78,55.2,44.16,NA,2,52.21,51.45,53.98,61.49,2096,1888,1863,1230,57.14,NA,36.23,60.01,1,1447,43.69,3,1,41.68,2,59.47,0
1858,1,54,6,3,0,1337,59.35,6,56.85,904,NA,46.99,1888,2273,863,1220,2021,NA,1,0,4,1282,0,54.24,0,2559,41.73,3,35.97,53.9,57.78,44.3,38.77,3,58.44,69.43,49.02,59.12,1419,3334,2503,1867,58.36,3,59.24,48.5,0,2155,43.9,2,0,49.02,2,41.77,1
1859,0,36,7,5,0,1867,52.98,3,51.04,1452,1,61.91,1078,1643,662,681,1258,1233,NA,0,3,NA,0,45.74,NA,1221,55.53,NA,42.71,52.31,48.94,60.37,68.84,4,50.34,57.91,42.67,54.96,NA,846,574,481,45.4,1,45.52,46.49,1,1586,58.15,4,0,45.67,6,43.81,1
1860,0,41,13,5,0,1532,49.49,4,63.39,2173,0,48.67,2099,1488,3269,1261,2086,2864,1,1,4,600,0,49.12,1,979,44.67,3,65.91,76.18,60.56,30.44,NA,3,NA,63.35,54.51,49.54,1012,1487,NA,689,33.85,4,37.92,60.14,0,1663,64.56,NA,NA,55.34,3,49.42,0
1861,0,44,0,3,1,476,NA,3,47.46,866,NA,49.72,706,390,902,839,NA,2082,1,NA,2,658,1,55.82,1,814,73.65,5,38.39,35.14,55.16,29.8,NA,3,41.68,45.09,34.38,58.69,621,531,518,362,33.4,1,30.56,30.5,0,450,41.49,4,1,47.62,2,NA,NA
1862,1,18,8,1,0,1468,53.39,3,NA,1086,0,54.76,581,788,819,1550,204,744,0,1,1,2532,0,54.55,NA,1067,NA,2,53.61,NA,67.84,63.77,57.22,5,55.56,48.72,57.96,49.24,834,1166,705,916,62.81,6,54.23,42.14,0,944,56.5,2,1,50.52,NA,63.46,NA
1863,0,45,4,3,1,1773,46.27,4,23.91,2585,1,40.29,626,750,611,552,1144,NA,0,0,2,1536,NA,36.6,0,588,61.17,4,52.35,66.82,44.47,37.37,54.25,3,56.54,49.67,NA,42.98,1588,NA,2260,1367,45.13,2,53.65,67.58,1,3424,49.99,3,1,53.45,6,NA,0
1864,0,46,5,4,1,664,57.64,1,55.59,1876,0,47.22,3457,1840,2189,5972,2955,804,1,0,5,NA,1,60.57,0,NA,35.54,1,38.4,65.47,50.44,53.17,NA,2,NA,48.97,57.55,44.28,873,1183,NA,899,43.58,4,50.02,59.74,0,1275,56.2,NA,1,54.05,3,54.91,NA
1865,0,41,8,1,0,2247,NA,2,65.81,895,1,52.94,1771,NA,2149,NA,1656,2521,1,0,6,3436,1,53.5,0,1899,56.42,2,55.34,NA,NA,52.53,62.87,4,69.15,55.53,48.85,51.29,5228,3407,3235,3120,65.65,3,38.85,57.94,0,844,47.24,1,0,45.04,5,41,NA
1866,1,41,18,1,1,6474,62.84,6,60.97,1147,1,51.66,2303,605,855,1571,1970,3443,0,1,NA,1059,1,59.31,NA,1864,71.88,4,32.55,52.96,47.62,53.28,NA,3,46.38,60.11,48.28,58.75,2644,3944,2462,1904,39.64,5,60.61,61.46,0,878,65.25,2,1,59.07,4,65.58,0
1867,0,31,13,3,1,1276,55.32,4,46.45,1597,1,56.84,1600,NA,1783,1032,1452,1127,1,0,5,1578,1,63.08,1,NA,41.33,4,43.59,54.49,39.93,44.84,44.23,4,46.43,34.89,44.75,78.52,1210,1425,1416,924,47.71,4,51.66,NA,0,NA,46.44,3,1,51.39,3,44.67,0
1868,0,37,3,2,0,4138,53.35,3,42.45,2652,1,49.41,2030,1806,1568,542,1760,2134,0,1,5,5443,0,58.12,1,2206,64.19,NA,40.72,50.38,50.08,NA,56.61,2,NA,46.29,29.75,59.34,2236,1436,2180,NA,53.05,5,57.01,47.12,1,1470,56.01,NA,1,39.22,3,NA,0
1869,1,46,6,1,0,1354,NA,NA,49.08,377,1,50.98,531,1585,2388,1880,713,1553,1,1,3,2704,1,60.21,0,2373,71.43,6,47.72,38.98,45.32,46.73,64.22,3,49.12,39.58,40.95,NA,945,926,1715,2272,56.15,5,64.64,35.94,0,3688,64.16,0,NA,33.59,5,62.18,NA
1870,1,25,11,3,1,2766,NA,4,52.17,4333,0,29.07,1230,2854,1159,1152,581,2415,1,NA,5,3729,1,48.62,0,1340,44.7,0,28.16,64.4,48.26,57.7,62.32,1,NA,56.16,55.91,52.48,1833,2323,1872,1657,37.73,4,60.66,41.63,1,2846,65.07,3,1,52.28,4,NA,0
1871,1,38,0,3,1,1083,62.35,4,64.91,2468,0,45.74,1102,769,3052,1333,1193,1572,0,1,3,NA,1,53.82,0,NA,45.42,5,37.41,36.3,46.59,43.09,32.18,3,61.27,64.24,33.22,53.02,468,373,678,607,69.55,1,41.49,38.41,0,NA,46.92,3,1,43.41,NA,43.24,0
1872,1,46,10,2,1,5132,57.64,1,56.89,1942,1,38.3,1171,1707,1208,3866,2604,691,0,0,3,920,1,39.43,NA,960,31.95,3,56.24,46.6,NA,52.48,44.94,4,71.48,58.72,39.53,62.41,3655,NA,3996,2025,50.17,1,72.21,NA,0,1671,35.31,3,0,46.17,1,NA,0
1873,0,35,4,3,0,1321,40.78,1,58.62,820,1,52.52,2978,822,2929,802,765,NA,1,NA,0,1215,0,33.27,NA,422,52.01,2,47.89,49.26,36.79,57.03,NA,1,52.63,NA,45.24,NA,723,519,913,454,61.08,3,24.23,41.25,1,590,44.45,5,1,44.5,2,21.25,NA
1874,0,62,12,4,0,3221,52.61,2,64.19,2276,1,51.77,3324,3659,2864,2677,4763,2102,1,NA,6,NA,1,58.08,1,1697,69,2,45.89,54.85,47.82,42.19,NA,3,33.55,NA,52.85,NA,1110,1716,3078,1403,54.43,5,NA,72.36,1,2994,62.48,1,0,61.8,5,74.43,1
1875,0,54,5,1,1,2052,35.71,0,50.25,374,1,41.3,2129,1003,2229,1685,3030,NA,1,1,4,629,1,49.22,1,1103,43.37,0,40.44,48.52,54.78,30.43,47.63,3,53.68,46.76,67.37,53.43,1254,1067,1168,857,58.21,3,43.44,63.99,1,1296,63.81,0,1,58.72,3,72.34,1
1876,1,50,8,4,1,5134,37.97,2,49.9,1690,NA,35.16,1814,780,924,610,NA,NA,1,1,NA,992,1,45.81,1,831,NA,2,NA,46.07,NA,52.43,36.92,4,NA,51.52,54.13,NA,2980,2697,1611,2808,58.51,7,56.89,56.99,1,2650,58.92,1,0,46.27,4,56.48,0
1877,0,62,10,3,0,3464,42.56,3,50.45,781,0,44.81,1372,820,4309,3756,2003,615,1,1,2,2242,0,38.91,0,627,NA,3,51.67,43.1,35.33,NA,49.32,4,65.55,55.59,50.11,43.72,633,870,634,715,38.52,2,47.72,51.03,1,1309,52.3,3,NA,54.41,1,45.78,0
1878,1,24,13,2,1,2516,57.9,2,46.02,3919,0,NA,2040,2327,964,956,1035,1100,1,NA,2,NA,1,55.91,1,2687,51.82,2,57.79,68.21,75.63,50.43,38.38,3,67.61,42.06,65.27,58.84,2291,2974,NA,3653,49.84,6,60.96,43.88,0,667,39.56,3,1,43.38,2,45.02,0
1879,0,40,0,2,0,1620,60.89,2,57.47,1964,0,48.74,1406,599,824,1251,1434,928,0,1,NA,879,0,41.69,1,533,47.5,4,42.77,58.86,NA,48.39,NA,3,57.22,61.2,63.51,43.42,NA,696,1188,848,50.17,2,52,46.8,0,1398,33.19,2,0,42.44,1,NA,NA
1880,0,40,2,7,1,2155,48.43,0,53.69,2270,1,55.88,2828,2071,2039,NA,1653,2398,1,NA,5,1898,1,55.58,1,1644,48.35,4,NA,30.86,43.56,63.02,44.6,4,53.95,33.6,46.16,42.78,1995,2180,1908,2419,49.42,7,50.27,71.73,1,2728,53.99,NA,0,60.95,5,48.46,1
1881,1,34,9,3,1,925,35.94,2,30.55,639,1,42.31,531,750,1370,655,508,NA,1,NA,2,862,0,40.59,1,479,NA,5,NA,54.01,46.95,30.79,54.29,NA,64.57,51.88,48.89,NA,1081,1357,915,1265,49.78,2,57.09,49.02,1,1283,43.86,4,1,39.86,1,53.29,1
1882,1,51,7,6,1,1261,55.44,4,39.63,1429,1,NA,NA,1229,1284,771,1428,2153,1,0,6,4585,1,43.06,NA,1953,35.41,4,NA,56.54,60.63,44.84,43.51,3,57.08,46.18,58.23,56.06,1289,763,649,1332,49.93,3,53.55,55.09,1,973,37.14,3,1,32.26,0,36.73,0
1883,0,54,0,4,1,3832,53.68,1,48.21,2079,0,NA,4130,1434,1628,1066,1992,828,NA,1,NA,1623,NA,53.28,0,NA,44.2,3,35.63,46.82,49.52,NA,NA,0,50.37,49.93,66.85,49,2145,1725,NA,1119,45.82,0,64.11,49.16,1,1929,50.45,3,NA,54.78,4,54.04,1
1884,0,36,9,3,1,4548,55.98,0,42.63,3121,0,49.56,NA,1215,1057,665,610,524,NA,1,4,1464,0,44.89,1,1062,54.05,1,NA,31.11,24.58,54.01,39.09,1,61.5,59.47,34.44,57.01,836,766,585,607,35.76,3,NA,45.61,1,1032,47.62,2,0,37.69,2,44.37,0
1885,0,20,3,4,0,1888,64.93,3,56.88,1130,0,47.57,3534,1779,1983,2913,3711,1025,NA,NA,0,1148,1,40.38,0,2161,52.73,3,NA,57.13,60.3,53.14,60.82,2,46.32,66.37,31.25,52.78,785,431,556,694,32.46,0,50.14,38.35,0,644,32.09,NA,1,53.35,3,55.79,1
1886,0,23,3,3,1,1043,46.23,3,35.71,1535,NA,54.32,1021,709,1086,1700,987,577,0,0,2,435,0,35.69,0,1349,52.24,4,47.56,47.44,33.01,41.28,33.66,5,41.33,60.75,21.61,52.89,3706,3790,2577,2120,61.87,6,NA,58.72,0,1017,58.93,1,0,61.75,4,53.73,1
1887,0,36,13,4,1,3852,58.9,NA,48.35,1074,1,42,482,777,644,767,1200,1604,1,1,1,NA,1,64.12,1,1215,34.61,2,53.6,52.7,73.33,NA,NA,1,46.12,56.89,57.75,45.25,929,537,882,1207,56.03,2,68.57,54.87,1,2398,71.91,NA,0,62.04,6,55.91,0
1888,0,18,11,2,1,1445,42.38,3,41.3,1507,1,65.43,1747,1130,3617,1347,NA,460,1,0,1,537,0,33.39,NA,710,40.4,2,48.98,56.02,49.82,50.92,71.62,5,67.16,49.44,53.49,55.67,2417,4177,2777,2674,59.74,NA,46.42,46.98,1,NA,37.33,5,0,48.42,4,NA,0
1889,0,26,3,2,1,3622,53.84,2,42.63,3980,1,47.5,2908,3247,772,1297,4944,929,1,0,5,2066,0,52.39,1,1607,43.89,0,41.55,53.52,34.76,41.64,49.12,1,NA,54.05,53.64,69.03,708,877,830,753,51.18,NA,54.64,52.6,1,1719,NA,4,0,58.93,2,NA,NA
1890,0,49,14,4,0,5212,75.66,2,57.49,815,0,NA,5660,6398,1600,NA,2316,1643,0,0,3,1302,0,58.19,1,NA,36.2,3,44.83,49.09,44.64,43.47,NA,4,57.62,41.55,NA,51.01,3347,3002,1513,3502,51.05,4,70.6,NA,1,3674,49.86,5,1,59.78,4,40.25,0
1891,0,26,6,4,1,994,42.06,4,58.9,1450,0,62.99,2365,2871,915,2742,1492,2773,0,1,2,1238,1,41.58,1,2865,38.84,4,37.72,39.7,37.48,35.88,37.42,4,48.19,35.21,43.95,NA,2558,2483,3056,2637,53.91,3,35.18,40.35,1,2112,66.29,3,0,57.47,5,66.38,1
1892,0,46,11,1,1,5690,49.94,1,57.33,1382,0,NA,1873,1337,2091,2042,1299,1202,0,NA,4,1960,1,60.3,0,1998,60.14,5,37.97,39.02,57.6,61.4,50.2,4,36.14,53.65,39.81,54.1,4241,4389,3699,3611,31.65,4,35.03,55.73,0,2588,65.84,4,1,54.92,4,60.61,0
1893,1,34,9,5,1,1625,52.83,3,34.12,NA,NA,49.29,1381,897,674,1144,571,775,1,NA,1,1696,1,42.86,NA,1560,51.27,4,51.22,51.73,53.23,61.94,NA,2,40.07,53.89,45.38,55.78,2027,2681,NA,5432,59.82,5,60.01,42.56,1,366,44.34,4,0,41.01,3,48.54,0
1894,0,31,0,2,1,1650,39.46,4,45.37,853,1,40,NA,NA,1803,1154,1214,794,0,NA,NA,1349,0,40.99,1,872,51.98,2,51.46,59.98,55.26,63.08,48.79,0,46.06,61.34,46.58,43.77,705,497,480,663,44.66,2,33.05,40.61,1,1448,34.1,2,0,58.72,2,41.19,NA
1895,0,43,16,5,1,983,44.94,1,42.09,2721,0,33.76,1665,1729,1000,1681,2852,NA,0,1,4,567,1,NA,0,1206,51.48,3,41.97,42,50.93,43.75,59.89,NA,68.56,NA,46.38,NA,NA,1653,3623,4899,49.78,4,58.1,52.72,0,1735,54.08,4,0,57.36,3,47.53,1
1896,0,60,8,9,0,2854,44.64,2,51.62,1869,1,54.65,1808,2168,1866,6747,1485,1373,1,NA,2,2092,0,55.82,1,NA,46.24,3,49.83,51.48,41.08,49.72,67.68,4,59.86,37.45,44.05,40.39,1356,830,1801,2048,43.75,2,61.65,53.06,1,1827,55.73,NA,0,54.96,2,59.1,1
1897,0,37,5,5,0,1725,NA,3,50.84,857,1,51.69,1204,NA,900,461,752,1897,0,NA,2,NA,0,49.3,NA,1519,44.57,3,50.16,46.3,42.04,48.78,44.33,3,63.55,33.4,42.63,44.46,732,637,1381,791,48.81,5,55.77,51.49,1,1827,67.45,3,0,51.65,3,53.63,1
1898,0,18,5,1,1,2057,NA,2,58.2,1123,0,67.61,1604,1493,609,1174,4132,NA,0,0,0,1201,1,48.55,1,1046,41.71,6,48.77,33.92,41.55,69.87,NA,3,54.19,53.95,68.08,44.84,3779,4011,3713,3336,36.05,0,44.2,49.98,1,1622,52.18,NA,0,58.64,6,54.54,1
1899,1,48,14,1,0,3471,47.6,4,44.42,1006,1,33.05,NA,1901,3127,874,3377,1412,1,0,3,2210,0,53.64,0,927,NA,2,68.14,45.1,NA,55.48,NA,2,55.55,NA,53.78,44.96,1027,1224,1571,1048,67.76,5,35.99,NA,1,1344,50.66,4,0,52.39,4,49.24,0
1900,0,32,10,8,1,544,54.06,1,31.09,1190,0,52.2,1483,1120,NA,735,571,1369,0,1,2,1072,1,45.23,1,1498,NA,5,54.54,59.78,51.02,NA,44.06,NA,40.79,42.56,51.47,28.32,NA,1120,1430,NA,52.42,2,NA,47.15,1,781,50.94,6,0,55.25,NA,31.38,0
1901,0,18,8,5,0,1772,53.33,4,46.19,1134,1,45.19,425,1599,1004,835,NA,1973,0,0,NA,1160,0,58.94,NA,1063,52.42,3,57.34,71.61,NA,46.46,42.13,5,33.44,NA,46.13,NA,1962,1505,1148,NA,24.59,3,63.37,NA,1,4771,49.02,1,0,47.21,5,60.32,0
1902,0,32,12,5,1,2879,54.68,1,66.78,474,0,64.09,NA,2206,NA,2096,1349,1865,0,1,3,1364,0,47.42,NA,1572,61.25,3,50.02,61.13,57.66,43.9,46.76,3,46.34,60.86,68.84,NA,1502,2623,1538,1467,NA,3,52.6,38.12,0,1721,54.5,3,0,45.58,2,47.93,0
1903,0,38,15,6,1,2164,51.65,1,40.51,1267,1,53.06,NA,1065,1001,1142,360,NA,0,1,5,1332,1,39.19,NA,1473,36.66,1,27.55,50.92,56.72,45.57,48.62,3,NA,54.55,47.8,48.39,3036,1840,3029,2418,71.56,4,53.28,46.04,1,2057,42.63,5,NA,50.08,3,NA,0
1904,0,43,3,5,1,1246,48.05,5,53.05,1068,NA,55.01,689,1031,612,599,NA,2008,0,1,1,1323,0,37.18,0,841,NA,4,43.87,39.4,70.27,45.44,61.83,5,NA,49.13,62.8,NA,595,772,483,332,48.37,1,39.21,58.87,1,1055,65.8,5,0,45.35,5,46.66,1
1905,0,45,10,4,1,2188,51.9,3,44.2,1613,0,38.7,1521,1356,1152,889,2324,1655,1,1,3,572,0,44.39,NA,1228,70.8,1,52.57,42.91,24.74,48.34,26.26,2,49.69,52.07,52.65,53,844,521,930,NA,57.26,0,28.58,57.85,1,1005,49.96,3,1,72.69,3,51.91,1
1906,0,48,14,6,1,3183,63.44,4,52.9,1383,1,63.48,2918,2500,3910,3278,3470,3430,1,0,5,4085,1,61.18,NA,3662,52.17,3,NA,52.13,64.12,50.14,50.73,3,46.43,45.72,44.02,NA,1163,1255,2414,2735,66.56,5,66.06,46.76,1,2545,61.89,3,1,42.45,4,NA,1
1907,0,49,7,4,0,988,50.33,5,53.16,1283,0,40.85,2858,752,562,1897,788,1981,0,0,2,3706,1,62.86,1,1250,47.91,5,63.81,42.35,49.33,77.17,51.71,4,52.67,43.23,51.48,NA,NA,NA,726,686,NA,0,NA,35.19,0,535,34.01,6,0,31.16,4,32.64,0
1908,1,21,4,5,0,1674,46.97,1,57.37,1497,NA,56.66,1013,3077,1584,NA,2400,4130,0,NA,7,1697,1,65.66,1,943,27.85,3,45.66,53.07,60.12,38.05,53.89,3,39.54,41.07,57.73,49.5,783,805,918,NA,45.61,NA,70.43,NA,1,795,49.19,3,1,27.97,2,52.59,0
1909,0,52,13,7,0,2287,61.39,4,61.51,1245,1,49.33,1273,941,853,1246,NA,NA,1,0,5,1358,0,62.49,0,1839,45.27,2,43.97,57.51,54.62,38.33,45.15,3,49.4,56.71,64.14,66.85,1117,1536,1174,1335,49.76,2,52.44,26.96,0,1303,39.01,4,1,21.74,0,37.89,0
1910,0,54,12,4,1,2658,58.07,0,63.12,2447,0,69.77,4463,1108,2120,1610,1386,1524,1,NA,4,952,0,63.91,1,1412,58.68,3,53.1,56.72,54.11,53.73,46.66,3,57.3,38.74,44.91,NA,1350,1445,1776,1354,46.62,3,44.18,54.04,1,1408,66.76,2,0,51.55,5,45.75,NA
1911,1,56,7,1,1,4585,66.85,NA,49.36,1329,1,54.03,1989,1328,3157,2072,NA,1549,1,1,3,1951,1,48.03,1,1282,23.19,NA,NA,47.77,58.23,59.46,NA,2,63.18,52.7,50.76,56.21,1476,1798,4717,2255,58.73,5,56.19,59.77,0,1711,48.79,6,0,43.67,4,52.08,0
1912,1,43,12,2,1,1382,48.86,3,29.63,613,1,30.74,970,1698,2061,1630,NA,2471,1,1,2,2141,1,53.19,0,597,63.49,4,47.19,52.19,39.46,45.3,51.52,4,57.03,NA,NA,51.76,2159,1768,2577,1396,47.55,6,66.53,30.07,0,956,39.54,4,1,44.27,2,31.02,0
1913,1,45,6,2,0,2928,55.01,1,57.64,1686,1,45.29,2074,1581,1603,5686,3187,5771,NA,1,4,3286,0,49.69,1,920,NA,2,NA,39.32,40.61,52.28,46.54,5,56.92,53.88,58.19,NA,978,1226,1179,1291,46.64,5,49.31,57.66,0,NA,30.41,2,0,36.65,4,41.1,0
1914,0,48,5,5,0,834,NA,3,71.62,1437,NA,41.21,1438,1245,814,2447,1748,952,0,NA,2,1012,0,35.49,0,1143,44.41,2,60.7,NA,45.64,53.31,58.33,1,60.61,53.42,48.95,67.64,1327,1032,1089,938,45.24,1,44.95,NA,1,837,37.33,2,0,50.55,4,50.08,0
1915,1,35,13,4,1,1685,41.37,6,27.24,971,1,41.02,1233,NA,588,1419,968,1887,1,0,5,695,1,32.81,NA,1331,NA,0,69.88,47.45,NA,59.15,56.77,3,63.44,33.27,51.85,35.52,2469,1562,NA,893,NA,4,57.21,NA,0,517,34.58,6,1,35.53,2,28.54,0
1916,1,45,11,2,0,1948,47.35,1,48.81,2035,1,39.6,2833,2550,1135,3142,NA,2224,0,1,3,2534,0,64.09,NA,1207,52.63,0,NA,54.02,52.81,32.04,NA,2,48.03,47.26,NA,49.85,1860,NA,1120,646,66.61,3,69.07,85.21,0,3267,59.86,NA,1,54.48,4,59.5,0
1917,1,22,7,4,1,3202,51.05,4,24.29,1108,0,62.07,435,895,518,760,799,NA,0,0,4,1072,0,60.33,0,1575,78.07,3,41.54,54.23,50.96,65.12,49.3,2,46.66,52.69,34.45,51.25,1167,1602,1571,1690,56.34,5,49.56,NA,0,2179,39.64,NA,1,55.84,5,NA,1
1918,0,47,5,5,1,2184,50.48,NA,44.89,1398,1,47.54,946,649,525,2721,678,1805,1,0,NA,NA,0,54.33,1,2103,45.4,5,62.2,60.08,59.43,58.81,49.22,2,47.61,53.87,51.38,NA,959,1587,527,629,46.16,1,45.3,62.65,0,3047,51.96,2,0,78.39,5,68.4,0
1919,0,51,3,7,1,2458,46.62,1,43.38,1308,0,39.74,2739,3197,3042,1146,3653,NA,0,1,1,NA,0,42.48,1,1044,55.87,5,NA,30.15,35.04,54.7,53.03,4,NA,47.39,64.22,NA,1094,894,1044,848,59.31,4,52.21,49.33,1,4879,54.65,2,1,46.29,5,49.57,0
1920,0,36,10,5,0,3177,53.56,1,59.83,3396,1,64.18,2308,1520,1618,NA,NA,1420,1,NA,6,2008,0,52.65,1,783,60.18,4,NA,39.53,NA,36.39,39.97,NA,49.88,45.51,38.85,40.85,741,1347,772,867,74.5,6,46.73,NA,0,776,46,4,1,42.01,3,36.47,0
1921,1,43,5,5,1,3334,62.82,1,49.12,932,1,64.63,2029,711,NA,1401,4865,NA,1,1,4,1369,1,66.15,1,2024,43.73,4,57.57,59.73,34.94,52.27,52.62,6,44.43,51.63,21.69,54.2,1923,2159,2525,4222,34.81,NA,64.56,51.12,NA,2596,46.7,0,0,70.96,4,64.08,0
1922,1,54,3,1,1,1798,58.2,1,52.74,1622,0,57.16,930,1768,727,2087,1064,NA,0,1,2,1441,0,35.48,0,2004,46.19,4,50.97,48.41,45.96,45.73,67.97,2,52.01,31.34,53.47,NA,943,1868,1963,1746,47.6,2,43.6,NA,1,742,52.84,0,0,68.15,6,56.96,0
1923,0,65,0,3,1,3786,27.84,3,53.76,723,1,49.95,3522,NA,1443,1692,1470,1371,0,0,2,2496,1,48.88,1,1114,44.13,3,NA,45.27,44.31,29.84,48.36,2,62.54,NA,47.63,49.02,1876,1280,3629,1604,41.27,NA,42.95,55.89,0,3276,54.43,NA,NA,62.99,3,57,0
1924,0,49,9,8,0,3975,48.25,1,40.86,949,NA,44.46,1180,863,755,1408,1535,1527,1,0,NA,NA,1,56.45,0,812,57.04,2,NA,58.89,41.13,75.08,61.98,1,75.29,72.92,48.44,NA,1192,1410,1613,1168,51.8,2,57.68,45.82,1,1045,52.9,5,1,42.02,2,47.67,1
1925,1,39,12,7,0,651,53.97,7,34.06,1054,0,42.96,2853,1100,2461,2369,730,2186,1,1,4,1699,1,53.32,0,780,NA,4,NA,54.9,NA,43.69,58.45,5,71.48,58.21,33.05,52.53,739,NA,714,1064,44,2,53.14,51.72,0,1055,40.37,NA,1,43.51,1,44.95,0
1926,1,47,8,5,1,1891,60.05,NA,55.71,2888,1,42.65,2673,1701,1384,3698,3444,615,0,1,4,1088,1,62.14,0,988,64.97,4,38.43,64.91,39.48,65.99,68.82,4,56.52,51.35,63.57,50.16,1308,1916,NA,2054,60.97,6,62.33,48.19,0,1286,39.07,4,0,56.78,5,57.65,0
1927,0,18,8,2,0,952,39.74,5,45.61,880,0,55.33,1984,964,NA,2083,2513,1196,NA,NA,4,1987,0,45.35,NA,2300,NA,4,50.66,54.31,NA,NA,63.93,3,38.86,50.73,41.12,56.43,2502,926,1223,617,25.72,NA,38.72,29.81,0,565,27.91,7,0,33.68,0,19.4,0
1928,0,33,7,7,1,3980,NA,3,57.98,984,NA,49.76,788,1182,1303,1188,2027,2175,1,0,5,NA,0,66.48,0,2568,46.02,2,50.48,50.42,44.33,48.08,53.71,4,NA,52.11,49.02,54.77,1342,795,3865,1261,68.59,5,36.75,66.13,0,2024,67.46,1,NA,66.52,4,NA,1
1929,0,39,5,3,1,1307,62.98,1,41.42,905,1,38.62,728,1571,800,2302,2142,926,0,1,1,1677,1,52.02,NA,2550,51.59,3,45.51,62.04,64.39,36.93,63.77,3,51.81,48.87,47.59,NA,2128,1762,NA,1245,48.01,NA,45.9,46.9,0,1339,37.49,6,0,43.87,1,34.26,0
1930,0,51,11,3,1,4699,58.1,4,60.67,3089,1,NA,NA,3976,3965,NA,1251,1616,0,0,6,1635,1,75.94,0,1838,31.09,2,66,39.74,NA,40.47,NA,2,49.35,28.13,53.51,49,784,814,789,1428,66.77,NA,61.37,63.42,1,3199,61.36,4,NA,53.37,5,44.81,0
1931,1,18,9,8,0,1493,49.9,3,27.62,417,NA,41.84,1040,1698,804,338,632,NA,0,0,4,1376,1,56.9,0,1413,NA,3,52.83,48.38,NA,55.81,48.59,4,57.51,35.68,54.68,39.23,703,441,573,844,61.24,1,49.81,51.53,0,787,49.14,4,1,46.28,4,47.31,1
1932,0,42,8,9,1,1987,72.07,3,43.68,2279,0,62.18,554,472,510,297,NA,1092,1,1,6,1161,0,52.44,NA,1224,66.78,3,52.8,41,62.33,50.17,58.98,4,62.9,37.78,59.9,54.67,2543,3290,2823,1780,70.76,2,61.76,54.28,1,2037,64.67,0,1,52.01,5,66.51,1
1933,0,48,2,8,0,1161,27.35,NA,27.33,929,NA,33.33,1630,1490,2158,1352,856,1204,0,1,0,NA,1,48.48,1,1255,60.78,2,31.78,NA,34.85,60.1,48.63,0,65.49,49.85,45.9,39.79,1619,NA,2142,1047,55.94,5,54.46,54.22,0,1040,60.47,2,0,61.73,3,52.72,0
1934,0,18,13,4,1,3117,51.46,4,58.3,2182,1,38.07,2820,2803,1586,3141,1614,NA,1,1,2,NA,0,41.68,0,NA,40,5,46.8,53.14,NA,NA,43.19,3,46.94,53.65,NA,62.08,5102,3694,3507,2783,45.37,2,53.28,65.22,1,1901,60.8,1,1,66.72,6,52.2,1
1935,0,60,1,4,0,1949,29.46,5,57.09,2103,0,42.98,1671,2130,3266,1224,803,1751,1,1,5,2188,1,53.77,0,1994,54,4,43.78,52.13,32.11,41,45.4,4,47.61,57.7,42.8,73.19,1320,1200,NA,1325,43.1,NA,58.3,54.09,0,1540,48.77,5,0,53.36,2,57.23,NA
1936,0,18,6,5,1,1851,75.69,2,57.81,1559,0,NA,1547,2224,2799,2161,2721,1860,1,0,6,NA,0,44.97,0,1707,62.88,0,65.87,51.47,54.84,30.8,41.03,5,52.32,63.23,48.56,52.16,1599,1197,901,912,25.1,2,NA,39.33,0,1155,54.02,4,1,53.69,0,55.69,NA
1937,1,39,5,2,0,1792,47.64,NA,33.8,1185,1,54.62,NA,1306,1212,773,1032,1095,0,1,2,NA,0,36.3,1,1880,NA,3,43.22,34.86,48.96,40.62,37.24,5,32.48,41.62,53.34,39.38,1449,998,1496,NA,58.1,3,67.65,NA,0,650,42.1,4,0,36.2,0,56.7,0
1938,0,44,11,4,1,2736,35.96,2,63.69,820,0,52.33,3620,2908,1517,626,NA,1130,0,0,2,803,1,39.15,0,3472,34.98,4,49.49,63.72,74.26,57.91,61.81,0,54.72,63.3,48.52,56.62,1092,839,780,764,48.16,3,69.38,52.21,1,3263,49.38,1,0,51.46,5,66.23,1
1939,0,34,14,4,0,2907,42.08,1,32.55,870,NA,45.63,1415,591,1571,2015,908,NA,1,0,4,2231,0,54.23,1,1194,53.7,4,54.74,54.34,NA,NA,28.92,NA,51.1,53.92,56.13,53.25,796,591,842,792,43.39,0,59.44,61.51,1,3406,62.41,2,1,61.09,3,52.61,1
1940,1,36,10,5,0,2870,49.72,NA,53.41,1596,1,63.62,1916,1854,1657,1811,2401,NA,1,0,6,2906,1,72.44,NA,2795,26.15,1,51.67,67.26,58.37,55.87,38.71,0,37.11,53.03,56.2,47.38,1665,1989,1762,NA,53.44,NA,32.78,65.64,1,1540,49.66,1,1,56.03,6,61.54,0
1941,1,61,11,2,1,2869,44.84,4,64.68,432,1,31.42,1463,2655,2871,2713,1176,NA,0,0,3,1527,0,52.91,0,1761,38.89,4,45.42,50.99,42.79,55.64,NA,3,38.39,43.29,69.58,53.86,830,NA,939,1117,67.43,5,39.9,45.99,0,NA,40.73,NA,1,30.89,1,30.2,0
1942,0,50,10,7,0,2341,59.23,3,65.93,1833,1,51.5,2237,961,1667,1362,1523,1806,0,1,5,4750,0,56.54,1,1522,47.41,3,56.63,55.74,42.27,56.36,30.2,3,27.17,56.19,42.98,45.08,1013,1758,2020,1508,33.55,1,52.72,49.55,0,1282,58.32,2,1,59.3,3,54.61,1
1943,0,45,16,6,0,4844,48.33,3,66.75,1483,1,51.86,1482,2290,1904,2320,826,2123,1,1,4,1615,1,60.03,NA,2543,40.25,4,63.46,55.97,40.24,NA,NA,3,40.15,NA,NA,37.07,NA,1189,1515,1400,63.89,4,53.31,NA,0,2901,52.83,1,1,43.66,5,51.2,0
1944,0,32,7,3,0,2878,44.65,4,60.04,482,1,NA,1938,629,NA,1971,1145,931,1,0,3,1266,1,57.71,1,2182,49.05,4,52.28,60.1,39.29,NA,50.24,2,57.87,52.46,42.77,59.41,NA,6317,4780,3039,51.01,1,NA,28.47,0,1048,43.65,5,1,46.33,2,28.18,0
1945,0,39,5,2,1,1027,47.71,3,48.24,2479,1,35.08,1633,1045,3194,1524,2333,1100,1,0,4,1117,0,50.64,1,1067,44.19,4,55.01,31.96,44.49,61.29,39.53,2,47.7,47.09,35.46,32.69,1453,604,493,647,47.82,NA,48.78,65.16,1,1914,57.37,3,1,56.31,6,52.49,NA
1946,1,22,11,3,1,1699,64.26,0,59.77,3888,1,NA,2478,1935,948,619,1561,1450,0,1,2,1584,0,45.84,NA,1934,55.21,2,46.74,48.29,39.64,41.04,56.2,2,67.98,49.33,49.35,42.82,1623,1328,1638,1476,49.66,3,58.19,54.6,NA,2166,50.31,3,0,40.87,4,NA,1
1947,0,52,11,3,1,2184,58.44,NA,65.76,1294,0,50.18,1547,1585,1292,1560,752,NA,0,1,1,NA,0,41.92,0,880,55.31,3,39.23,55.86,32.25,44.09,NA,0,46.98,47.82,37.92,47.61,2310,2300,2340,2213,38.28,1,60.7,65.01,1,456,45.18,3,0,49.14,2,37.86,1
1948,0,34,2,2,1,1655,33.1,1,44.49,1988,0,48.25,714,1809,654,1692,1386,2402,1,1,5,1702,1,64.39,1,NA,69.59,2,45.61,NA,35.04,55.83,55.24,6,53.66,44.82,63.75,50.79,NA,NA,1316,NA,46.18,3,44.1,52.44,0,568,51.68,3,1,39.52,2,58.68,1
1949,1,41,11,4,0,3269,49.04,6,50.69,1265,NA,56.5,1216,1461,957,1252,1349,1653,1,1,4,1337,1,48.05,0,1508,57.49,NA,64.44,54.31,69.63,55.59,56.11,2,62.18,53.24,52.27,NA,NA,572,799,1058,53,2,47.05,45.3,0,561,29.47,NA,0,37.68,2,36.64,0
1950,1,22,7,7,0,2007,40.28,4,44.35,1123,1,37.52,920,1623,1321,1891,769,845,0,1,NA,NA,NA,34.38,1,1495,36.73,3,NA,49.66,33.26,51.7,43.34,2,52.56,NA,47.86,50.71,702,1033,1379,1411,44.77,4,50.16,59.71,0,1074,48.52,4,0,NA,NA,52.54,1
1951,0,41,4,2,0,3142,NA,3,NA,412,1,54.85,524,3086,2819,522,NA,NA,0,NA,7,1558,1,45.83,1,3990,49.08,6,48.99,35.59,52.42,48.18,55.71,3,51.13,49.49,46.79,54.5,1420,912,722,1549,39.18,3,54.41,52.98,0,2820,41.86,3,1,48.56,4,49.78,0
1952,0,29,11,1,1,1566,63.99,3,50.9,849,0,41.12,NA,1514,2628,1261,2061,1909,1,1,4,1130,0,45.37,1,1446,42.65,3,47.47,55.75,50.56,55.29,58.69,4,48.82,65.3,49.42,50.66,958,1665,1492,1657,34.11,3,56.68,67.46,1,2377,62.35,3,NA,49.74,3,47.84,1
1953,0,23,9,5,0,2668,44.72,7,48.38,1536,0,36.03,1053,945,617,761,1406,2665,NA,0,5,NA,1,57.03,0,746,45.7,0,53.38,56.34,49.41,53.85,57.3,2,NA,NA,44.56,47.07,1329,1602,1217,2203,50.98,4,52.27,64.02,1,NA,44.05,0,0,54.08,6,NA,1
1954,0,37,11,3,1,1939,46.41,2,56.5,1950,0,69.42,2420,2238,1690,3255,1053,1286,1,1,1,NA,1,NA,NA,425,31.22,0,55.17,51.02,73.32,49.46,NA,3,44.04,36.57,37.8,63.49,1693,1482,1733,2137,39.26,1,56.05,NA,0,NA,59.52,5,1,63.11,2,57.61,1
1955,0,26,8,2,1,1667,NA,4,51.15,1122,0,38.24,1184,3340,2335,1767,2015,NA,0,0,3,1620,0,44.54,0,1900,50.13,1,37.7,38.26,46.11,77.2,52.1,NA,54.75,60.76,46.74,49.15,NA,1167,1198,2003,50.9,2,37.36,NA,0,1694,49.94,2,1,70.68,4,63.8,0
1956,0,18,7,1,1,4406,44.3,3,31.49,735,1,55.06,691,2626,1619,1186,1242,1076,1,NA,1,678,1,49.66,NA,NA,71.2,4,61.18,51.85,66.94,NA,53.74,3,54.79,33.93,38.23,25.5,2190,2649,1434,1424,52.78,2,55.97,71.86,0,3303,53.65,1,NA,63.05,4,NA,0
1957,1,33,7,8,0,1370,18.9,NA,50.15,876,1,35.44,767,1627,NA,1123,NA,NA,1,0,NA,1038,0,78.44,0,3760,33,1,48.21,48.05,32.25,40.3,58.88,2,52.56,NA,55.26,56.39,841,732,649,642,54.41,6,50.48,64.2,0,NA,59.28,5,1,54.08,1,NA,NA
1958,1,64,9,9,1,1723,59.28,3,25.27,565,1,49.35,2349,2100,1454,1658,1529,963,0,0,0,571,0,36.03,NA,577,52.12,0,44.37,41.4,56.41,27.21,47.53,3,42.71,47.03,51.36,36.93,1271,1054,1454,1301,58.66,4,34.85,39.31,1,1292,53.49,3,NA,43.29,3,NA,0
1959,1,27,9,2,1,1435,39.01,NA,48.51,970,0,41.62,1608,2421,2345,1555,2389,1679,1,1,NA,1230,0,39.79,0,1221,59.78,2,NA,38.83,49.9,37.74,49.19,5,45.33,44.46,46.29,40.49,638,686,912,NA,NA,NA,58.67,36.97,NA,1009,40.47,5,NA,51.32,1,41.58,1
1960,1,36,8,4,1,2295,37.5,3,45.66,978,0,63.24,3207,2019,802,NA,1251,NA,0,1,6,5598,1,61.53,1,901,32.77,6,39.3,NA,47.52,46.49,NA,3,57.23,64.42,46.02,NA,593,414,NA,323,72.48,4,NA,NA,0,1103,44.27,2,0,54.08,2,50.39,1
1961,0,33,13,5,1,2380,27.91,2,37.29,553,NA,36.45,1387,873,NA,2032,1301,3210,0,0,4,853,0,41.44,NA,1819,52.28,0,39.31,61.91,NA,51.85,NA,2,34.88,58.55,41.6,41.79,657,NA,711,514,53.28,2,49.75,NA,1,2312,57.9,2,0,65.57,6,46.38,NA
1962,0,57,20,2,0,5609,NA,5,77.69,1979,1,67.05,786,671,1975,1231,1507,3118,0,1,4,1864,0,55.81,0,2048,38.8,2,47.27,NA,55.69,38.75,56.52,NA,54.67,45.23,32.09,52.03,1138,2605,2837,2102,55.13,6,NA,72.71,0,1982,50.17,4,NA,58.05,5,59.21,0
1963,0,63,11,6,0,1338,37.61,3,40.33,1497,1,51.77,1655,NA,1111,1730,2627,NA,0,1,3,1249,0,53.63,1,NA,63.78,4,41.27,38.51,32.26,26.25,68,3,48.07,NA,63.05,30.43,NA,1047,764,828,46.72,2,36.4,28.75,0,693,58.82,NA,0,50.55,0,31.53,0
1964,1,60,7,4,1,3721,42.25,3,43.42,643,1,44.14,NA,666,2330,3320,1010,1337,0,0,4,1366,1,51.09,0,1256,42.01,2,61.86,65.67,48.65,55.97,52.49,0,64.87,67.93,43.7,61.3,1369,821,852,966,50.26,6,58.27,54.25,1,NA,56.67,1,1,50.02,4,56.56,1
1965,0,39,5,4,1,1222,NA,0,50.03,1621,NA,47.77,868,753,1339,2397,422,1036,1,1,1,400,NA,39.82,0,NA,47.13,6,51.99,NA,58.4,43.17,NA,4,41.4,60.76,46.51,58.97,NA,NA,3564,1941,43.94,2,31.3,39.85,0,960,32.01,8,1,50.26,0,29.55,0
1966,1,54,6,4,1,2197,46.94,4,37,1490,1,NA,1376,1497,1135,1065,841,1550,0,1,4,NA,0,61.02,1,2300,59.15,2,48.92,47.85,66.61,45.16,52.43,2,47.89,60.57,35.76,40.72,1593,1473,943,1054,NA,5,63.82,55.31,0,1800,52.69,NA,1,44.27,6,48.09,1
1967,0,57,10,1,1,4239,NA,2,NA,3839,NA,54.77,1413,645,1487,1746,823,585,0,0,2,1564,0,64.41,0,NA,43.26,6,30.83,35.87,52.25,60.45,56.05,3,49.57,54.88,63.59,69.56,1269,811,1182,565,NA,2,NA,20.66,0,599,29.91,5,0,NA,1,37.43,0
1968,1,37,6,2,1,1026,28.91,4,40.22,1635,NA,58.86,788,2235,1683,1084,2227,1983,1,0,3,1185,1,55.34,0,3907,36.99,4,48.14,59.81,74.05,66.16,47.07,2,57.4,62.38,42.87,56.39,595,1088,888,798,62.19,NA,31.61,50.15,1,504,42.72,4,NA,50.68,1,NA,1
1969,1,48,0,7,1,1038,62.2,2,55.69,1047,1,41.66,606,NA,561,493,652,1601,0,1,2,NA,0,49.27,0,564,38.12,6,40.77,73.48,58.64,48.02,33.32,1,60.76,37.7,55.23,42.55,1055,1292,1347,785,57.11,0,31.38,44.4,0,450,37.1,8,1,44.46,1,39.81,1
1970,0,72,8,3,0,5936,NA,1,62.32,2278,NA,NA,3665,3050,2219,1921,1414,2377,0,0,5,3773,1,61.98,1,NA,NA,5,69.37,55.93,49.11,65.54,61.26,2,65.35,58.58,50.35,62.66,6398,4533,2706,10087,50.09,2,71.65,NA,1,1130,59.16,0,0,62.64,7,51.18,1
1971,0,43,15,4,0,4022,57.42,3,38.79,1144,0,49.84,5095,4444,NA,3647,4019,1182,NA,0,1,2670,0,57.32,0,1125,53.21,3,46.79,46.64,71.38,NA,53.69,7,48.25,41.7,64.03,33.78,434,668,706,1174,42.52,NA,63.16,49.85,1,NA,58.23,2,0,64.54,5,NA,0
1972,0,50,7,3,0,2839,74.82,2,61.94,1040,1,40.16,1137,1635,597,1176,2046,985,0,NA,5,1112,1,38.19,0,NA,63.72,1,46.86,40.58,NA,39.15,48.17,5,47.23,39.52,42.09,65.29,1586,1116,2116,1841,46.99,NA,61.97,57.29,1,2556,64.5,2,0,36.01,3,54.08,0
1973,1,68,6,2,1,1379,45.52,3,21.95,1191,0,38.86,846,2110,NA,4024,1735,909,1,0,3,999,0,46.69,1,1207,47.83,4,42.74,51.68,51.07,57.56,NA,4,36.93,48.65,42.02,37.34,1766,1540,1603,1105,55.15,5,50.17,51.74,0,1897,52.57,4,1,42.26,1,46.33,1
1974,0,68,9,3,1,1408,51.55,NA,38.4,798,0,42.54,543,889,659,1087,1963,954,0,1,2,1195,0,53.55,0,770,29.77,4,56.63,65.46,NA,54.33,55.27,4,66.37,57.46,47.55,53.67,536,874,686,NA,50.08,1,48.23,NA,0,704,58.36,4,1,32,3,60.73,0
1975,0,39,3,3,0,2372,39.72,4,53.23,NA,NA,39.14,2110,1801,1086,1524,2292,2394,1,1,2,893,0,63.91,1,1501,49.71,1,58.87,42.4,53.1,55.93,35.08,2,35.23,52.1,28.56,25.25,920,1975,2675,3526,67.93,5,46.71,49.51,0,1608,40.95,2,1,46.02,4,64.62,1
1976,1,56,16,2,0,3929,53.58,4,49.4,2260,0,NA,2977,1457,968,1361,1300,1820,1,1,NA,NA,1,NA,NA,1808,NA,0,52.84,57.49,68.87,51.87,NA,4,65.47,47.19,64.41,42.3,831,1244,1694,885,49.24,2,40.43,NA,0,673,60.03,1,0,64.51,3,58.77,1
1977,0,37,3,5,0,1332,37.16,5,44.56,1830,0,40.73,843,1010,1197,4447,1479,1573,0,0,2,1877,0,35.65,1,1012,34.62,2,NA,56.79,NA,47.85,48.95,1,53.86,46.73,36.74,56.17,1450,1439,1915,1448,44.78,NA,62.04,49.92,1,836,44.52,3,NA,50.14,0,43.3,1
1978,0,46,9,7,1,1503,NA,NA,51,1135,0,30.16,NA,1544,1496,1729,944,1619,1,1,2,1970,0,57.16,0,1084,54.3,3,44.46,55.48,33.47,47.22,42.11,3,44,38.23,63.5,46.37,2254,2179,1348,3256,57.69,4,52.26,57.88,1,2738,43.06,4,NA,NA,4,62.28,1
1979,0,44,6,3,0,2180,70.54,3,53.86,895,NA,46.72,1825,1249,3222,2605,3565,NA,1,1,1,NA,0,33.16,0,353,58.1,NA,44.11,55.88,59.81,45.69,NA,3,38.78,46.13,57.47,34.24,2325,1314,2223,1826,32.66,4,36.65,65.91,1,2911,73.49,0,NA,75.06,4,59.87,NA
1980,1,43,8,8,0,1773,NA,4,40.9,2807,1,49.54,NA,1356,1614,NA,1344,NA,1,0,2,1206,0,57.05,0,1133,52.04,2,44.09,65.86,51.09,52.59,NA,2,58.83,45.91,37.39,47.79,906,784,989,384,49.56,2,39.46,51.18,1,1264,42.27,4,0,NA,2,48.34,0
1981,0,39,7,2,1,2100,52.46,4,42.58,1636,0,48.98,2858,1020,2720,3075,1174,1958,1,1,4,1149,1,70.95,1,2703,62.93,3,58.25,42.27,51.92,NA,55.69,3,NA,42.19,62.77,64.72,660,647,981,849,41.02,3,NA,34.02,0,640,44.74,4,1,48.52,4,32.22,0
1982,1,44,12,3,0,2064,42.09,3,38.39,324,0,64.35,1585,2728,1224,2037,1914,1529,0,1,4,2184,0,59.97,NA,692,42.71,1,51.52,46.29,57.47,66.58,NA,NA,65.2,44.36,41.46,39.85,1244,NA,1906,1285,43.32,6,66.66,60.82,1,1047,48.91,6,0,27.19,1,56.46,0
1983,0,31,4,4,1,1482,40.74,NA,36.92,1658,1,49.08,800,446,753,1326,NA,NA,0,0,5,1528,0,52.47,0,1393,NA,1,71.85,59.98,49.44,NA,49.81,3,39.63,36.64,54.35,63.66,2558,1728,1725,1530,NA,5,56.99,NA,1,635,39.92,NA,1,39.35,3,44.21,0
1984,0,40,5,5,0,1146,NA,6,NA,2600,1,49.99,759,2920,1909,723,3454,1685,0,0,NA,NA,1,33.92,1,857,45.4,0,47.94,59.29,33.52,72.76,45.88,3,63.95,44.66,82.57,63.86,1367,903,1362,797,50.02,0,24.23,47.49,0,995,60.66,1,NA,47.15,2,59.89,1
1985,0,30,3,6,1,2155,47.34,4,35.91,1432,NA,45.77,766,507,1277,1160,2103,2527,0,NA,6,1288,0,48.25,1,4482,24.16,3,39.27,56.82,50.83,49.99,43.15,4,51.17,46.01,51.59,50.53,685,593,1037,1027,49.8,3,48.8,NA,1,3231,51.96,NA,0,46.43,4,42.9,1
1986,0,46,11,3,1,4089,50.85,4,41.07,4597,1,68.53,2287,1068,1842,1077,1715,1497,0,0,5,1169,1,42.11,1,1392,55.81,4,45.02,58.25,37.5,60.36,NA,5,50.74,40.82,49.66,NA,740,747,NA,1364,54.79,4,59.42,46.3,0,1710,58.49,4,1,41.24,6,51.72,0
1987,1,34,-0,7,1,542,59.86,3,36.42,987,0,44.79,983,1061,848,NA,1049,2307,1,1,1,2563,0,NA,NA,1880,60.12,3,43.96,55.77,54.21,50.87,NA,3,54.24,43.42,43.51,36.02,8968,5214,3949,2936,63.31,3,62.59,55.58,0,942,40.43,3,1,NA,4,60.82,0
1988,1,24,8,6,0,2013,43.18,3,37.85,392,0,43.89,NA,1962,1635,1372,742,NA,NA,1,4,1618,1,40.91,1,2470,48.48,4,NA,55.91,52.2,NA,39,2,56.38,38.68,40.8,37.79,2387,1854,1461,2000,52.05,5,50.31,45.39,1,621,46.85,3,0,45.4,3,33.56,1
1989,0,32,3,6,1,2376,42.5,4,51.76,1576,1,63.21,853,2088,1883,2147,2016,1368,1,1,NA,1764,1,55.44,1,1636,51.17,5,46.39,43.54,24.66,56.06,45.47,5,63.95,39.1,60.67,46.44,1388,1245,1349,1186,58.68,5,56.75,53.7,NA,NA,46.48,2,0,44.94,2,46.66,NA
1990,0,39,4,3,1,1283,41.89,3,46.26,1175,1,43.7,1067,2038,1154,1151,2254,1306,1,1,1,389,0,58.2,1,1125,67.68,6,53.24,50.33,NA,54.18,39.66,3,39.93,57.86,41.88,52.05,1847,746,775,822,49.97,1,55.88,62.63,1,2960,75.61,3,1,60.18,4,56.68,NA
1991,0,18,8,4,0,914,52.22,1,48.04,1161,1,54.69,1456,1101,3687,1532,2354,NA,1,0,0,NA,1,31.31,0,676,38.9,4,48.57,26.79,59.36,44.16,72.63,2,42.04,56.68,46.3,64.91,1300,1056,1856,1138,53.25,2,37.29,NA,1,480,46.43,6,NA,32.55,3,32.22,0
1992,0,39,10,2,1,1238,52.9,4,46.58,902,1,43.31,1660,797,1682,683,1426,802,NA,1,2,1354,1,45.78,0,687,NA,5,54,37.48,46.41,53.03,32.35,3,47.77,36.66,29.15,NA,2150,2602,1839,2405,25.14,0,NA,37.33,1,931,53.19,3,1,62.28,3,37.68,0
1993,1,27,8,4,0,3129,NA,1,31.25,1048,1,45.42,999,3076,496,1088,979,3900,0,1,6,1077,1,63.27,0,3194,55.57,0,NA,69.5,63.3,54.55,63.96,1,46.59,57.87,NA,72.25,1193,1473,1835,978,61.49,NA,72.23,52.21,0,1813,41.42,2,1,60.08,1,37.9,1
1994,0,42,2,4,1,633,42.45,6,28.2,NA,0,52.38,2350,1347,1209,1352,1185,NA,0,1,4,779,0,46.21,0,1703,54.68,2,NA,48.66,48.1,43.22,44.25,3,48.87,58.93,84.7,48.77,851,477,NA,788,53.9,3,30.58,35.39,0,NA,30.34,6,1,50.48,2,23.27,0
1995,0,21,6,7,0,2023,53.38,0,59.3,1713,1,54.68,793,1828,2212,NA,2516,NA,1,1,NA,2013,1,61.46,0,2339,52.24,1,64.79,54.59,NA,54.55,75.8,2,65.98,63.16,63.81,53.36,1017,666,811,786,58.46,4,47.08,58.54,0,3742,63.3,1,1,59.87,NA,66.43,0
1996,0,44,7,2,1,1061,33.22,3,NA,2072,0,31.77,2053,2261,1729,3545,2138,552,0,0,2,1013,1,54.1,1,603,49.54,2,44.45,48.8,63.09,55.06,58.05,5,45.9,44.38,59.36,39.45,415,730,599,381,45.23,4,45.34,40.48,0,777,49.87,4,0,36.14,1,51.33,0
1997,0,43,-0,2,1,3350,57.62,1,43.51,3628,1,42.78,2456,2153,977,692,2048,1344,NA,1,1,1343,0,54.49,1,NA,54.21,5,57.77,NA,58.06,51.58,39.96,3,58.9,NA,47.67,52.18,2882,6355,2032,5190,69.56,5,57.79,71.55,1,1995,62.05,1,0,70.02,7,57.67,NA
1998,1,38,5,6,0,1105,47.95,3,57.79,761,0,NA,1365,3076,3848,3001,886,1541,1,NA,1,775,1,51.45,0,1364,53.04,4,44.48,65.74,60.12,50.34,43.93,6,43.7,55.84,40.25,27.85,889,2907,980,NA,50.79,1,52.57,49.53,0,1573,37.22,2,1,54.13,1,38.24,0
1999,0,46,6,2,1,1107,NA,4,52.03,684,0,48.53,2276,1484,1362,993,1479,1389,0,0,3,3201,1,59.52,0,2921,57.6,1,58.86,47.55,NA,48.84,42.13,NA,39.72,39.46,38.34,41.78,1607,1818,NA,1576,69.03,6,49.12,45.93,NA,569,51.81,4,1,45.84,3,NA,1
2000,0,33,12,6,1,8552,45.17,0,60.19,2061,1,NA,2434,1996,2535,4719,1851,3064,1,0,5,2236,1,50.55,1,2041,NA,1,42.19,51.49,64.29,46.32,51.45,4,51.11,47.47,42.54,NA,890,702,1885,881,69.4,6,51.45,49.67,0,1463,NA,5,0,53.96,4,47.68,0
2001,0,41,11,4,1,3294,42.62,4,49.22,1187,1,32.74,1978,2046,1040,1246,2302,2150,1,NA,5,2318,0,65.21,NA,1233,NA,4,49.91,47.84,67.68,NA,31.88,5,56.34,44.32,43.52,39.54,1092,1601,1958,1277,39.11,3,41.54,59.68,1,5354,69.55,2,0,55.14,5,69.33,NA
2002,1,41,10,4,1,446,65.77,4,60.73,2300,1,38.21,409,1713,896,1439,664,684,0,0,3,NA,0,45.15,1,612,55.23,6,50.3,32.77,44.05,50,44.88,3,43.2,26.26,55.94,37.1,1941,3300,NA,1727,46.02,1,44.39,47.68,1,2043,44.04,2,0,51,4,58.87,0
2003,0,52,6,2,1,3359,46.89,4,43.53,904,1,63.65,3734,4500,NA,2818,3181,723,1,1,3,1420,1,NA,0,5214,60.11,0,54.54,53.08,35.33,29.92,NA,0,48.37,49.64,NA,52.16,1230,886,1433,1114,67.42,NA,41.87,27.42,0,1688,43.38,6,1,NA,1,47.59,0
2004,0,32,2,5,1,1216,NA,1,40.37,1046,1,51.77,1676,917,389,NA,1436,747,0,1,4,750,1,42.21,0,2265,NA,4,59.09,37.62,36.5,56.84,35.18,2,35.67,60.85,57.94,41.47,4143,4042,2864,3594,39.53,NA,52.9,60.11,1,1442,62.96,2,0,NA,6,52.88,1
2005,0,50,11,1,1,1703,39.73,3,52.04,1154,1,44.49,NA,881,838,700,755,1358,1,1,NA,2483,1,42.57,0,2604,NA,5,NA,51.48,32.74,63.76,56.69,NA,62.6,56.09,44.91,40.54,1164,1143,1701,1507,66.73,0,49.6,50.31,0,983,44.18,3,NA,67.18,4,65.83,0
2006,1,40,1,3,0,1016,37.66,4,57.61,2273,0,55.52,1031,620,818,780,NA,1331,0,1,2,1707,1,54.05,NA,823,62.34,4,62.03,50.86,48.88,55.78,50.97,4,NA,39.24,62.25,49.8,1083,1111,1193,965,53.24,2,45.02,79.43,1,1713,67.82,0,0,55.89,5,55.79,NA
2007,0,44,10,4,1,963,NA,5,53.78,1935,1,38.6,1530,577,1120,1455,1409,NA,0,0,5,924,1,46.22,NA,NA,NA,3,35.98,41.78,51.03,51.66,NA,3,60.73,31.15,NA,44.34,1869,1565,2190,3472,34.06,4,38.55,36.35,0,745,41.17,3,0,56.3,4,40.43,NA
2008,0,28,0,4,0,1444,18.92,3,48.69,1394,0,28.53,578,754,861,853,404,830,0,1,1,1513,NA,29.99,0,855,50.37,4,28.62,39.27,60.15,74.28,46.11,2,64.91,41.65,48.67,44.43,2532,1287,NA,NA,32.24,4,43.21,43.73,1,1497,37.53,2,1,38.42,5,44.82,1
2009,1,51,3,4,0,2311,53.92,1,47.73,2073,0,43.46,881,880,4813,958,629,1458,NA,0,NA,1471,1,46.46,1,1702,45.26,3,51.62,47.28,54.87,45,55.86,3,NA,50.57,48.59,41.92,561,1039,852,1178,51.97,4,57.49,59.67,0,2279,75.45,2,1,58.3,7,61.62,1
2010,1,42,5,3,0,1570,42.69,4,50.45,1420,0,37.09,1723,1144,NA,2166,NA,4132,0,1,NA,NA,1,52.78,NA,NA,NA,4,56.64,36.18,60.24,NA,64.78,4,46.98,41.23,38.42,50.99,NA,765,1043,1471,69.38,3,57.2,47.67,0,2576,30.68,4,0,40.49,4,45.87,0
2011,1,35,6,3,0,3931,NA,3,50.17,1038,0,43.09,2260,4864,1563,1521,2743,NA,NA,1,2,2857,1,62.27,1,4135,62.64,3,35.05,57.41,41.99,25.39,50.44,3,35.81,32.94,37.96,34.33,1171,980,NA,1450,29.52,3,44.99,40.48,0,495,41.45,NA,0,48.92,0,36.49,1
2012,0,48,9,5,0,1448,27.03,4,46.86,1754,1,41.68,1266,1191,1213,1285,2768,1600,0,0,2,942,0,45.33,1,1540,48.68,1,42.46,55.48,61.37,47.14,48.38,1,55.62,74.1,50.16,36.55,944,962,771,598,42.78,1,31.06,33.42,1,1853,44.72,2,NA,39.62,1,51.01,0
2013,0,25,8,7,1,839,48.83,6,44.39,888,0,57.92,1388,1561,1843,615,875,703,NA,0,2,1505,0,44.33,NA,779,57.03,4,50.39,41.73,32.97,52.94,37.41,1,40.78,26.29,45.88,50.1,1237,1505,835,1193,44.96,2,45.29,35.69,0,1026,45.46,3,1,64.79,3,51.94,NA
2014,0,49,5,1,1,881,62.14,4,55.97,602,1,57.59,3116,1194,1218,1002,NA,460,0,0,2,878,1,48.56,0,632,NA,3,47.7,54.66,67.56,42.19,34.37,2,NA,53.72,54,58.3,749,989,NA,821,NA,2,NA,NA,0,1339,62.91,NA,0,45.26,3,42.23,NA
2015,1,49,8,3,0,1650,56.55,2,58.68,2165,0,69.03,1270,2059,853,1065,1698,2275,1,NA,4,1209,1,46.88,0,2211,28.8,3,37.56,56.58,60.14,44.61,61.71,2,55.96,52.44,NA,NA,1529,2068,2037,1115,30.62,5,43.28,62.45,0,1105,54.33,2,0,46.6,1,47.18,0
2016,0,22,9,3,1,3536,52.92,5,49.94,1276,0,70.18,1240,2385,NA,5211,2149,1314,0,1,NA,1698,1,40.4,NA,NA,54.76,7,NA,54.79,55.12,50.09,57.29,5,30.22,68.96,37.3,47.29,1530,1128,995,1039,56.86,1,56.63,57.96,1,2218,40.99,2,0,NA,4,43.18,1
2017,1,47,8,5,0,1335,45.55,3,49.45,1272,0,36.1,820,1460,3408,1021,824,1277,1,1,2,NA,1,49.46,0,1150,58.16,2,76.98,46.16,58.23,NA,54.49,0,61.88,52.79,42.23,40.7,NA,710,824,760,62.75,4,43.24,50.58,0,347,52.85,4,0,49.35,2,47.18,0
2018,1,45,2,3,1,2681,68.34,1,58.58,1650,0,68.74,678,1186,1223,1245,2567,NA,0,NA,4,2964,1,57.1,0,1981,40.34,2,40.87,46.5,40.55,39.49,53.73,4,47.79,60.33,54.42,60.48,1214,2070,2297,2750,42.92,5,59.93,62.34,0,2790,52.62,3,NA,42.84,3,50.74,NA
2019,1,48,5,5,1,2016,51,NA,45.09,2449,1,48.84,918,1614,1560,1879,1808,725,1,0,1,168,1,48.7,0,775,65.41,3,60.78,61.98,51.02,54.73,45.93,1,60.59,69.64,46.42,60.32,1715,1302,1056,1332,46.62,5,46.96,61.33,0,692,45.77,0,0,55.9,2,NA,0
2020,0,24,7,3,0,1341,54.07,0,59.59,1658,0,43.69,1135,577,1444,702,821,668,0,0,2,1550,0,54.62,0,NA,61.38,4,60.11,41.31,47.3,48.27,55.13,4,43.76,65.86,59.43,51.02,1523,978,1137,2331,45.15,3,45.23,45.27,1,879,40.27,4,0,33.88,0,48.23,0
2021,1,45,15,9,1,3071,59.35,2,62.22,960,1,65.72,2441,2900,1802,1969,1476,NA,0,1,5,1220,1,44.74,1,1580,52.06,2,36.61,59.44,54.93,55.82,63.37,0,50.16,51.31,55.8,70.09,NA,2487,2682,2270,69.94,NA,42.8,53.63,1,1968,58.69,1,1,64.44,2,45.02,0
2022,1,26,8,2,0,2897,26.96,4,53.43,632,0,60.62,2971,1210,1682,1234,966,849,1,0,3,1841,1,45.44,1,1415,61.16,4,53.62,59.19,NA,56.76,49.15,4,49.35,60.25,56.36,60.18,794,621,971,779,68.34,4,60.12,NA,1,1388,51.43,4,1,56.58,4,66.78,0
2023,0,60,14,4,0,1578,68.21,5,54.4,1892,0,34.42,945,NA,906,1786,780,6167,1,1,3,NA,1,53.06,0,1378,54.25,0,38.84,43.85,41.66,NA,47.15,4,40.72,36.41,NA,55.17,3587,4088,NA,2877,45.9,3,52.63,NA,0,1331,44.22,NA,1,58.48,3,NA,0
2024,0,40,4,3,0,3175,40.6,3,60.6,1640,0,57.5,1520,1854,1514,1184,1635,629,NA,0,3,1456,0,33.61,1,1724,48.22,1,42.35,46.28,44.45,33.78,56.36,4,50.98,45.47,43.61,NA,1953,1052,1436,2417,43.61,1,56.43,41.99,1,3177,52.9,2,0,45.67,5,53.07,NA
2025,1,62,10,3,1,2761,62.39,5,51.37,764,NA,52.07,1423,757,2650,2018,1974,1782,1,1,4,1664,0,66.52,0,1020,55.86,3,28.65,45.32,62.81,45.65,44.19,4,51.85,57.24,38.2,44.1,640,1195,NA,1211,51.55,4,39.07,54,0,2137,35.06,1,1,57.83,3,55.43,1
2026,0,24,2,1,0,1615,62.5,1,42.68,795,1,48.65,NA,641,1270,1225,1190,1092,0,1,3,1781,0,61.53,0,2136,50.19,1,49.36,45.55,62.16,19.95,64.25,5,39.87,52.79,NA,62.04,1032,1267,865,903,64.32,3,42.29,42.72,0,3254,46.21,4,1,51.88,4,56.83,0
2027,0,54,0,4,0,2646,42.56,NA,65.7,1687,1,NA,2912,1099,1061,1929,1864,1714,1,1,3,NA,NA,52.78,NA,753,53.02,3,52.96,46.76,46.19,47.79,42.48,NA,50.17,50.62,59.64,50.13,857,948,1245,773,52.1,3,54.15,55.73,1,1142,61.15,1,0,53.65,6,55.92,1
2028,0,28,9,2,0,1347,57.8,3,30.87,802,0,45.14,657,1047,801,1254,548,NA,0,0,NA,866,0,44.92,1,NA,19.47,3,46.29,50.58,31.03,NA,47.69,3,66.33,NA,42.4,34.81,1246,1084,NA,NA,68.49,0,58.57,38.56,1,900,42.27,5,1,41.14,1,50.6,1
2029,0,35,6,5,1,3267,NA,NA,42.93,961,1,52.26,1036,1950,NA,1372,NA,806,1,1,4,2530,0,52.72,NA,2828,NA,5,53.23,24.75,34.49,64.28,70.44,5,48.54,36.44,56.33,44.19,NA,1319,1714,2465,59.35,2,46.42,58.37,1,1456,52.72,4,1,50.88,3,45.8,1
2030,0,32,11,1,1,2522,54.07,2,65.09,1024,NA,46.51,1435,1710,NA,1745,809,1149,0,0,4,1687,0,46.81,1,1488,57.73,3,52.4,31.48,46.27,NA,55.37,3,NA,NA,52.72,49.28,1267,1021,1562,1168,76.32,2,49.21,NA,0,947,54.2,3,0,54.68,2,53.79,NA
2031,1,24,7,3,0,2301,60.23,5,62.85,1045,0,60.45,831,755,756,981,530,776,1,0,1,NA,1,36.07,1,663,42.8,3,NA,41.06,41.01,60.92,54.61,4,48.15,NA,66.38,49.08,1728,873,1720,1149,56.75,5,58.11,47.47,1,931,39.71,3,0,38.46,2,NA,0
2032,1,47,11,5,0,4031,40.64,2,51.51,1773,1,51.89,3047,2319,1362,944,3687,4049,0,1,4,1758,1,49.9,1,NA,53.83,3,59.69,45.63,44.96,NA,50.19,4,53.13,54.8,63.62,52.49,2754,2312,2065,2199,53.58,2,62.79,68.29,0,4936,67.35,1,0,56.46,7,56.12,NA
2033,0,50,3,9,0,1323,42.62,3,NA,1867,0,41.27,632,1218,1592,1254,NA,1855,0,NA,3,744,0,50.88,0,1671,50.67,3,48.74,NA,58.84,33.53,53.39,4,55.66,52.93,38.85,46.61,2092,4162,3197,NA,43.15,4,51.55,66.8,1,805,41.8,3,0,53.41,3,56.42,0
2034,0,28,4,2,1,1257,45.54,2,49.57,1013,0,72.88,NA,1323,NA,1058,1566,652,1,NA,4,2043,1,NA,0,1283,64.36,4,45.59,48.73,46.17,43.9,34.4,5,36.6,44.95,38.21,46.86,1783,1123,1354,2257,50.73,NA,40.46,39.41,1,834,NA,3,1,49.79,1,52.53,0
2035,1,47,7,5,1,1960,69.85,3,49.68,3704,1,71.44,3529,2236,NA,1257,2504,1620,1,0,3,720,0,48.28,0,2380,42.6,1,50.82,51.17,57.37,46.31,57.13,4,46.94,48.38,57.69,36.78,2446,3665,2137,3638,40.98,5,66.34,60.91,1,1511,62.81,0,0,63.4,4,66.52,0
2036,0,44,7,6,0,679,58.29,1,47.29,877,0,61.3,1172,1534,1318,1680,2052,2736,1,0,7,2787,0,40.44,0,1626,50.69,NA,NA,43.05,44.79,47.02,54.58,2,43.48,42.86,56.89,51.04,1036,1110,NA,1606,45.17,0,41.08,47.01,1,332,NA,NA,1,49.07,1,36.54,1
2037,0,45,2,1,0,1847,NA,1,48.8,3309,0,58.16,1079,1828,975,896,1105,758,0,NA,3,993,1,32.59,0,633,56.12,3,43.2,56.87,41.16,38.77,49.56,7,58.41,56.47,40.03,53.08,1303,2120,907,1702,NA,2,49.18,66.21,0,NA,52.69,4,1,48.24,3,53.67,0
2038,0,18,8,6,1,3108,59.9,NA,53.56,950,1,46.3,2880,1320,2277,2882,1412,914,1,1,6,2511,1,68.1,1,1295,65.03,4,50.69,62.28,65.51,NA,NA,3,69.71,NA,39.54,36.17,1470,1220,2614,1318,46.35,2,46.6,36.8,0,1013,49.06,3,0,42.44,2,46.55,1
2039,0,41,8,5,0,1225,39.23,4,44.64,1383,1,57.57,1025,1190,780,1471,1958,1478,1,0,6,2597,1,69.63,NA,1993,45.4,3,NA,65.08,50.22,NA,60.87,2,63.98,56.14,59.33,NA,1248,1774,1645,1369,36.5,2,44.01,48.67,1,NA,48.67,3,0,52.04,3,53.11,1
2040,0,41,4,1,1,3302,57.91,3,42.27,1765,0,51.51,3305,2055,1039,1799,1670,1633,1,0,4,1985,1,60.04,1,4559,NA,3,56.46,66.1,56.25,68.09,58.87,NA,55.41,49.47,71.1,41.02,NA,4035,5440,4121,32.04,6,53.31,67.81,0,2938,52.16,2,0,53.36,4,60.72,1
2041,1,58,3,5,0,3360,33.45,2,64.2,1064,0,47.06,2652,2768,NA,1681,NA,2890,0,1,5,2697,0,53.19,0,1847,50.54,2,49.77,49.49,NA,46.5,45.3,2,65.88,58.08,46.1,64.35,2361,1577,1533,837,53.53,3,74.74,70.39,1,1000,53.97,NA,0,68.7,5,59.86,1
2042,1,31,7,5,1,1257,NA,NA,48.3,1123,0,43.38,1045,852,1055,1226,2248,1650,1,0,1,821,NA,47.04,1,849,62.01,3,62.8,66.28,NA,41.96,50.64,6,39.4,41.48,46.71,37.22,1855,822,699,1831,57.01,3,49.86,52.51,1,1357,34.67,1,0,39.64,4,32.06,1
2043,0,18,5,5,1,1821,54.82,NA,35.48,400,1,NA,918,673,2171,1158,929,664,0,1,2,NA,0,52.28,1,1363,79.05,4,35.06,37.25,46.62,61.97,48.43,6,NA,46.75,20.06,50.81,661,682,968,597,51.79,1,40.77,NA,1,976,52.84,3,1,48.09,2,NA,0
2044,0,34,10,6,1,859,60.57,2,54.69,1148,1,57.37,NA,3618,869,841,1427,NA,1,NA,5,1253,1,49.7,1,1848,55.7,1,NA,53.9,63.07,32.04,55.41,3,57.93,50.32,47.45,52.38,NA,1271,1658,1707,47.88,5,52.27,58.35,0,988,48.07,5,1,38.23,3,55.96,NA
2045,0,43,14,2,0,1929,51.52,1,48.51,2511,1,57.77,865,950,NA,752,3546,1971,1,1,3,1762,1,51.24,1,1348,48.54,4,48.23,25.58,35.85,41.45,40.29,3,37.58,51.41,55.88,NA,1353,1513,1196,1111,51.36,NA,49.36,46.61,0,1896,44.39,4,0,34.33,1,28.8,0
2046,0,51,9,7,0,3019,NA,5,54.19,3282,0,60.91,725,782,855,1035,NA,NA,0,NA,2,672,0,41.11,1,1285,37.91,0,52.6,37.36,52.81,47.22,33.39,NA,55.51,42.22,50.83,28.62,1478,860,NA,1358,NA,3,48.79,47.55,0,2905,62.7,NA,1,63.39,3,62.03,0
2047,0,53,15,3,1,4214,44.01,5,51.1,3038,NA,47.3,1573,1190,765,842,NA,3999,1,0,3,1559,1,64.5,NA,4635,35.86,3,NA,70.03,57,NA,47.33,2,46.15,55.92,63.8,NA,1334,1628,2363,1667,49.79,5,62.07,NA,1,2504,58.71,4,0,54.88,4,67.78,NA
2048,1,62,6,5,1,2644,57.5,0,58.04,696,1,57.16,2941,7975,2408,2648,2956,1655,1,0,4,NA,1,45.25,1,NA,45.49,4,50.8,60.39,69.71,47.85,43.89,0,44.58,NA,53.62,NA,1766,2030,3520,NA,67.29,3,72.29,NA,1,1359,48.65,2,1,53.19,1,48.37,0
2049,0,23,13,4,0,1715,48.98,2,58.12,2352,1,35.82,2455,NA,3221,1599,1213,1553,0,1,5,4180,1,37.32,1,NA,47.52,1,39.45,34.32,63.36,49.27,49.83,1,43.57,50.9,46.02,45.09,1485,1643,1627,1285,54.57,2,44.85,68.83,1,1356,62.13,0,1,NA,6,53.63,1
2050,0,53,7,7,1,930,45.36,3,42.44,447,0,65.65,376,614,674,552,663,1378,0,1,1,1173,0,44.45,0,2186,50.01,2,55.91,32.17,42.29,28.64,38.64,6,NA,36.12,NA,49.34,1438,1196,1015,1690,45.19,3,45.52,NA,1,2670,65.49,1,1,59.55,7,59.19,1
2051,0,36,10,5,1,2569,55.09,4,69.03,701,NA,53.7,1995,2383,2491,923,1540,1551,1,1,3,1629,1,58.53,1,2694,54.46,1,52.18,44.53,46.61,53.17,57.76,3,43.05,55.63,45.44,58.25,450,414,524,874,53.66,2,NA,47.6,1,826,50.74,NA,0,52.37,5,48.03,0
2052,0,52,7,5,1,2855,32.54,3,44.46,1951,1,45.12,2575,1236,519,1135,1113,2225,0,1,3,2420,1,56.67,1,2241,NA,0,55.45,49.01,NA,58.97,NA,NA,36.54,50.01,38.1,49.85,805,843,893,558,38.26,6,66.57,67.68,0,1753,59.41,3,1,52.46,3,46.15,1
2053,0,18,2,7,0,890,55.1,3,40.83,2202,0,39.37,1206,2280,939,1592,1184,886,NA,0,4,NA,1,51,0,1906,44.34,2,49.4,40.79,56.42,54.22,51.41,2,NA,43.28,NA,34.76,520,480,418,386,68.58,2,38.74,NA,0,632,57.04,4,1,47.21,2,62.47,NA
2054,1,29,17,5,0,1945,58.9,5,40.27,620,0,51.81,2303,3288,591,NA,NA,1878,0,1,6,1399,1,61.4,0,3503,49.54,1,42.68,47.42,45.03,40.76,55.25,6,20.39,43.49,38.84,55.3,974,1100,NA,606,48.27,3,47.07,36.79,1,1521,45.41,NA,NA,44.24,1,32.22,0
2055,1,26,7,10,1,666,59.44,2,49.01,1163,1,47.2,1731,1815,1274,465,540,1557,0,1,3,1820,0,46.21,0,2592,36.89,1,58.91,52.79,46.73,48.47,NA,4,52.88,44.99,45.81,52.04,1694,1095,1357,591,29.98,3,56.72,47.61,1,863,40.18,NA,1,49.76,2,38.1,0
2056,1,46,0,2,1,2335,NA,4,49.83,2257,0,55.82,2857,854,2197,975,1031,864,1,1,5,NA,0,58.6,0,612,36.36,1,44.45,57.26,50.73,57.25,46.91,4,61.58,45.3,67.82,53.32,906,2713,1885,1672,49.8,4,43.41,68.52,1,NA,62.49,1,0,55.73,5,48.35,0
2057,1,41,7,2,1,1910,43.24,2,NA,1675,0,59.82,NA,4047,2466,1120,1850,1343,NA,1,3,672,0,47.52,1,1577,36.24,5,NA,49.56,51.7,NA,44.59,5,47.27,46.65,53.96,54.92,894,2911,1694,1151,39.79,2,51.8,53.94,0,NA,54.55,2,0,63.2,5,60.74,1
2058,0,66,6,3,1,971,NA,6,60.22,1171,1,39.01,767,670,658,958,1964,558,1,1,2,1655,0,41.25,1,NA,NA,1,64.65,52.2,32.38,NA,NA,1,NA,70.44,46.13,41.35,NA,1571,863,970,51.61,2,60.72,NA,1,NA,55.88,2,1,65.99,3,49.08,0
2059,0,18,11,4,1,1808,65.92,3,58.33,NA,1,64.37,1252,1990,1937,1152,801,1899,1,1,2,3031,0,51.8,1,3353,57.42,4,NA,44.13,NA,27.74,54.36,4,46.86,29.82,65.73,63.35,1894,1637,2288,1953,50.02,4,63.69,47.31,1,701,42,2,1,32.47,1,32.92,0
2060,1,50,0,1,1,1798,68.36,4,46.79,2453,0,48.97,2987,4398,2954,869,NA,3541,0,0,1,644,0,22.93,1,1241,48.75,1,45.21,38.63,71.53,59.72,NA,3,60.31,51.67,45.96,24.71,553,688,993,606,58.88,1,47.49,62.97,0,541,36.08,NA,1,44.01,4,33.9,0
2061,0,68,13,7,0,3281,51.72,3,60.33,2344,1,49.62,816,1927,NA,NA,1238,2530,0,1,5,1541,1,64.49,1,2241,66.71,6,53.09,41.22,47.15,58.36,43.99,3,49.89,61.12,65.75,47.7,2017,1007,1078,2188,NA,NA,72.74,41.06,0,1435,45.81,2,NA,43.36,1,NA,0
2062,1,56,7,8,0,3084,36.26,3,36.83,1282,0,40.73,1008,829,958,648,620,1190,1,1,3,NA,1,37.82,0,2040,61.4,4,31.12,31.46,NA,41.81,NA,4,39.8,37.19,42.79,55.79,713,1204,647,711,64.41,NA,36.66,63.39,1,1371,49.35,NA,0,59.26,3,58.11,0
2063,0,45,6,2,0,3248,55.93,6,49.34,713,1,48.72,3112,3106,635,2312,1622,1150,1,0,3,NA,1,48.81,1,NA,39,6,50.38,44.43,57.54,NA,35.23,0,67.62,48.18,60.18,57.53,1153,2416,NA,1391,49.99,2,46.11,NA,1,2038,74.42,NA,0,63.28,5,67.28,1
2064,0,29,2,3,1,1828,NA,4,37.18,1956,1,42.33,1156,1109,2130,3271,1083,1085,1,1,3,2970,0,44.57,1,1384,62.02,4,58.1,40.22,63.47,51.22,NA,1,49.35,34.08,56.93,54.98,1108,1472,1060,1105,71.03,4,50.45,47.49,0,1381,56.38,NA,NA,52.72,4,39.93,NA
2065,1,22,7,3,1,4321,45.3,5,27.5,865,0,42,1734,1872,1818,4354,2892,822,1,0,0,1164,0,NA,1,1039,49.19,4,51.5,66.47,33.38,39.32,61.59,NA,52.34,NA,49.57,50.69,2486,3184,1931,1785,56.79,3,54.93,63.74,0,3065,56.22,3,0,51.54,2,52.49,1
2066,0,47,12,3,0,2065,NA,5,50.89,1460,NA,48.94,1919,NA,1116,NA,593,1306,0,0,2,677,0,31.23,1,NA,55.55,5,51.35,62.91,56.23,41.56,44.83,6,NA,69.44,53.28,55.43,1969,2788,2739,2084,42.36,4,50.99,45.19,0,1256,34.58,3,1,55.78,6,47.53,0
2067,0,42,5,4,1,4739,64.73,NA,37.07,634,1,52.54,NA,2030,783,1377,2446,750,0,NA,2,1356,0,NA,0,1045,51.25,1,NA,54.1,58.1,63.84,NA,3,36.74,47,41.22,51.23,1842,1690,1798,2255,53.7,4,64.01,53.84,0,1659,63.67,4,1,38.84,6,56.6,1
2068,1,33,4,4,0,1298,NA,2,38.26,NA,1,NA,785,1330,741,2478,621,1476,0,1,4,2300,0,61.43,NA,981,54.79,3,69.07,29.5,62.3,46.37,50.69,0,74.19,NA,44.45,58.11,NA,754,733,NA,NA,NA,38.17,57.35,1,1739,46.08,2,1,40.66,2,59.19,0
2069,1,35,8,4,1,1467,53.4,4,50.04,1005,0,53.52,1510,1329,1401,2010,NA,4964,0,1,1,1430,0,42.45,1,1062,54.59,2,45.53,27.46,52.81,51.52,36.22,3,48.33,54.79,54.95,60.66,3616,3242,4739,3135,41.7,NA,59.01,68.59,1,991,55.36,2,1,66.43,7,77.14,1
2070,0,62,6,3,1,1712,39.41,4,42.53,558,0,48.23,1090,796,1445,1423,855,1199,0,0,6,1750,0,53.95,1,3522,63,3,52.11,NA,44.18,25.71,NA,5,39.07,44.73,52.8,44.76,1207,1103,737,1222,37.97,1,30.64,47.02,1,1434,37.44,4,1,36.42,3,39.94,1
2071,0,44,5,8,1,844,64.37,NA,47.63,945,1,31.3,764,845,1043,714,578,NA,1,NA,0,980,0,54.8,1,836,61.59,NA,37.03,29.2,38.51,44.73,68.27,0,49.96,51.19,47.35,42.63,2722,2956,1985,3297,52.73,4,47.68,43.33,0,1575,49.17,NA,1,59.24,3,49.19,0
2072,0,51,5,4,1,1714,38.93,6,42.75,2196,1,40.14,1848,1826,1270,2109,589,1938,NA,1,NA,1426,1,51.21,0,619,46.58,1,46.35,42.7,43.19,53.94,56.79,2,64.79,58.94,48.2,34.51,664,990,882,647,42.12,2,38.96,43.35,0,546,43.09,5,1,35.14,1,27.32,0
2073,0,52,5,3,1,1228,NA,4,59.07,668,1,47.93,1148,693,559,541,409,NA,1,NA,3,1069,1,57.04,0,NA,58.7,4,45.71,60.04,40.18,63.91,51.6,4,56.04,63.02,46.01,46.68,732,657,651,381,35.66,0,53.8,53.79,NA,3046,71.44,0,NA,NA,NA,62.73,0
2074,0,49,1,5,0,1762,43.99,7,29.31,470,NA,37.69,NA,641,1258,1843,1854,1068,0,1,4,3152,1,53.68,NA,NA,47.09,8,NA,36.59,46.96,54.51,46.97,0,64.64,46.72,66.53,49.25,483,1262,NA,895,50.04,4,46.54,44.37,1,997,49.8,2,1,41.6,4,48.38,1
2075,0,44,3,3,1,4167,44.81,3,53.32,5346,1,NA,578,980,2514,1917,846,496,1,1,3,774,0,34.19,0,1378,NA,3,45.47,49.12,68.88,NA,68.1,2,55.27,45.2,45.98,46.44,860,1888,1052,869,59.97,3,55.63,60.92,1,2316,74.83,1,1,59.93,7,57.27,1
2076,1,19,5,3,1,821,NA,3,41.74,932,NA,48.74,1263,1827,1546,1064,1426,1302,0,1,NA,2229,1,59.71,0,NA,37.76,3,NA,60.37,60.39,NA,69.43,4,43.11,57.1,47.76,63.12,NA,1857,1204,1191,62.58,2,78.6,49.86,0,1307,42.6,6,1,NA,1,42.01,0
2077,1,30,6,5,1,1749,37.27,3,56.66,2115,1,52.39,1762,2112,1310,2132,2244,1913,0,0,NA,5651,0,58.56,0,1100,51.58,1,39.81,49.84,42.09,NA,35.71,4,74.95,34.64,49.35,67.97,NA,1319,774,NA,44.2,1,51.45,44.48,0,1131,55.48,4,1,NA,4,57,0
2078,1,61,4,6,0,1715,44.45,3,33.93,760,0,57.09,2161,1717,1253,823,4650,NA,0,1,4,447,0,55.55,0,1178,47.55,3,59.63,58.39,51.73,44.96,63.15,0,56.79,59.29,59.07,59.03,1519,846,570,1088,63.39,NA,64.2,60.4,1,867,52.48,NA,NA,49.35,2,NA,0
2079,0,48,12,4,0,2873,54.36,3,56.08,1099,NA,47.14,1451,1835,1288,2129,2561,1854,NA,1,5,1520,0,55.36,NA,1966,44.02,5,42.9,40.93,66.88,52.27,58.98,2,33.45,67.17,49.48,46.19,NA,1876,1595,2950,41.51,4,58.19,45.94,0,2569,58.09,NA,0,60.04,4,NA,1
2080,0,18,5,4,1,579,34.04,3,38.77,2050,1,35.61,731,1526,961,724,591,1625,0,0,4,761,0,53.96,0,NA,63.05,2,27.05,41.52,37.5,38.7,36.9,3,26.59,62.41,30.35,NA,NA,744,1044,717,37.02,1,42.58,40.23,1,732,36.44,4,1,57.77,5,NA,NA
2081,0,63,6,8,1,3176,44.55,5,54.43,1425,1,38.53,1748,3043,952,1739,2450,1445,0,1,4,1708,0,51.88,NA,1343,30.11,2,72.41,NA,54.38,NA,NA,4,68.74,59.82,66.11,59.33,2927,1846,6650,2347,39.98,6,NA,50.48,1,1524,62.49,6,NA,49.78,5,46.34,NA
2082,1,18,12,5,1,966,47.27,3,46.47,982,1,51.08,2306,2029,1945,1758,3583,1083,1,0,3,NA,0,NA,NA,NA,35.49,3,63.09,41.11,50.07,53.6,54.04,2,50.61,64.3,56.55,53.46,873,NA,575,NA,65.74,NA,47.88,66.11,1,630,53.57,3,NA,48.67,2,43.76,1
2083,0,57,6,4,0,3758,53.93,2,53.13,1026,0,57.52,2021,2249,1769,1157,2375,1015,0,1,2,787,0,47.85,NA,1668,60.25,0,48.76,NA,66.4,57.85,NA,3,53.44,61.5,61.37,NA,679,1111,1213,765,48.36,4,68.38,NA,0,1203,52.81,1,0,45.98,6,62.82,0
2084,0,37,6,8,1,1474,32.62,2,44.88,2691,0,63.55,1718,946,910,644,814,684,0,1,4,1287,0,62.98,1,3038,51.55,5,47.6,44.54,67.43,45.22,48.76,6,46.5,55.17,42.3,56.31,703,449,618,435,35.4,5,44.84,25.8,0,1815,41.01,5,NA,29.13,1,30.88,0
2085,0,56,7,2,0,2510,47.55,NA,59.89,812,1,43.89,1328,1573,1468,1110,1960,975,1,NA,1,NA,0,41.63,1,659,53.53,2,48.23,36.3,53.3,44.14,44.31,3,56.73,47.7,44.26,51.65,745,725,943,782,48.37,3,39.24,55.2,0,1300,40.09,2,0,56.45,3,55.1,1
2086,0,27,8,1,1,2136,48.08,2,NA,1051,NA,48.57,1373,2260,NA,2204,1125,2902,0,1,4,NA,0,40.64,1,1379,44.34,1,47.91,66.94,61.26,50.89,54.98,3,67.26,75.2,66.75,59.87,1073,1275,1179,1943,37.48,3,37,NA,0,1502,42.67,4,0,42.51,4,43.47,1
2087,1,54,3,4,1,1043,35.36,3,40.88,917,1,57.06,2306,1254,1030,601,614,1854,1,0,2,1385,0,58.23,1,NA,59.4,4,49.39,45.13,48.31,27.4,38.89,3,66.72,40.08,37.19,51.55,NA,2374,2396,3573,67,4,65.96,NA,1,1368,45.68,3,0,43.4,3,56.07,0
2088,0,53,8,4,0,2408,40.22,5,64,1148,1,61.26,1729,1274,1626,742,2205,1302,NA,1,5,1113,1,61.05,0,2243,47.97,3,39.57,53.3,64.58,51.38,51.18,4,NA,39.32,52.94,NA,1791,2135,1877,1664,66.57,3,48.12,78.13,0,2188,77.44,2,0,61.44,6,72.06,1
2089,1,45,12,2,1,3005,44.46,4,46.72,1209,NA,74.58,2464,1552,1087,1230,2760,3193,1,0,5,NA,1,58.64,0,2500,47.24,1,NA,40.73,54.85,NA,68.71,3,67.63,28.85,61.9,65.08,1520,1965,1868,2460,56.39,3,56.77,61.38,1,1046,49.77,2,0,58.97,4,NA,1
2090,0,41,14,4,1,2072,57.34,4,56.04,1414,0,38.74,784,814,NA,1041,946,1188,1,1,5,2599,1,66.31,0,2424,44.21,4,51.52,57.17,NA,55.37,NA,4,50.02,47.01,54.87,41.9,2393,1550,2186,1714,52.4,4,44.47,60.71,0,2489,69.4,1,NA,NA,4,65.66,0
2091,1,24,10,3,0,4048,40,4,45.91,899,0,39.84,628,2454,2416,2413,NA,1663,0,0,2,NA,1,39.23,0,4585,41.01,3,45.87,48.15,36.3,43.79,53.49,4,NA,52.83,31.78,47.95,1293,836,1358,1318,45.36,5,45.65,54.02,0,4284,61.76,0,0,50.97,5,71.14,NA
2092,0,63,10,4,0,3156,75.33,1,51.12,2310,0,NA,2096,1872,2675,2609,1896,1114,1,1,1,1634,0,46,0,2183,61.57,5,77.33,44.52,67.42,65.9,64.46,3,56.11,53.95,62.99,68.74,NA,2070,1803,3299,58.07,4,62.86,63.29,0,NA,60.25,NA,NA,41.05,4,62.01,NA
2093,1,55,10,4,1,3025,67.6,6,54.65,1275,1,59.77,1595,2105,3064,3574,1910,1960,0,1,2,1059,0,45.29,0,722,42.72,3,46.4,47.76,51.08,44.96,NA,4,31.89,55.93,74.68,51.34,986,1492,1193,1495,69.3,3,48.33,NA,0,2538,60.74,2,0,62.49,4,42.56,1
2094,1,59,14,7,0,1351,37.96,3,51.83,1428,1,35.2,532,1858,1306,1923,1822,2055,0,0,2,2165,1,59.66,0,1524,78.1,1,31.98,36.87,56.33,51.34,49.4,6,44.31,NA,36.23,54.66,1146,1978,2416,927,48.23,3,NA,72.76,0,1620,63.24,2,0,48.91,4,57.1,NA
2095,0,47,16,7,1,1739,40.88,5,NA,1553,0,46.84,810,1087,1315,1313,3253,546,0,1,1,906,1,41.92,1,589,45.01,0,56.32,60.94,55.34,54.57,55.51,2,65.38,45.17,57.6,55.22,877,1081,1321,1402,44.15,1,45.68,63.06,1,2162,71.8,3,0,49.54,6,52.78,1
2096,0,31,12,5,1,503,32.29,3,24.36,1640,0,43.04,951,1022,2858,573,920,957,NA,NA,0,678,1,46.99,0,NA,47.27,4,49.55,52.21,37.52,NA,52.78,0,65.03,31.18,50.04,NA,871,483,404,850,45.01,NA,22.83,NA,1,1198,46.86,3,0,46.08,4,44.53,0
2097,0,18,3,1,0,1359,57.22,3,58.13,880,0,39.43,1489,1141,1227,870,1216,2886,0,0,3,1055,0,40.9,1,1714,44.83,2,36.13,48.77,45.65,45.62,44.52,0,43.37,NA,44.39,60.38,1536,1834,1304,830,46.93,5,47.44,44.93,1,1105,40.55,4,0,46.16,3,26.95,1
2098,0,54,0,5,0,2286,63.58,1,55.52,1794,1,51.2,3128,2873,1392,4180,1932,1965,1,0,5,1248,0,46.29,NA,972,NA,4,29.79,29.4,45.24,49.53,40.11,7,49.48,44.58,34.97,30.2,876,804,740,NA,41.22,2,47.83,43.31,1,1498,53.06,2,0,52.37,3,48.63,0
2099,0,39,10,3,1,4401,42.82,5,45.9,702,0,38.5,1505,1520,1394,2394,NA,786,NA,1,2,1950,0,32.1,0,969,55.02,1,42.31,52.38,NA,46.15,34.47,3,41.8,49.29,59.71,39.85,1762,2051,NA,2601,30.43,2,42.63,43.72,1,2985,26.23,3,1,70.68,3,37.83,1
2100,0,45,4,9,1,1185,36.85,4,43.44,1289,1,22.57,1636,997,NA,961,1253,635,0,1,2,590,0,46.3,1,773,27.63,2,52.23,NA,46.98,53.12,58.78,5,50.27,55.23,52.67,43.32,1405,NA,556,463,61.61,3,26.15,33.86,0,661,45.3,5,1,38.63,4,45.82,1
2101,0,47,6,5,0,720,NA,3,45.34,2203,NA,56.23,596,1232,562,1054,1240,808,0,0,NA,543,0,32.82,0,NA,56.23,6,38.15,57.29,30.79,39.92,40.8,5,39.19,54.39,51.67,47.93,291,250,239,348,30.76,3,17.89,39.82,0,1161,44.52,4,1,43.43,1,NA,0
2102,0,42,2,5,1,478,52.89,3,58.28,4060,1,65.37,700,957,737,2227,514,NA,1,NA,1,994,1,50.26,0,879,50.26,5,56.07,51.35,45.99,40.28,47.56,2,66.78,46.25,56.59,54.22,1373,587,718,952,58.7,2,NA,33.09,0,359,32.71,5,1,30.25,0,33.5,0
2103,0,55,6,5,1,1305,48.06,NA,48.77,2014,1,67.74,793,427,391,1073,544,3364,1,1,5,1279,0,NA,1,NA,47.64,3,51.21,53.75,28.76,39.25,45.39,6,42.06,46.3,49.75,42.61,613,1759,799,1641,60.38,5,57.45,43.72,0,2213,51.3,1,0,50.4,2,NA,1
2104,0,45,9,4,0,3089,35.8,NA,65.22,812,0,60.37,3639,2599,1779,1856,2701,2559,0,NA,5,1429,0,47.39,1,3068,54.85,1,54.39,29.51,NA,48.6,45.7,5,57.45,47.69,53.92,51.48,1498,1740,1913,1612,57.22,5,71.34,39.47,1,1435,NA,2,0,43.31,5,69.29,0
2105,0,31,11,5,0,1886,NA,3,41.54,1070,1,49.15,NA,1027,2292,2557,938,882,0,1,1,2059,0,NA,0,NA,41.95,3,46.13,57.3,48.87,NA,53.86,4,NA,36.76,NA,NA,695,472,1038,518,45.51,2,52.31,37.5,0,833,39.46,NA,1,27.33,0,46.84,1
2106,0,33,6,7,0,3710,34.42,1,41.39,1534,0,48.11,NA,2269,1441,4457,2400,1062,1,1,1,578,1,52.6,0,537,55.78,5,NA,53.39,60.39,28.17,57.11,4,44.73,41.87,44.97,58.91,1687,1623,2279,1326,59.75,5,57.44,76.19,1,3722,69.66,2,0,74.21,4,69.5,1
2107,0,30,7,1,0,1808,NA,7,55.45,1727,1,45.16,953,NA,1346,1390,1077,708,1,0,3,NA,0,45.8,NA,2858,59.77,1,57.96,41.61,52.61,62.06,54.63,NA,44.38,29.64,51.93,49.23,1257,1495,750,1623,38.67,2,48.37,NA,1,1023,36.74,NA,0,35.39,1,55.49,0
2108,1,41,10,1,0,4867,47.65,5,46.74,1605,0,58.92,4006,2288,2443,1104,3735,3082,0,1,5,829,0,68.38,0,1359,52.06,3,42.17,20.67,40.93,38.02,52.56,4,64.18,42.71,60.55,45,857,1209,1066,1614,74.02,5,57.13,59.68,0,1752,47.95,2,0,41.3,2,45.03,0
2109,0,39,10,5,0,1462,NA,6,51.22,5713,0,47.58,3030,1707,2085,2341,1076,1516,0,0,0,1410,1,57.11,1,1221,49.7,3,43.08,52.24,47.98,42.12,42.02,7,65.72,34.99,38.38,53.06,2233,2028,2228,1759,53.54,4,39.07,50.42,0,1393,55.36,5,1,57.1,2,55.82,1
2110,1,37,4,2,1,4586,48.23,4,64.2,3191,1,68.95,2152,11708,2848,NA,2849,1504,1,0,3,3017,NA,50.19,0,NA,NA,2,NA,37.48,NA,42.09,49.38,1,69.43,41.16,47.28,60.8,1248,NA,2178,1547,NA,6,62.82,71.19,1,2665,73.33,0,1,45.76,5,50.21,1
2111,0,28,11,5,0,4993,NA,3,57.61,1641,1,59.66,NA,2119,NA,2287,1154,NA,1,0,4,743,0,47.37,1,2999,53.53,1,53.39,47.08,40.28,64.65,NA,6,54.75,53.39,NA,52.1,1380,1599,NA,1496,NA,0,39.3,62.71,1,1435,62.47,5,0,57.21,3,48.62,0
2112,0,23,8,4,1,1394,NA,5,NA,3065,1,63.01,NA,1432,2401,1264,2201,1122,1,1,2,1450,1,36.7,0,NA,42.03,2,57.44,41.02,57.94,42.11,47.53,3,54.43,43.29,54.58,46.8,1759,2076,2009,1757,58.49,0,60.4,NA,1,767,38.71,1,1,51.26,3,51.92,1
2113,0,41,13,1,0,3995,45.68,5,48.84,609,0,31.76,2036,5548,1128,2072,3661,1425,1,0,5,1645,1,64.94,1,1012,46.62,4,NA,40,52.01,50.14,25.95,3,NA,48.15,42.84,51.79,638,690,1175,972,51.7,2,62.59,NA,0,982,36.4,6,1,25.18,4,52.22,NA
2114,1,36,6,3,1,2651,57.81,7,54.33,952,0,55.58,1011,2987,2149,1224,2595,1697,1,0,4,NA,0,NA,1,3834,58.35,2,29.89,47.49,65.79,54.46,45.93,3,35.59,54.6,56.74,54.98,2024,1586,2118,NA,22.8,3,33.35,53.24,0,551,44.07,NA,1,49.89,2,48.97,0
2115,0,60,6,2,0,1058,36.6,1,58.51,657,1,57.66,429,703,891,838,879,2318,0,0,2,NA,0,50.21,0,895,NA,1,59.5,45.16,47.95,45.96,50.91,2,32.68,56.04,33.64,49.64,2181,1768,3478,NA,73.83,1,56.56,NA,1,1066,52,5,1,42.89,2,37.83,0
2116,0,28,0,5,0,2434,50.95,2,47.72,1086,0,64.99,1175,1054,1485,1177,NA,922,1,1,1,1255,0,57.5,1,1931,40.25,4,46.57,50.61,74.6,61.94,29.67,4,50.1,52.01,52.04,NA,1452,833,987,914,67.78,4,74.15,46.01,0,NA,38.52,3,1,41.11,1,55.05,1
2117,0,47,8,3,1,1196,40.07,3,NA,3347,0,55.83,1270,NA,1705,2084,1475,NA,0,1,4,1642,1,33.23,NA,2456,44.85,5,56.98,38.53,52.16,66.19,NA,4,54.57,54.49,37.87,55.92,1434,1021,1695,1745,48.17,3,47.46,44.52,0,1379,66.85,NA,0,64.94,4,52.2,0
2118,0,25,12,9,0,2727,58.6,3,34.28,1679,1,54.76,NA,870,731,1289,919,NA,1,1,2,1075,1,55.03,NA,1662,56.07,3,NA,60.48,48.73,33.51,43.5,NA,53.73,51.97,42.52,41.16,2484,1365,1686,1755,58.37,4,46.21,33.42,1,1050,47.65,5,0,41.67,1,32.17,1
2119,0,47,3,5,0,1968,65.72,4,44.36,726,1,53.37,873,1765,1714,6478,NA,1503,1,0,3,756,0,39.34,0,NA,45.45,5,43.52,47.36,50.57,37.21,NA,5,70.28,37.93,55.44,53.37,1834,NA,2007,1814,NA,4,58.04,NA,0,2242,44.22,3,1,NA,2,39.29,0
2120,0,36,10,3,1,1919,46.66,NA,45.99,932,0,53.68,NA,3295,1523,481,764,939,0,1,1,585,0,49.75,1,499,48.13,0,53.31,44.44,47.56,NA,53.27,3,45.69,54.9,52.81,NA,NA,957,1335,762,51.82,2,NA,26.49,1,745,43.65,5,NA,36.05,2,42.56,1
2121,1,44,9,4,0,1139,82.65,4,50.91,1885,1,36.1,2191,3329,868,1673,1060,3318,1,1,2,419,1,55.36,0,841,45.16,4,53.34,44.19,50.22,59.31,NA,2,56.46,50.17,68.95,50.78,4943,2603,2745,3323,NA,5,52.56,67.2,0,1262,58.92,3,0,60.91,1,60.6,1
2122,0,40,0,5,1,1606,36.13,3,30.29,1346,1,39.45,1263,1143,NA,394,765,663,1,0,4,1151,1,45.26,NA,NA,NA,2,51.95,43.66,68.98,45.52,39.73,NA,57.1,NA,63.65,39.38,4409,3017,1880,1786,NA,2,65.2,45.89,0,1172,54.03,4,0,45.41,4,49.62,0
2123,0,32,1,6,1,743,49.26,4,54.25,1353,1,38.6,376,967,1047,1287,NA,1019,1,0,2,1867,0,53.14,NA,3544,62.19,6,52.17,47.78,51.35,46.16,28.58,3,33.97,30.38,33.35,57.95,581,546,652,801,65.64,NA,51.84,43.65,0,1227,46.73,NA,0,51.29,1,27.35,1
2124,0,43,9,7,1,1253,35.12,3,42.88,1016,0,31.11,968,899,459,1002,803,740,0,0,0,NA,0,34.07,NA,512,69.12,3,62.95,51.7,55.32,50.78,49.65,4,NA,54.48,63.07,51.18,2044,1884,1206,1315,53.87,2,51.7,48.72,0,1460,56.41,NA,0,56.37,2,43.58,1
2125,0,54,2,3,1,2304,50.92,3,36.33,1998,1,43.86,1608,1825,4592,NA,7331,1326,1,0,NA,NA,1,38.23,0,2663,43.31,2,50.33,NA,40.75,52.09,44.14,6,54.05,70.66,NA,49.73,NA,1789,1968,NA,48.94,2,63.66,47.24,1,411,53.01,3,0,35.28,4,NA,1
2126,1,55,9,6,1,1729,39.63,NA,45.7,1548,1,52.26,1254,1683,2159,4400,1475,NA,1,0,5,3117,0,31.39,0,NA,48.12,5,NA,49.12,57.42,47.59,66.62,2,50.87,50.46,NA,NA,NA,1816,1974,1959,52.99,4,49.6,67.27,1,2886,76.06,0,1,44.31,3,72.06,1
2127,1,27,19,4,0,2254,NA,2,59.5,1145,1,47.25,1605,989,1477,957,881,NA,1,0,3,896,1,NA,0,2451,35.24,1,NA,45.94,55.79,49.61,42.79,2,48.29,49.8,45.79,NA,4141,4029,5752,6990,54.66,3,68.71,44.37,0,897,41.33,1,0,35.64,1,51.07,0
2128,0,39,7,3,0,2150,50.71,4,60.14,1067,1,47.05,NA,916,1079,1257,1197,3858,1,1,7,922,0,70.52,0,1868,43.51,3,NA,50.27,NA,49.52,46.97,2,35.23,44.69,57.67,32.95,916,803,NA,1731,52.48,3,55.46,NA,1,1538,58.63,NA,NA,45.21,3,61.49,1
2129,0,37,10,6,1,1844,51.22,4,55.21,985,1,47.75,1657,947,1375,989,1449,719,0,1,3,NA,0,38.59,0,522,60.85,1,44.38,55.18,47.21,65.26,63.09,5,NA,58.12,41.76,NA,1714,1583,NA,2906,44.7,2,32.01,48.11,1,2629,38.43,3,0,49.36,5,NA,1
2130,0,34,5,4,1,2204,NA,3,NA,744,1,45.91,1195,2073,1720,5741,1624,NA,1,1,6,1635,1,64.54,1,2528,52.76,3,66.2,55.39,NA,53.41,51.82,0,44.65,38.63,52.85,54.93,860,803,NA,654,59.22,5,44.35,43.4,0,776,50.41,5,0,41.5,2,45.1,1
2131,0,47,8,7,0,1316,47.35,4,NA,864,1,56.86,1959,1091,2059,2225,1352,800,0,NA,2,991,NA,60.15,0,1338,54.07,2,56.49,44.5,58.77,53.14,48.97,4,70.27,31.76,58.53,44.24,983,893,1436,1090,43.21,3,56.73,43.71,0,851,35.61,4,1,44.82,4,29.22,1
2132,0,29,8,6,1,1426,30.31,NA,27.14,1025,1,40.73,2237,2498,NA,2427,1362,1381,0,0,4,1431,0,40.73,1,1024,43.9,0,40.94,41.3,48.85,46.03,47.17,4,NA,58.05,48.03,46.04,1146,1387,1500,1280,44.58,4,38.93,45.64,0,1013,45.88,4,1,38.19,0,43.99,0
2133,0,44,17,3,1,3802,NA,2,44.02,2238,0,34.16,1268,1492,1584,810,1001,938,1,1,5,3575,1,56.77,1,932,NA,3,48.53,54.57,NA,56.59,44.7,3,59.79,31.79,47.21,45.57,1458,2594,1723,1499,66.82,6,52.18,50.62,0,2885,52.04,3,0,51,NA,52.79,1
2134,0,56,12,5,0,3595,57.64,3,53.05,549,1,43.62,1252,1578,NA,2862,1419,1485,1,1,3,610,NA,52.34,0,591,NA,4,49.95,65.22,38.58,61.17,NA,2,62.95,NA,47.5,44.11,874,956,672,766,34.75,4,44.76,NA,0,972,46.95,5,1,50.16,1,35.1,0
2135,0,39,7,8,1,410,35.37,4,33.49,783,0,51.16,686,924,1487,1265,1546,430,0,NA,2,479,0,32.66,NA,2574,44.97,2,68.85,52.36,47.31,40.2,42.09,4,36.31,40.88,34.72,32.02,NA,849,1515,636,42.77,3,38.9,35.91,0,886,43.32,3,NA,48.44,3,49.88,0
2136,0,36,9,1,1,2177,43.63,4,NA,1517,0,53.29,NA,1983,746,2903,NA,657,NA,0,2,1281,0,53.69,0,2280,44.16,5,NA,49.2,56.51,63.51,52.49,2,49.12,55.24,60.2,46.39,1474,1188,965,1079,44.76,3,47.19,NA,0,1245,36.02,5,1,48.25,4,38.15,1
2137,0,26,8,2,1,1083,50.04,4,40.3,858,NA,29.04,576,2153,900,880,702,2474,0,1,3,1267,1,41.47,1,1742,47.99,3,NA,35.43,53.45,52.62,NA,4,43.06,49.24,NA,NA,690,1023,NA,987,38.98,4,46.3,52.58,0,642,48.55,2,0,49.86,NA,42.22,0
2138,0,28,11,12,1,1672,46.74,3,63.42,767,1,65.05,1482,625,1606,982,713,1476,NA,1,NA,2042,1,NA,1,1829,47.23,4,61.78,57.18,NA,60.66,53.16,2,50.65,60.21,50.93,44.84,726,1002,965,931,62.51,2,NA,59.64,0,874,61.43,3,NA,44.48,2,47.69,0
2139,0,52,1,2,1,1109,54.6,4,49.16,665,1,46.84,591,856,913,1067,529,907,0,0,3,2639,0,NA,0,NA,29.88,4,51.31,52.03,54.1,59.17,52.58,0,NA,74.49,69.95,58.74,1653,2173,2030,1429,60.16,4,51.42,51.56,1,2735,50.15,2,1,52.65,6,68.23,0
2140,0,50,6,4,0,3167,44.53,4,NA,2419,NA,NA,764,464,1837,1103,1901,1563,0,1,2,1032,1,49.18,0,1203,38.38,3,37.18,47.42,55.56,53.09,44.98,3,41.81,43.42,NA,53.47,1013,759,NA,1893,52.95,3,44.45,NA,1,889,54.61,2,0,58.78,4,NA,NA
2141,0,39,13,10,0,2917,NA,2,66.96,576,1,51.85,1632,747,1378,1105,738,1170,0,NA,3,1826,0,51.31,NA,1840,40.77,4,45.23,21.42,54.89,48.03,41.73,2,45.09,50.37,51.51,34.71,2050,2168,NA,NA,48.46,NA,57.97,52.36,1,686,53.75,4,1,46.06,1,42.89,0
2142,0,62,4,6,0,1789,50.46,1,52.54,2215,0,46.58,1788,901,568,993,1345,1456,1,1,3,NA,1,58.45,1,4281,67.02,5,48.43,39.72,30.17,52.29,53.54,3,44.6,47.81,NA,39.59,684,NA,1924,872,70.41,1,44.31,45.4,0,2005,54.56,2,0,37.76,1,57.31,1
2143,0,33,14,6,0,2535,64.58,4,31.16,1880,0,38.47,3142,2653,973,766,1110,716,1,0,4,NA,0,NA,0,1064,59.66,NA,44.8,44.59,44.89,42.77,NA,2,54.44,63.15,51.02,NA,NA,2360,NA,2360,43.55,2,52.79,40.27,0,745,37.25,4,1,43.61,1,54.94,NA
2144,0,39,11,2,1,4783,55.66,2,52.83,NA,1,48.9,1239,1104,2859,1796,1052,NA,0,0,4,2385,0,NA,1,2053,42.01,4,41.08,47.12,NA,37.32,40.33,3,52.82,57.51,41.02,56.49,1355,985,1081,1648,36.99,8,45.74,NA,1,1048,72.67,3,NA,57.24,6,62.5,1
2145,1,32,6,5,0,2913,60.65,4,56.64,330,0,45.17,3691,977,1134,1007,1123,1289,1,1,3,625,0,42.06,1,NA,59.3,3,45.65,51.63,48.1,NA,54.09,4,48.3,45.37,56.24,59.17,2186,2868,1540,3879,43.18,1,44.9,51.01,1,1421,43.36,0,1,51.09,5,54.78,0
2146,1,62,1,1,0,1544,49.44,2,47.03,463,1,59.39,NA,1747,847,2931,1286,NA,1,1,5,1669,0,46.15,0,NA,56.01,2,51.63,72.01,54.83,52.62,40.85,5,39.09,46.78,NA,52.18,NA,1572,993,1766,49.98,5,69.68,NA,0,1539,47.56,3,0,46,3,NA,0
2147,1,34,12,7,1,1330,53.72,5,48.58,717,1,40.71,1158,1660,2063,746,1571,NA,0,1,4,NA,1,74.98,0,1369,43.17,4,50.56,47.85,48.43,49.58,64.06,2,55.23,49.07,59.09,43.39,1339,1265,1295,1501,53.81,5,56.2,41.9,1,952,43.67,6,0,61.24,1,NA,NA
2148,0,32,5,3,1,1099,52.58,2,42.54,1401,1,54.9,1018,454,866,990,721,1033,1,0,3,497,1,47.18,0,NA,41.13,6,54.76,53.41,56.04,36.44,65.23,0,56.11,65.03,49.99,48.85,NA,682,1077,817,53.31,2,38.31,57.64,0,1293,49.43,NA,1,51.31,0,53.05,0
2149,0,60,-0,3,0,833,44.38,3,39.35,1032,0,44.04,1332,1053,1039,904,352,NA,1,1,4,3482,1,61.24,1,1019,55.77,NA,47.4,48.24,68.7,65.42,NA,NA,46.72,53.39,61.34,48.89,911,1149,1042,632,66.19,0,51.81,53.08,1,2367,37.99,1,0,59.38,3,NA,0
2150,0,41,6,6,1,2580,36.78,6,58.93,788,1,67.08,NA,3180,4111,3522,1472,2906,1,NA,5,2098,1,49.33,NA,NA,56.67,2,54.37,65.03,43.48,NA,61.89,4,58.58,31.59,62.77,48.62,699,1294,582,567,51.08,4,42.09,67.38,0,2156,73.12,NA,0,46.19,5,52.86,1
2151,0,45,14,4,1,3020,45.87,4,46.92,1761,1,54.71,2269,2917,2078,4527,1612,770,1,0,3,NA,1,47.56,1,1800,31.93,2,69.25,48.8,NA,74.57,44.63,1,59.97,57.66,60.07,53.74,1211,1189,1699,1684,54.48,5,54.75,64.56,0,1561,41.79,NA,NA,67.16,4,64.65,1
2152,0,40,11,6,0,1606,43.93,4,50.03,1419,1,54.82,2556,1799,1749,2472,1392,1456,0,0,2,1217,0,55.34,1,1279,57.26,3,57.37,22.42,54.28,61.05,39.62,1,44.53,50.58,55.71,45.67,899,1637,1304,NA,33.13,0,44.88,56.77,0,1270,33.16,4,1,48.77,2,50.2,1
2153,0,29,5,4,0,2949,50.67,4,67.37,719,1,46.88,1643,2170,2164,1195,976,1383,1,1,3,2515,NA,51.74,1,1184,47.13,3,38.08,47.15,48.75,36.83,52.61,1,47.9,37.89,42.64,NA,6083,3309,3433,4621,55.39,4,45.99,53.5,1,2185,67.37,NA,1,NA,4,60.85,1
2154,0,18,7,9,0,1516,50.85,0,44.05,918,0,37.03,NA,1114,567,2027,1366,1175,1,0,6,2216,1,40.04,0,NA,51.16,5,40.79,54.36,35.56,36.58,50.37,5,57.12,48.06,45.55,NA,901,1266,987,857,57.4,5,55.58,29.52,0,1698,35.56,3,1,42.36,2,59.87,1
2155,0,57,5,4,1,746,64.09,6,30.34,640,0,NA,2208,1088,2535,2569,2630,2314,0,0,0,1271,0,35.97,1,900,55.73,3,49.1,63.48,47.51,54.15,48.91,3,63.11,52.77,60.14,65.64,450,684,464,788,42.8,3,48.11,49.53,0,838,45,3,1,48.15,3,50.82,1
2156,1,29,6,4,1,3513,41.15,2,NA,1429,1,48.07,564,NA,660,NA,NA,3457,0,0,3,1373,0,60.76,1,1135,47.73,1,56.63,NA,65.99,41.99,NA,4,50.97,NA,NA,43.78,1338,883,1243,1134,51.43,6,54.89,NA,0,935,43.19,NA,0,55.53,5,34.81,0
2157,0,25,11,4,1,5869,55.49,2,49.61,1873,1,50.87,739,661,527,1476,1429,972,0,0,4,1500,0,64.36,NA,1247,NA,1,25.28,46.32,35.77,46.98,54.97,3,NA,35.86,NA,57.38,1389,2061,3233,3313,63.26,1,58.02,52.27,1,739,67.88,NA,1,49.51,5,48.93,0
2158,0,35,9,2,1,778,57.17,3,NA,1164,NA,46.45,1742,475,2055,1906,NA,1252,0,1,0,619,NA,51.02,NA,1384,41.77,3,NA,62.22,45.37,52.66,62.47,1,73.85,NA,50.48,58.53,NA,1472,1018,1715,52.91,2,57.74,39.68,NA,565,42.92,5,NA,54.01,3,34.72,0
2159,0,42,1,5,1,1147,42.96,3,33.9,1025,NA,39.31,796,609,949,NA,NA,2225,1,1,NA,1463,1,57.67,NA,1881,43.18,2,49.5,30.79,57.14,54.29,44.16,3,52.91,45.68,32.71,50.18,NA,912,NA,1156,54.85,5,54.44,44.64,0,1067,64.99,3,1,37.42,1,54.09,1
2160,0,38,8,4,1,1083,45.58,NA,44.73,703,0,NA,1194,1716,1398,1323,886,518,0,NA,NA,1047,0,36.29,NA,1399,41.67,7,48.83,35.82,NA,NA,47.52,6,45.96,51.55,49.33,48.94,799,925,NA,NA,45.94,4,50.77,51.07,1,NA,49.74,2,0,42.69,3,47.84,1
2161,0,49,11,8,1,1807,56.19,3,49.99,1109,0,51.85,705,743,787,986,1165,738,0,1,NA,512,1,44.06,NA,NA,51.12,1,47.03,65.18,58.38,59.94,54.86,3,57,56.45,53.5,65.98,2640,4711,2804,3060,39.15,4,41.42,68.11,0,984,58.87,3,1,62.37,4,55.81,0
2162,1,22,10,6,1,611,45.16,4,31.27,564,0,49.96,1844,1075,1897,904,1668,992,1,0,NA,478,0,35.01,0,790,60.27,1,48.5,24.2,53.86,52.36,43.57,4,46.38,55.22,48.29,NA,2069,1845,1835,1872,37.63,3,48.49,NA,NA,1372,33.99,3,0,53.12,0,41.67,1
2163,0,33,1,1,1,1430,40.75,4,64.99,1068,1,39.64,1871,1213,912,2556,1175,1720,NA,1,6,1904,1,57.81,1,1770,57.46,3,NA,53.96,47.84,55.51,62.16,2,53.46,43.47,27.37,56.32,1500,1284,728,1178,49.57,0,45.7,55.85,1,975,NA,3,1,68.19,5,50.36,1
2164,1,21,6,3,0,2349,45.89,6,64.84,456,0,53.31,2080,1326,771,1687,3089,2621,1,1,5,3540,1,70.71,0,3170,51.44,7,54.55,55.22,62.4,50.69,41.14,5,60.11,41.83,26.89,58.44,2469,2554,1683,3082,53.47,5,59.35,75.99,0,2371,56.03,0,0,69.12,4,58.9,1
2165,0,37,10,2,0,1298,NA,4,32.17,337,1,61.78,2090,915,983,1086,893,2248,NA,0,6,6515,0,46.19,0,1663,61.08,2,59.15,50.26,73.31,25.44,43.28,5,34.1,61.68,NA,40.55,1262,1317,NA,NA,60.88,1,30.47,44.34,0,910,44.31,4,1,48.42,2,48.92,0
2166,0,23,15,3,1,3829,NA,3,41.59,2138,0,55.41,1543,1929,1383,715,1897,3323,1,0,5,NA,1,36.16,0,3587,40.99,1,48.77,57.28,33.72,NA,46.15,NA,50.53,NA,55.18,40.58,1312,954,NA,915,65.95,4,55.63,47.41,1,936,41.85,2,0,48.91,2,58.47,1
2167,1,47,13,2,1,2039,38.18,4,61.98,1192,1,47.77,1829,NA,3735,590,1308,664,1,0,0,1058,0,56.12,1,1204,NA,5,45.29,39.74,58.11,NA,34.57,2,48.47,53.28,61.4,49.19,1765,NA,1553,1315,NA,6,53.68,60.85,0,1382,60.44,4,1,54.47,3,NA,0
2168,0,41,3,1,0,2698,54.73,4,NA,1028,1,52.32,1722,2107,865,2028,1196,1291,0,1,3,1948,1,NA,0,996,50.25,2,57.7,34.17,40.61,46.61,52.37,2,NA,NA,40.35,55.54,1493,1350,1618,1937,60.48,6,54.87,56.66,1,1587,56.07,2,1,53.49,5,NA,1
2169,0,18,3,3,0,2713,50.18,2,50.66,2332,NA,41.9,3891,2480,NA,7356,2795,3250,0,NA,3,1270,1,48.39,1,718,39.1,3,57.01,42.65,NA,30.95,43.32,4,45.77,37.44,NA,50.48,803,598,894,725,NA,4,44.12,53.27,0,1487,60.49,1,1,49.48,4,61.22,0
2170,1,47,2,9,0,556,43.73,5,43.67,498,1,NA,1572,1552,2790,1511,2048,939,1,0,4,691,0,45.7,1,NA,42.71,3,36.13,73.29,58.05,61.08,45.66,2,57.49,58.99,68.31,45.4,4744,2670,1906,947,NA,4,33.42,61.09,0,1336,49.09,NA,0,49.16,3,43.19,NA
2171,0,46,3,2,1,3056,50.35,5,58.64,2522,0,58.43,596,1008,904,699,732,1600,0,1,3,1964,1,58.83,NA,1090,49.94,0,50.47,43.49,65.92,56.8,52.84,2,44.69,47.64,44.26,61.93,NA,1080,1616,1666,55.3,2,42.54,NA,1,2551,64.13,3,0,54.4,5,65.13,1
2172,0,52,11,2,0,4294,46.41,3,61.17,1866,1,63.04,3011,1884,3399,NA,1559,2781,0,1,5,1509,1,58.9,0,1500,57.08,2,61.34,38.56,71.98,49.37,52.36,3,59.08,50.24,60.01,64.73,594,852,1423,798,62.79,NA,52.07,51.54,1,873,53.01,4,1,42.94,1,52.85,0
2173,0,20,8,4,0,2340,66.56,6,41.34,522,0,44.37,3474,1946,1583,955,3559,5240,1,NA,2,3636,NA,69.84,NA,1500,70.14,NA,31.72,49.55,62.31,46.04,47.63,2,39.83,38.71,NA,NA,1401,879,1864,1025,46.1,0,52.3,49.69,1,700,36.29,4,1,57.74,4,55.87,1
2174,0,61,5,5,0,1123,34.24,4,35.51,359,0,NA,906,3320,1899,2142,973,4278,1,1,5,NA,1,NA,1,2380,46.4,0,77.22,52.86,26.33,68.09,61.99,4,50.05,50.53,54.3,NA,2521,2664,3107,3462,56.26,5,59.11,43.77,0,929,49.07,5,0,55.36,3,50.39,1
2175,1,44,9,2,0,2187,68.9,1,64.32,660,0,52.68,NA,1590,467,1747,1360,980,NA,1,NA,NA,1,NA,1,NA,45.52,5,37.18,44.32,37.78,47.5,NA,4,53.42,45.58,51.33,54.75,2690,3697,2339,4627,46.26,2,68.1,58.18,0,2146,65.67,4,1,56.23,4,46.76,NA
2176,0,28,9,2,1,1947,38.19,5,47.25,1799,0,48.29,686,712,1358,2294,2714,960,0,1,2,2356,0,45.02,1,1803,58.48,0,37.26,53.6,NA,47.44,37.65,4,28.45,48.82,33.47,53.05,2659,2357,2272,2608,63.03,4,43.04,62.67,NA,1124,53.79,2,0,51.49,6,52.05,1
2177,1,43,11,2,0,1969,67.08,4,59.8,946,1,58.91,NA,2104,3796,2487,1912,703,1,1,0,459,0,12.69,0,1089,NA,1,50.15,53.37,50.68,41.46,NA,3,66.87,40.98,55.28,48.16,NA,3730,1926,2023,64.67,6,62.92,65.63,1,5734,64.97,0,NA,44.57,5,55.33,NA
2178,0,35,1,8,0,2576,54.25,2,52.16,1793,0,42.98,NA,2581,875,821,2667,1107,0,1,0,322,1,51.95,0,NA,46.85,2,60.58,35.04,42.96,50.63,NA,NA,50.91,49.59,63.08,57.77,1896,1059,1454,1845,29.44,2,57.84,54.28,0,2279,NA,NA,NA,63.78,4,NA,0
2179,0,55,8,4,0,2257,NA,5,51.16,2473,NA,75.78,589,82,614,1163,1040,1226,1,1,4,1298,0,60.53,0,1126,NA,3,41.52,65.42,65.92,40.18,53.08,2,62.22,59.35,60.91,NA,2092,3083,2013,1982,57.29,3,54.14,54.83,1,1674,42.08,NA,1,41.71,0,33.7,1
2180,0,55,5,6,0,1376,42.55,3,52.71,1179,1,52.86,2028,1394,2255,1397,1432,1408,0,0,6,1631,1,NA,1,NA,37.43,3,61.61,48.87,52.97,51.55,62.31,0,50.36,49.38,51.98,66.68,2637,1926,2956,3129,49.67,2,57.77,50.99,0,1207,55.68,4,1,56.25,4,58.23,NA
2181,0,62,6,1,0,3813,38.67,5,55.15,1249,0,50.57,1831,3175,NA,2149,2762,1704,1,NA,7,2780,1,60.19,NA,NA,NA,3,NA,58.94,59.58,59.24,66.85,NA,50.3,50.74,46.07,NA,1044,1538,3055,1194,62.1,4,52.27,65.61,1,1805,59.07,2,0,40.71,4,58.83,NA
2182,0,53,12,4,0,2277,35.9,7,63.62,800,0,40.76,768,668,1360,649,812,1425,1,NA,2,NA,1,47.23,1,2671,52.59,3,42.4,30.99,43.66,NA,NA,4,45.77,45.65,36.58,49.71,NA,911,1306,875,30.9,3,52.84,49.37,0,698,44.99,6,1,51.21,3,47.87,0
2183,0,36,6,6,1,2278,54.35,3,53.39,1292,0,58.09,538,640,688,661,1213,2797,NA,NA,3,1155,0,50.7,1,1685,48.71,3,64.93,34.79,61.8,37.51,50.06,4,47.43,55.62,56.37,NA,1192,878,1858,1749,40.65,3,42.88,NA,1,3209,75.93,1,1,50.53,4,59.35,1
2184,0,26,1,7,1,1729,34.54,5,NA,1751,0,52.75,709,875,978,723,1539,1122,1,1,0,NA,0,28.16,0,1420,63.46,4,50.46,53.3,50.05,41.29,66.62,6,53.21,42.48,58.03,27.93,2828,1978,1943,1995,56.62,3,41.97,39.67,1,1470,53.26,5,0,31.66,3,49.55,0
2185,0,50,5,8,1,1303,51.53,2,58.74,851,0,46.33,832,1323,712,2069,3116,NA,0,1,NA,1065,1,NA,0,3342,53.42,4,55.22,47.08,49.42,NA,57.41,NA,52.51,47.47,43.92,61.48,1260,2516,655,1465,58.68,0,33.2,50.65,1,2241,47.24,3,0,54.83,3,61.28,1
2186,0,30,8,2,1,2353,33,5,57.3,755,0,43.15,2352,1542,2673,1838,1830,1305,0,1,1,2378,1,47.08,0,998,48.88,2,51.38,48.32,58.69,55.45,40.11,2,51.74,43.15,57.56,58.17,1054,1111,NA,1057,59.32,5,41.15,62.81,0,6732,57.14,0,0,57.13,4,62.49,0
2187,1,49,8,3,1,5139,58.34,4,50.53,1540,0,46.79,1785,2489,2915,2003,1800,5907,NA,1,6,9415,1,71.05,1,5163,41.63,2,50.06,34.42,55.93,48.2,36.53,2,49.09,41.39,39,46.65,2642,3317,2440,4491,47.78,3,71.89,67.93,0,3009,55.62,2,1,NA,2,35.84,1
2188,1,24,6,5,1,911,45.37,4,54.59,2733,0,51.35,2217,1301,2946,2393,NA,1056,0,0,3,1200,1,29.98,1,NA,50.76,2,54.18,45.49,61.68,68.74,46.15,0,53.45,31.01,50.95,41.96,1597,NA,927,1681,NA,5,58.4,42.43,NA,434,46.37,6,1,37.66,3,51.74,0
2189,1,53,7,2,1,5141,50.85,4,50.34,835,1,54.13,NA,658,1555,632,1861,538,NA,0,4,584,1,53.74,0,NA,68.08,0,NA,36.38,44.24,44.28,19.86,3,43.59,50.28,55.65,NA,NA,NA,1419,NA,58.18,3,53.4,NA,NA,1115,53.77,3,1,49.77,4,52.93,0
2190,0,61,14,7,1,2751,50.7,3,NA,859,1,56.12,1387,937,1521,2383,630,1194,1,0,3,639,1,51.22,0,1962,63.72,3,NA,41.89,64.22,60.7,32.55,4,61.54,41.75,NA,58.11,1700,NA,673,976,NA,3,60.9,42.58,1,1065,45.65,NA,NA,53.81,2,46.74,0
2191,0,40,7,6,1,2764,48.62,5,57.57,3426,1,42.63,467,980,1147,1869,1921,1814,1,1,1,1080,1,35.67,0,NA,53.91,4,53.99,42.42,61.55,40.56,43.48,5,49.11,52.17,52.93,43.83,1298,1411,1621,1531,60.7,4,44.48,55.44,1,1571,37.67,2,0,41.06,4,56.66,1
2192,1,20,6,5,0,1183,58.85,2,56.39,1440,0,55.56,700,455,945,502,1117,2712,0,NA,2,NA,0,45.91,1,1737,54.68,1,46.15,31.92,56.26,45.3,52.88,1,56.03,54.65,NA,54.61,479,1139,619,1107,44.25,1,28.7,50.59,1,1177,51.79,2,1,66.36,1,43.12,0
2193,1,25,10,8,0,906,59.95,2,51.77,NA,1,50.57,NA,1791,748,1122,1226,2018,0,1,NA,1555,0,38.79,NA,649,59.02,1,55,61.52,26.08,58.52,NA,1,40.94,48.76,49.89,54.44,1374,1582,607,1549,NA,4,48.44,53.7,0,829,34.15,3,1,39.77,2,39.84,0
2194,0,52,7,3,0,1963,NA,3,48.93,599,1,42.91,910,3993,2457,2366,1928,1041,0,0,1,799,0,43.29,1,779,30.37,2,53.51,49.34,46.69,61.23,66.96,3,44.98,NA,66.36,57.67,1925,1324,1233,2203,56.11,1,62.21,38.2,1,817,39.08,4,1,46.66,2,65.38,0
2195,0,51,11,1,0,2973,51.41,2,NA,919,NA,NA,2072,2318,1436,1348,2118,779,0,NA,3,NA,0,55.15,0,NA,56.27,3,37.45,26.24,52.22,NA,35.99,3,48.4,55.5,NA,39.99,1496,1374,1188,1310,40.66,1,51.19,47.23,0,484,44.52,4,0,47.41,3,44.21,0
2196,0,18,10,4,0,1570,38.58,3,39.88,2150,0,33.09,1562,1932,877,2339,2711,826,1,1,0,771,0,52.06,0,NA,47.31,3,52.91,50.24,49.6,NA,NA,3,51.23,NA,51.46,50.7,NA,849,1099,NA,44.83,5,45.43,38.93,1,804,51.19,4,0,61.02,4,51.57,1
2197,0,36,11,5,0,3565,56.58,2,55.76,2139,1,60.87,1083,1421,1759,288,742,971,NA,0,2,NA,1,41.31,1,582,46.71,4,45.36,59.93,68.83,NA,NA,0,50.07,43.4,65.5,49.68,1423,986,1015,834,48.28,3,57.94,30.89,0,1233,29.7,5,1,29.51,0,33.58,0
2198,0,42,7,3,0,2949,63.71,4,52.76,859,0,55.01,402,820,601,1041,788,3168,1,1,0,673,0,51.55,0,1307,NA,2,74,64.62,59.45,59.64,50.81,2,55.04,50.86,NA,55.83,2758,4047,NA,2054,46.59,6,64.05,NA,0,NA,48.69,6,1,45.12,2,45.47,NA
2199,1,54,7,2,1,1352,53.25,4,43.28,NA,1,41.25,NA,2205,2220,2594,1010,1975,0,0,5,2130,0,44.54,1,917,64.01,4,60.75,48.37,62.44,48.71,54.12,5,48.09,52.68,46.6,52.24,1502,1457,955,1793,47.95,NA,52.37,72.6,1,2257,53.17,1,NA,47.81,5,52.15,NA
2200,1,55,7,4,0,3634,52.8,3,NA,1901,1,NA,NA,2341,2018,2657,6741,3079,1,1,5,2772,0,56.73,0,2342,31.65,2,55.82,60.92,NA,58.11,45.16,2,48.05,33.88,NA,45.4,2403,2591,2079,3242,42.3,5,70.63,NA,0,2079,50.82,3,NA,66.21,4,59.58,1
2201,0,28,-0,8,1,1060,37.09,NA,39.91,1640,0,43.04,1027,1029,1016,3745,1085,860,1,0,NA,1020,0,40.78,0,1155,58.13,NA,38.01,52.76,35.91,64.05,60.47,NA,46.19,27.47,41.11,48.5,2448,2145,2220,NA,58.75,0,49.15,55.56,0,1157,45.52,3,1,58.86,3,52.59,1
2202,0,27,-0,5,1,1893,49.68,3,39.7,723,1,39.24,1276,886,3262,878,NA,1841,0,NA,2,NA,1,48.81,1,1393,45.32,6,47.3,45.45,40.27,49.67,44.28,4,54.3,46.27,35.93,66.64,848,698,1144,872,47.56,0,59.49,44.04,1,478,43.4,6,1,49.98,0,45.89,1
2203,1,18,7,3,1,3219,77.26,1,70.45,1204,1,62.33,1727,1158,834,930,2245,2725,0,0,4,NA,0,42.78,0,595,43.14,2,56.4,46.84,53.73,NA,50.81,4,57.52,43.73,46.53,66.28,NA,530,385,456,44.22,4,56.21,52.91,1,NA,44.89,2,NA,53.34,3,57.86,0
2204,0,43,3,7,0,603,42.17,1,40.07,1404,1,50.35,180,795,1022,285,499,601,NA,0,0,1550,0,56.62,0,NA,59.15,2,59.57,61.22,26.78,41.16,43.51,3,36.92,64.29,51.41,55.49,782,509,592,524,55.4,1,31.4,23.25,0,303,21.5,NA,1,47.97,1,45.87,0
2205,0,33,7,1,1,1589,54.35,5,49.47,1255,0,NA,1323,699,1466,723,1289,1506,0,NA,3,1889,1,57.17,0,NA,58.86,4,45.16,34.47,34.79,49.61,49.38,5,73.17,39.24,46.93,46.34,NA,2879,2868,1651,NA,4,58.68,44.21,0,759,51.37,3,0,24.63,1,30.98,0
2206,0,48,5,5,0,1112,55.54,5,37.11,1127,0,30.64,651,562,2533,745,1454,709,1,1,2,766,0,37,0,NA,69.08,3,49.98,65.89,51.16,NA,14.93,4,55.69,42.62,52.63,35.58,2384,3404,NA,2313,66.32,1,41.84,39.82,NA,867,44.68,5,1,45.26,2,45.23,0
2207,0,42,2,3,1,1407,52.06,3,68.46,1837,1,NA,3476,675,1227,3017,1605,2226,0,1,1,2260,0,33.61,1,3649,52.07,2,33.17,62.33,37.85,53.57,48.62,4,46.21,54.73,44.21,71.57,1159,1144,684,1190,45.74,4,37.95,36.36,1,594,39.6,NA,0,56.76,3,65.73,0
2208,0,38,17,4,1,1689,56.11,4,60.46,1216,1,38.05,940,2048,367,1776,776,NA,NA,0,2,1491,1,57,1,NA,61.66,1,60.89,48.79,59.79,42.06,44.65,5,51.95,58.83,66.03,44.23,687,711,657,650,62.05,4,42.18,45.67,0,1070,37.42,6,0,25.88,1,41.61,1
2209,0,31,13,5,0,4304,65.74,4,46.03,878,1,59.4,3542,1281,2224,2560,1595,NA,1,0,2,1350,0,44.37,1,1378,68.54,5,37.62,26.35,34.38,NA,48.06,2,55.35,50.75,56.32,NA,2789,4047,1902,3218,39.57,1,35.43,50.01,1,1380,40.25,3,1,46.65,4,61.68,1
2210,0,44,11,4,1,2425,NA,6,39.09,2457,NA,NA,NA,1432,297,1903,1938,NA,1,0,3,1699,1,56.73,1,NA,54.98,3,49.01,53.04,49.89,41.32,58.36,3,42.59,53.04,47.37,41.39,4814,4412,4149,2755,45.09,3,48.02,55.87,0,1177,48.38,4,0,50.47,1,NA,1
2211,0,25,7,5,1,1537,59.91,4,40.24,1883,0,47.01,1596,1523,794,959,589,870,NA,1,3,1824,0,38.88,0,1613,57.22,5,NA,43.37,44.02,36.69,46.06,5,52.21,48.06,52.39,57.13,1462,1081,1453,1856,58.06,NA,47.39,45.26,1,921,63.95,3,0,45.63,2,54.66,NA
2212,0,31,11,6,0,7270,54.56,2,NA,520,0,63.23,821,3013,928,NA,2713,815,NA,NA,3,595,0,46.71,0,445,44.47,3,47.22,43.41,37.74,66.57,44.33,3,66.89,44.08,54.56,60.86,426,671,485,597,46.62,2,52.84,49.87,0,584,51.4,4,0,49.72,4,57.3,1
2213,1,40,9,3,0,1701,44.86,NA,33.18,904,0,36.53,747,NA,428,788,531,NA,0,0,4,1836,1,60.53,0,3083,34.97,3,54.58,50.92,75.37,75.14,53.01,2,54.21,50.69,48.59,60.74,2072,1455,NA,1094,55.58,3,42.77,49.95,0,1429,39.39,4,1,52.26,1,36.65,1
2214,0,28,0,5,1,540,42.96,1,48.35,898,0,62.6,1461,1095,959,603,1104,NA,NA,0,2,829,0,41.41,1,NA,59.59,3,NA,33.34,33.31,58.54,57.8,NA,48.6,NA,59.93,66.92,NA,734,684,550,NA,0,29.04,29.54,0,666,51.24,4,NA,48.97,1,42.46,1
2215,0,41,4,3,0,4196,65.52,3,60.58,2574,0,54.04,5599,1935,3651,2312,1367,NA,1,1,2,956,1,59.52,1,1162,42.06,2,46.78,47.89,NA,NA,78.13,2,56.65,64.44,71.7,46.79,NA,1736,1150,1411,48.17,2,NA,71.55,1,2920,60.95,0,0,88.47,6,73.41,0
2216,0,34,8,7,1,901,33.82,2,53.18,401,0,41.83,937,771,874,482,359,540,1,0,2,634,0,34.5,NA,460,47.57,3,53.88,42.92,47.41,41.05,47.46,5,54.33,43.74,23.41,58.81,1177,1300,777,789,43.54,4,26.23,58.78,1,1495,45.67,2,1,66.93,3,48.49,1
2217,1,36,6,6,0,2944,52.74,2,45.78,3025,0,57.36,NA,NA,1523,1638,1488,NA,1,0,6,2040,0,65.89,0,8671,51.06,5,43.65,57.97,NA,57.76,70.07,3,45.64,46.68,52.26,49.46,2355,3811,2141,3820,54.72,2,53.71,59.96,1,2736,51.09,2,0,61.3,2,53.55,NA
2218,0,25,11,3,0,1652,76.42,1,50.83,1404,1,80.82,1165,1456,1248,1322,1773,1091,0,1,5,1655,0,57.01,0,1567,50.88,2,42.64,41.33,42.29,38.17,51.84,6,59.19,36.66,NA,21.95,1240,1104,1115,1294,64.78,3,51.96,57.72,1,1304,54.48,NA,1,71.86,3,34.86,1
2219,1,55,4,2,0,1273,59.98,1,NA,1724,1,39.3,2622,1288,3540,1403,2077,1995,1,1,NA,4016,1,47.44,1,1356,42.76,3,49.12,53.8,47.36,37.71,NA,4,41.56,NA,52.2,47.27,692,1068,1061,766,51.49,1,55.65,47.13,0,1503,60.23,4,NA,NA,3,NA,1
2220,0,40,5,6,1,1137,37.26,0,39.58,4394,1,NA,1196,992,1429,NA,593,1078,0,0,3,928,0,62.18,0,2245,NA,2,55.33,41.41,43.67,47.78,30.93,2,NA,NA,44.46,38.11,1783,1779,1200,1971,45.32,2,28.16,56.64,0,972,NA,NA,1,34.91,0,46.27,1
2221,1,30,5,8,1,852,34.58,NA,49.32,1032,0,46.45,2662,1959,946,1945,2373,NA,0,1,5,2368,1,36.99,0,2149,47.93,3,54.26,62.21,60.56,50.94,63.62,2,46.91,NA,38.79,54.49,652,747,622,647,55.44,1,41.86,52.3,0,592,31,NA,0,35.89,0,35.09,0
2222,0,62,11,7,1,2784,60.83,4,38.11,1213,1,41.61,2010,2317,1334,2728,1587,2787,0,0,2,2769,1,57.66,NA,1062,48.97,2,NA,44.39,56.07,47.74,39.95,3,62.07,54.17,54.95,35.54,2838,1966,NA,2274,66.45,2,51.05,69.35,0,1199,61.15,NA,0,63.67,5,68.99,NA
2223,0,50,8,5,0,2992,40.83,4,44.28,2953,0,66.8,NA,2667,880,1357,1055,2195,1,0,4,1242,0,58.82,0,1572,45.48,4,NA,43.62,43.61,38.84,49.17,7,38.69,50.3,42.94,52.28,NA,NA,1047,1571,43.23,5,55.36,37.64,0,974,50.49,0,0,67.61,2,51.63,0
2224,0,45,9,4,1,1172,NA,2,61.03,955,0,51.4,718,840,811,598,1069,NA,1,1,4,NA,1,45.8,1,NA,53.99,5,52.79,18.35,57.26,39.49,NA,5,43.77,42.37,NA,28.27,665,843,1117,855,40.96,1,46.35,46.31,1,982,19.71,5,1,41.69,1,42.17,1
2225,0,51,12,5,1,3554,58.72,NA,49.72,1980,1,NA,946,1034,885,1063,599,1326,1,NA,4,1143,1,45.04,0,1545,NA,3,42.54,53.41,61.57,53.48,43.15,5,38.37,60.39,44.99,NA,488,795,666,501,46.39,3,62.27,45.76,1,2916,53.62,2,NA,54.18,3,67.09,NA
2226,0,52,6,7,1,844,38.27,6,NA,1852,1,50.03,1699,1083,1089,473,620,716,NA,1,0,717,0,40.08,0,1388,49.92,2,46.99,NA,NA,47.37,35.26,3,42.88,56.73,53.93,61.23,596,713,889,560,55.04,4,56.87,41.04,1,520,50.44,9,1,37.06,1,36.82,1
2227,0,40,13,6,0,2389,66.27,5,38.06,897,0,41.07,1230,1064,1056,NA,1266,1513,1,NA,4,2452,0,57.81,1,1850,77.91,4,53.03,47.44,20.5,37.68,46.01,4,37.5,NA,53.27,37.07,1679,1422,1495,1877,NA,2,51.91,36.58,0,1471,62.54,2,0,NA,4,49.91,1
2228,0,39,5,4,0,4920,43.25,0,41.18,1477,1,59.01,770,1378,1085,677,994,1590,1,0,4,NA,1,53.32,0,2400,45.62,4,60.28,50.76,50.83,47.97,62.62,2,56.35,56.74,48.04,44.32,1830,2810,NA,2557,53.41,4,57.64,NA,0,572,50.23,NA,0,43.55,1,53.21,0
2229,1,42,11,3,1,2468,46,2,53.87,2503,1,56.5,2503,797,1122,2106,1189,1041,1,0,4,1455,1,44.93,1,NA,NA,2,46.26,58.48,55.28,58.93,47.26,NA,47.46,NA,56.2,63.48,2957,2758,3168,4847,54.99,4,54.04,46.23,0,904,56.33,3,NA,27.71,3,46.07,1
2230,0,57,9,3,1,2435,67.33,2,46.11,2006,1,48.76,3227,1252,1853,853,NA,628,1,0,NA,1101,0,52.62,0,574,47.09,4,47.83,48.88,47.76,NA,46.64,0,49.85,26.89,56.31,45,836,934,587,877,54.04,6,40.12,32.47,0,NA,31.5,6,NA,32.21,1,36.09,0
2231,0,18,11,4,1,932,58,1,56.89,1387,0,65.01,1387,1439,2631,1216,1761,682,0,1,1,811,0,NA,NA,593,56.52,1,57.59,50.02,52.98,NA,50,2,38.39,54.41,48.12,43.01,1594,2361,2646,2215,46.95,4,48.18,51.5,1,1498,NA,1,1,63.93,3,58.55,1
2232,1,53,9,4,0,2256,54.38,3,53.6,3301,0,53.99,NA,1773,2030,1684,5187,2406,1,1,6,3183,0,52.27,1,1033,NA,4,44.65,NA,44.29,NA,52.47,3,NA,54.02,65.48,NA,2236,2225,1899,2625,57.44,4,64.76,42.14,0,885,42.9,NA,1,49.85,1,45.05,1
2233,0,38,2,4,1,1696,54.74,5,51.82,1886,0,53.14,1520,1102,1535,1241,2124,4479,NA,1,4,NA,0,58.97,1,2056,46.99,4,55.3,50.67,44.14,53.42,46.65,3,59.49,46.63,60.82,50.58,NA,3388,3432,2311,36.68,0,51.14,54.79,1,2861,61.92,NA,1,42.84,1,54.11,1
2234,0,38,10,4,1,3227,44.66,3,37.86,1097,0,52.36,1024,1338,1310,2294,938,NA,1,0,5,1168,1,NA,1,2427,31.09,3,52.12,44.76,41.08,45.2,NA,NA,59.22,55.68,75.4,56.3,NA,1233,NA,1741,70.54,6,52.34,58.43,0,1607,51.98,NA,0,31.47,3,52.71,1
2235,0,32,12,7,0,998,60.93,1,32.99,877,1,38.08,2587,1323,2404,875,1429,2422,1,1,4,3437,0,56.72,1,1924,59.42,3,NA,31.2,53.52,60.83,61.75,1,45.63,56.48,49.28,NA,2232,1175,1460,1385,49.83,3,55.76,37.22,NA,971,45.31,6,1,26.9,2,46.77,0
2236,1,44,4,2,1,5218,NA,5,31.67,857,1,58.21,649,642,634,629,771,689,0,NA,5,NA,1,50.76,1,2353,74.14,2,56.5,31.43,24.42,46.45,36.59,NA,53.96,53.22,37.77,45.62,562,743,1417,585,58.84,NA,49.27,43.37,0,1209,48.23,2,0,46.05,3,52.73,0
2237,0,49,12,1,0,3126,NA,3,49.42,1536,1,54.43,NA,1520,3534,2093,1202,2695,0,0,6,1421,0,48.11,1,1195,37.58,2,52.76,37.98,53.37,71.56,47.19,5,37.76,57.1,49.57,36.83,1982,3264,3815,1736,42.53,4,39.67,60.67,1,2585,60.48,1,NA,63.08,6,64.79,1
2238,0,23,5,3,1,680,26.47,6,34.98,480,0,37.02,758,2193,1118,626,671,NA,1,0,3,2116,0,42.95,0,4287,52.87,7,39.71,39.65,37.03,52.41,39.26,3,34.79,38.6,25.15,54,NA,4428,5558,NA,42.64,3,48.58,30.11,1,824,26.83,4,1,38.93,2,26.24,1
2239,0,40,5,10,0,1482,50.53,NA,46.51,1845,1,46.17,1888,1883,2932,609,2866,934,1,0,4,1047,1,58.65,0,3906,54.54,2,NA,34.52,58.31,44.77,53.21,4,43.63,50.27,52.6,39.82,1718,856,992,1445,36.32,2,54.62,51.84,0,1644,47.26,2,1,42.79,4,45.73,1
2240,0,29,15,2,0,1699,41.51,2,62.69,4378,0,37.52,797,266,519,399,1464,984,0,0,3,641,0,47.64,0,1342,69.14,3,48.32,40.69,58.61,48.44,28.44,3,37.49,39.18,41.98,54.82,829,1682,1305,1785,56.37,1,54.58,43.53,0,2160,52.55,3,1,60.58,4,48.14,0
2241,0,36,6,4,1,1434,37.56,7,35.23,3549,0,64.26,3061,4444,1124,1522,1841,1279,1,1,1,1205,0,47.24,0,353,53.64,4,NA,52.42,61.7,48.08,49.13,3,NA,54.62,65.12,56.83,872,721,927,774,54.33,3,35.4,70.76,1,3101,66.42,2,0,54.96,6,63.93,0
2242,1,43,17,4,1,3260,45.07,1,53.23,378,NA,NA,1079,748,907,829,313,1254,1,NA,3,1622,0,42.05,0,NA,43.8,5,NA,46.38,48.79,33.31,52.08,5,38.19,45.99,51.32,37.62,1684,1945,2567,1233,58.3,4,29.59,66.46,1,2528,58.92,3,0,59.24,6,68.82,1
2243,0,44,5,7,1,1798,48.01,3,47.93,1178,0,48.94,473,452,869,401,571,1288,0,1,2,711,0,47.99,1,977,NA,4,42.12,65.72,43.66,65.89,38.71,3,49.67,56.09,58.01,NA,715,931,1053,825,44.11,4,38.28,NA,1,952,31.02,4,0,30.7,2,34.39,0
2244,0,45,9,3,1,3507,58.63,2,47.24,1316,0,50.6,2947,2924,1037,2860,2059,473,0,0,4,1763,NA,44.52,0,924,42.22,2,59.2,45.59,56.5,42.52,82.35,4,57.78,59,34.14,57.16,614,850,1133,653,53.8,5,52.26,75.07,1,4615,54.88,1,0,64.05,7,66.5,0
2245,0,41,10,4,0,2491,51.03,0,39.64,2913,0,51.95,1754,3535,4355,1304,NA,2435,1,1,7,2950,1,65.41,1,2240,55.75,3,46.65,44.43,NA,49.45,38.93,2,42.7,53.14,NA,41.39,630,1075,965,1259,56.45,4,59.15,63.76,1,1368,65.97,1,NA,73.18,5,47.51,0
2246,0,48,4,4,1,2132,NA,NA,56.85,2523,0,NA,2217,3268,1912,3738,902,3161,1,1,3,1472,0,NA,1,NA,63.3,5,50.98,44.09,48.79,65.64,43.86,5,27.42,38,60.15,41.68,860,1813,NA,2005,52.66,3,45.77,47.9,0,1151,NA,2,1,43.37,4,46.55,0
2247,1,18,8,2,1,2289,40.72,2,44.21,1338,NA,57.18,1394,2321,2187,1432,1333,1346,1,1,2,1005,1,64.84,1,1273,43.23,2,59.17,49.79,59.48,49.91,62.7,4,52.94,NA,61.09,NA,2661,2959,2503,2992,44.76,3,32.39,NA,1,2784,50.5,2,0,69.72,5,55.68,0
2248,0,28,2,4,0,2023,55.46,2,41.92,608,0,59.04,2406,849,928,1003,1697,NA,0,1,3,2134,1,49.34,1,1454,53.55,1,56.71,61.88,51,55.38,48.73,6,NA,60.02,57.11,48.68,930,541,609,499,NA,3,62.66,34.54,NA,748,39.33,NA,1,41.32,1,25.73,0
2249,1,28,1,3,0,3620,56.7,1,52.91,3143,1,56.69,1244,1363,555,1765,1401,1210,0,1,2,703,NA,40.39,1,735,51.75,3,54.93,62.66,45.89,46.84,56.75,1,57.74,67.65,51.06,54.44,1237,979,1327,1550,74.76,4,59.11,50.19,0,2169,50.15,3,0,55.85,4,48.84,0
2250,0,46,12,4,0,3487,71.29,5,65.67,851,0,63.65,NA,984,507,385,1156,1681,NA,0,3,941,0,65.85,1,NA,57.9,6,56.37,52.18,47.14,63.71,NA,0,NA,54.22,49.27,30.7,808,1243,1679,867,NA,5,50.81,60.88,1,2367,71.16,1,0,59.29,5,55.99,1
2251,0,31,11,3,1,4149,40.85,4,60.93,1421,NA,51.28,1463,1618,NA,985,3384,715,1,1,2,973,1,60.46,0,1176,46.81,3,53.82,48.07,34.16,50.33,NA,1,50.3,52.36,36.98,38.62,NA,1686,3786,2211,62.65,NA,56.94,56.5,0,2341,54.29,2,0,NA,4,50.8,0
2252,0,54,2,3,1,2125,63.97,3,62.85,1681,1,53.42,1081,852,541,1171,785,1908,1,NA,6,4515,1,66.52,1,3052,49.83,1,53.51,52.89,45.45,68.3,48.03,3,69.96,51.88,52.85,61.39,1745,3422,1583,1764,55.25,5,68.1,46.55,0,1227,36.39,3,0,31.62,0,37.2,NA
2253,1,50,8,5,1,1205,NA,4,47.64,1827,0,69.86,5269,2190,4914,3660,1339,1018,NA,1,NA,1114,1,51.27,1,5034,59.76,6,52.42,41.33,61.3,46.13,30.73,3,42.96,67.93,49.22,47.49,NA,973,1185,940,57.43,4,71.71,55.4,0,909,49.7,1,0,37.45,0,42.06,NA
2254,1,25,5,3,1,1455,49.19,4,33.18,661,0,NA,568,1161,481,642,844,617,0,0,NA,556,0,40.21,0,493,47.28,3,59.99,64.31,32.57,60.32,39.08,3,69.01,37.78,35,45.84,504,424,500,443,40.97,NA,40.92,32.59,1,652,38.71,3,0,41.79,1,49.46,NA
2255,1,33,6,6,1,782,51.58,5,42.49,518,1,35.46,NA,1028,2210,1826,NA,1905,0,1,NA,893,1,42.31,NA,683,40.24,2,41.88,42.17,40.27,45.04,41.49,5,36.55,42.96,67.98,45.14,2939,2111,NA,2480,51.29,2,49.08,NA,1,3112,40.38,NA,1,NA,3,37.33,NA
2256,0,36,12,6,1,1845,50.38,4,56.92,1120,1,56.12,2306,2928,2077,521,1267,2756,0,NA,3,2245,0,42.27,1,1055,56.25,2,52.79,58.44,54.48,58.03,52.63,NA,54.18,54.73,50.54,55.07,1937,2384,2180,3852,45.75,2,29.6,NA,0,1723,43.84,2,1,65.82,4,46.42,1
2257,0,48,9,5,1,2301,59.97,1,41.56,1556,0,45.59,1144,1164,1681,5110,1348,1591,NA,1,6,NA,1,64.34,0,2563,25.79,2,43,60.28,60.06,52.35,59.12,2,NA,58.76,65.97,66.66,2249,1753,1963,1731,52.09,6,47.64,NA,0,1366,NA,5,1,33.26,3,48.84,0
2258,0,34,9,5,1,3339,35.1,3,60.08,2320,0,59.43,2246,1754,2783,1692,1737,NA,0,1,3,1311,0,38.11,0,2210,46.26,3,45.82,46.91,44.64,44.62,60.95,2,38.28,66.68,48.85,35.21,977,976,1880,1471,31.61,4,52.25,50.17,1,1127,57.12,4,1,58.6,3,54.18,1
2259,0,27,6,4,1,917,44.33,3,58.1,1162,0,40.02,737,NA,2079,963,668,3210,1,1,0,711,1,40.76,0,1518,36.15,4,52.44,35.89,51.76,46.1,41.79,4,40.98,55.88,45.49,55.91,1609,1426,2399,NA,54.77,4,50.17,NA,1,1651,49.58,4,1,41.33,NA,65.17,NA
2260,1,34,0,2,1,3096,58.44,3,32.95,550,0,58.19,2103,1698,2310,1755,1517,2095,0,1,5,2577,0,32.67,1,NA,50.22,1,42.82,64.54,49.64,65.45,68.85,4,58.36,64.91,58.17,50.25,1072,1026,968,598,42.56,3,38.05,57.66,1,1490,51.17,3,0,46.25,2,34.2,0
2261,1,51,10,5,1,1879,55.92,4,34.84,1077,0,34.26,794,1245,1059,1333,1252,617,0,0,1,NA,0,55.3,0,637,45.43,3,68.44,68.17,64.24,NA,75.7,2,NA,50.25,42.7,49.7,965,NA,1221,770,44.82,2,26.5,33.13,1,763,29.63,5,1,32.32,2,41.13,1
2262,0,51,9,3,1,3353,53.28,0,43.38,727,0,41.96,975,1084,1820,1363,1952,NA,1,1,NA,1847,0,46.63,NA,1531,36.47,4,49.29,52.46,67.21,60.98,53.31,5,55.2,NA,51.36,53.91,1962,2136,1936,1434,59.46,6,80.18,37.26,1,622,46.33,NA,0,NA,2,29.21,1
2263,1,24,10,5,0,3892,55.15,4,72.18,1649,1,53.68,2973,928,1293,1167,1584,2530,1,0,4,2481,1,50.58,NA,1251,43.5,3,41.85,42.7,54.49,43.57,37.75,2,75.55,44.5,35.61,48.6,1352,871,572,667,54.96,3,60.57,NA,0,2948,60.37,0,0,52.75,3,NA,0
2264,0,27,8,2,1,3915,47.09,1,70.46,1041,1,47.81,1217,2494,2792,1488,6434,1498,1,1,5,1286,0,58.26,NA,2478,37.77,0,55.6,57.35,54.13,57.87,46,1,59.93,52.88,NA,NA,2291,1380,1207,2626,60.89,5,63.59,43.17,1,1062,43.63,3,NA,41.89,2,48.98,1
2265,1,31,12,1,1,9646,NA,2,52.79,3626,1,51.79,505,7546,601,1461,1687,NA,0,0,5,1461,NA,47.68,1,1764,40.43,2,NA,58.16,51.59,52.31,62.97,1,38.2,56.46,69.48,52.24,1054,NA,NA,3309,44.76,6,60.37,65.41,1,NA,68.13,3,NA,63.64,5,50.36,1
2266,0,54,1,3,1,1173,NA,10,36.35,746,0,50.99,602,2111,572,1523,2766,1525,1,0,2,1466,1,50.85,1,633,52.65,2,42.92,47.59,37.71,45.42,42.27,0,36.16,40.36,51.51,37.63,963,437,451,479,53.88,3,45.18,51.8,1,846,46.92,3,0,52.97,3,44.01,1
2267,0,33,1,5,1,1043,35.71,3,58.09,1859,NA,48.3,NA,904,894,NA,1545,624,1,1,2,NA,0,38.15,NA,1434,50.02,2,61.5,58.52,NA,47.94,49.6,4,38.08,56.05,NA,72.67,1102,614,892,602,45.11,1,55.1,45.83,0,1428,37.93,6,NA,35.41,2,35.73,0
2268,0,40,5,3,0,2369,NA,1,47.86,3036,0,NA,1074,511,1652,1076,1246,1712,0,1,6,1261,0,66.18,0,1996,59.18,5,42.64,53.52,51.93,62.87,39.91,2,58.88,47.5,45.42,35.07,2037,1735,1310,1043,47.04,2,NA,65.1,1,NA,52.86,3,1,61.33,4,47.75,1
2269,0,51,5,4,0,2036,33.03,6,52.96,255,0,34.82,2610,1641,NA,2097,1573,721,NA,0,1,624,0,NA,1,1008,54,4,24.43,56.16,54.69,44.08,51.81,2,43.43,45.03,31.27,40.4,927,1577,NA,1355,68.42,4,25.06,56.55,1,4008,51.62,4,1,54.88,4,NA,NA
2270,0,23,12,6,1,813,NA,5,38.72,754,1,NA,2641,869,2643,2397,2218,1956,1,NA,1,1389,0,NA,0,NA,47.68,1,41.88,NA,62.18,39.05,53.11,NA,44.53,43.78,48,44.79,1864,2206,1691,1841,47.59,2,57.48,61.13,0,5368,49.56,2,NA,47.39,3,59.45,1
2271,0,35,17,3,0,4828,NA,3,56.66,836,1,43.96,1383,2594,990,691,1216,802,1,1,2,NA,1,40,1,NA,45.99,0,46.81,72.89,65.77,42.62,NA,3,47.86,59.42,37.6,55.14,2156,2513,NA,4609,71.21,4,61.73,53.91,0,510,48.74,0,NA,49.56,3,43.69,1
2272,0,49,5,8,1,2859,43.33,5,46.55,1675,0,42.01,2229,6778,1670,694,3470,1005,1,0,3,1026,0,50.08,1,NA,59.58,5,52.64,50.65,53.96,NA,57.37,NA,44.43,34.6,48.75,55.92,1591,2995,3348,2781,46.09,5,64.8,41.93,0,NA,52.13,3,1,47.52,5,52.43,NA
2273,0,41,7,4,1,3324,30.64,3,63.11,528,0,30.87,1701,3265,2681,1191,3320,1648,0,1,3,1334,0,61.98,0,3195,52.03,2,55.81,40.14,46.72,NA,47.96,1,55.28,44.35,37.54,56.65,2735,2638,5243,2636,44.15,3,40.86,46.99,1,982,71.72,4,0,45.57,4,45.44,1
2274,1,63,3,5,1,1992,42.5,3,39.59,770,1,66.67,2044,1077,848,2334,NA,2718,1,1,6,3690,1,73.23,1,1846,39.08,6,50.24,51.53,NA,58.52,44.68,1,56.57,32.39,61.85,58.8,2401,NA,NA,3987,NA,NA,63.73,60.52,1,1926,55.16,1,NA,71.24,4,62.54,0
2275,1,42,11,3,1,2469,60.91,4,48.79,722,1,NA,1896,2080,1427,2143,4369,2458,0,1,3,NA,0,55.91,0,NA,39.35,3,NA,60.61,37.4,43.96,48.4,5,45.82,55.34,48.28,54.79,574,1087,1152,1157,34.22,4,49.49,51.84,0,1284,56.02,2,1,49.65,5,42.18,1
2276,0,30,4,8,1,1270,52.88,2,62.91,3163,NA,60.71,1067,1228,NA,1089,1156,NA,1,0,NA,2319,0,64.28,0,1446,45.18,2,39.72,53.54,70.39,58.62,43.46,3,53.83,43.39,61.38,42.93,1372,1347,1329,689,47.85,1,65.69,66.2,0,2385,49.42,6,0,56.1,2,45.23,0
2277,0,41,4,5,0,2184,61.11,2,35.79,1199,1,57.71,1483,1137,2724,1135,1856,1287,0,1,3,3039,0,74.96,0,3071,41.47,3,41.16,39.52,47.61,35.16,60.89,4,36.53,28.14,52.32,38.61,1593,1225,1049,2307,50.16,1,30.65,39.79,1,940,26.8,4,1,50.84,3,39.38,0
2278,0,20,3,4,1,1302,46.17,3,53.85,1553,0,36.56,970,1744,2300,1201,1727,1174,NA,0,2,NA,0,41.14,0,588,46.13,4,49.24,48.55,NA,NA,31.9,3,NA,58.32,47.89,33.81,1653,1692,NA,1687,53.96,4,54.78,49.47,0,812,35.93,5,1,46.24,2,46.44,1
2279,0,29,12,2,1,5000,38.06,4,71.12,1178,1,43.47,1107,488,NA,1632,1238,1210,0,0,2,2408,1,32.04,0,1257,48.59,3,40.41,40.42,51.74,48.77,42.35,1,42.53,25.92,51.38,59.96,2341,4651,4132,4174,NA,4,48.16,52.95,1,1560,46.3,1,1,25.85,2,57.97,0
2280,0,55,4,2,0,3424,50.15,0,65.36,4927,0,58.3,694,1073,1439,NA,877,922,1,0,NA,1014,1,34.15,NA,NA,53.4,4,48.61,56.39,63.67,58.68,42.62,3,44.11,44.01,48.19,54.07,1839,2438,NA,3249,56.44,0,61.75,NA,0,1328,64.28,NA,0,56.88,5,NA,0
2281,0,44,2,2,0,892,53.09,3,46.31,3428,0,53.06,1376,2720,866,3539,1024,891,1,1,4,2395,0,59.11,NA,1554,61.9,2,42.94,54.39,65.2,57.27,NA,3,54.13,52.03,52.71,43.72,1139,685,591,680,32.52,3,49.42,46.71,1,1319,42.5,NA,1,38.83,1,46.04,0
2282,1,61,10,6,0,828,NA,6,43.11,488,1,NA,2988,1717,2160,2603,2023,1350,0,0,3,1481,1,40.24,0,1075,69.11,3,56.84,62.56,50.55,66.4,51.36,6,60.22,68.32,44.71,49.01,1595,NA,1102,1115,34.35,1,61.88,50.12,NA,1339,46.18,4,NA,48.3,1,NA,0
2283,0,67,5,3,0,2171,42.43,3,55.29,1112,0,35.51,747,805,1500,NA,1418,887,0,1,2,539,0,31.48,0,314,62.05,3,37.44,43.41,NA,NA,NA,1,52.12,59.72,55.73,53.79,516,491,807,891,48.91,3,50.46,63.05,NA,NA,40,2,1,55.29,3,72.44,NA
2284,1,20,7,3,0,2001,48.75,3,55.53,424,0,48.93,2528,882,1781,1689,2017,1974,1,0,5,1458,NA,46.98,1,1437,40.01,3,36.72,46.69,60.78,NA,54.4,2,60.49,33.06,35.92,51.86,NA,2186,NA,1175,61.24,6,52.41,67.33,1,2129,48.28,0,1,61.85,5,NA,0
2285,0,37,3,4,1,1332,47.09,3,47.92,468,0,54.38,452,563,1631,607,1204,1013,1,NA,3,1126,1,58.94,1,981,38.49,1,63.09,40.8,NA,64.22,51.63,2,44.64,53.22,25.68,51.51,698,838,911,1140,67.48,0,49.73,49.97,1,1413,53.49,4,NA,32.8,3,49.42,0
2286,0,48,8,2,1,2595,NA,0,58.23,3933,1,55.54,NA,1502,NA,1837,1014,1643,0,1,3,1595,1,58.88,0,1225,NA,3,55.18,63.66,57.96,47.22,47.76,5,49.21,44.99,44.3,53.48,1493,2285,1683,1722,54.93,3,48.16,NA,0,2744,62.5,4,0,48.39,6,46.71,0
2287,0,41,8,7,1,3820,43.62,0,48.7,1484,0,45.2,NA,1054,1194,1037,1489,3340,1,1,3,1264,0,56.37,1,1674,51.62,2,62.72,65.64,NA,36.61,NA,3,43.18,41.2,NA,NA,935,NA,1778,1491,54.43,4,43.44,51.42,0,1716,52.84,2,1,54.69,4,47.23,0
2288,1,41,6,6,1,2169,54.3,0,54.43,1389,1,53.38,1262,NA,2539,1136,1156,NA,0,1,1,NA,0,56.56,1,4432,57.76,5,48.33,44.63,50.92,56.99,43.73,3,52.77,44.43,35.88,34.4,888,1401,1485,1843,55.29,1,59.95,52.41,0,1023,38.52,3,0,54.9,2,54.85,NA
2289,1,35,11,8,0,2597,48.89,2,NA,1009,1,69.3,3130,1448,2454,1549,1346,734,0,0,0,958,0,41.08,0,596,NA,4,33.7,61.8,49.02,40.43,42.8,3,60.37,43.94,66.88,62,1777,1281,1408,2189,NA,3,NA,53.27,0,694,33.82,4,1,44.34,2,30.43,1
2290,0,34,9,4,0,1960,63.14,2,54.8,1261,1,61.59,NA,902,2045,1188,2283,1250,0,1,3,1331,0,NA,1,1079,57.47,4,45.78,53.79,64.56,36.1,NA,3,47.05,NA,45.45,55.04,2085,1394,2485,2412,69.83,3,54.01,52.39,0,438,46.43,3,1,NA,4,NA,1
2291,0,66,10,8,1,1126,57.2,4,41.85,902,0,32.24,1835,667,1298,1498,454,1497,0,0,2,1619,0,38.15,1,684,NA,4,56.82,NA,29.64,60.93,NA,5,51.2,44.34,49.23,53.93,531,418,346,620,58.37,3,49.96,NA,0,1074,32.55,5,NA,49.31,4,NA,NA
2292,0,56,6,3,0,3999,NA,5,38.86,907,1,64.35,532,1207,2010,2298,NA,2429,NA,0,3,4161,0,46.4,0,2531,57.33,2,NA,58.53,43.29,44.82,NA,2,46.95,59.86,39.55,49.82,2581,3889,3624,2376,58.06,4,58.86,63.75,1,2023,56.78,0,0,72,3,53.03,1
2293,1,27,8,2,1,986,NA,1,33.82,1645,1,66.39,1784,2411,NA,1337,3743,NA,0,NA,2,1435,0,64.72,0,1851,39.88,1,62.31,51.45,58.52,NA,52.51,NA,57.01,45.43,59.94,62.78,1145,1550,1325,NA,60.97,NA,49.59,46.85,1,1514,37.99,3,1,42.89,3,52.12,0
2294,0,18,8,1,0,2985,47.26,7,NA,1511,1,48.91,896,1003,586,1166,1302,1572,0,0,5,NA,1,NA,NA,1104,44.3,5,49.91,50.12,29.47,35.28,47.14,6,33.69,49.54,32.88,39.63,2328,3037,2222,NA,NA,NA,NA,45.05,0,1052,42.94,5,0,49.48,3,22.88,1
2295,0,61,4,1,1,1823,60.27,2,49.93,3032,NA,61.56,1208,431,984,NA,1355,1667,0,NA,3,2463,0,58.85,0,1214,40.58,1,50.58,69.96,55.56,53.82,57.53,1,50.37,62.92,NA,55.96,961,1152,1444,895,58.91,6,63.19,NA,0,1612,50.74,2,NA,45.56,6,56.81,1
2296,0,38,5,4,0,2864,50.92,4,29.77,1096,1,52.39,NA,2579,961,1384,1012,NA,0,NA,3,1425,1,56.6,1,1480,34.48,2,47.44,58.24,55.31,NA,NA,0,55.25,56.26,62.31,47.35,769,1232,1519,1148,36.81,2,39.96,71.31,1,737,71.6,0,NA,56.83,3,63.35,1
2297,0,28,6,6,1,1014,57.81,3,45.64,2612,0,35.97,472,590,461,805,797,314,NA,0,0,1232,0,42.17,0,379,46.24,1,53.21,61.63,60.15,52.82,50.16,4,63.01,53.25,53.45,58.17,1333,1138,NA,1496,34.34,4,20.87,38.43,0,412,24.62,4,1,37.37,0,34.79,0
2298,0,25,8,4,1,7894,41.38,2,49.04,1132,1,50.27,6303,3695,1644,1966,4882,NA,NA,1,NA,1851,1,46.11,NA,2558,31.78,2,NA,51.08,74.01,53.93,NA,2,65.1,59.96,57.92,53.09,1159,1285,1109,1413,58.32,5,47.3,57.18,1,1898,65.01,0,0,49.12,5,54.5,1
2299,0,53,14,5,0,1477,49.11,3,40.58,1255,1,65.52,423,839,2482,841,1942,555,1,0,2,NA,NA,40.31,0,561,NA,1,53.19,57.1,38.33,54.73,43.17,6,29.96,36.85,NA,42.21,2072,1741,NA,938,41.27,6,49.89,53.71,0,1147,56.47,6,0,63.8,3,54.47,0
2300,1,40,10,4,0,2375,70.22,3,48.33,546,1,62.03,1206,708,2220,2804,2116,590,1,0,1,1248,NA,55.77,1,2511,44.65,2,36.28,61.87,NA,45.09,16.84,1,46.77,58.13,NA,52.73,1687,2612,2378,1462,NA,2,51.21,59.92,0,1902,32.06,2,0,44.93,2,55.1,1
2301,1,27,1,2,0,1924,55.84,2,NA,2108,0,NA,NA,773,1666,1367,1246,NA,1,1,1,1760,1,44.1,0,2067,49.86,1,NA,56.38,48.67,49.44,52.56,3,70.96,53.75,53.18,43.18,855,1871,1726,1164,42.09,NA,37.52,NA,1,2157,40.2,3,1,41.88,4,49.91,0
2302,0,53,5,3,0,2909,58.26,4,42.81,734,1,37.89,NA,NA,1830,1555,1147,1005,0,NA,2,1077,0,38.54,0,1390,36.71,0,51.1,55.55,64.49,30.42,44.17,1,53.4,52.46,64.27,52.3,2361,4110,3155,4683,50.27,4,51.56,54.5,1,1001,44.54,1,0,47.98,4,52.54,1
2303,1,34,9,3,0,4111,NA,1,55.92,2871,0,51.92,1653,597,1367,773,736,2296,1,1,7,3975,1,77.85,0,2606,57.63,0,57.67,47.16,52.83,36.09,NA,NA,37.55,60.34,52.54,65.46,1070,1416,1633,1227,63.8,5,41.16,80.85,1,2076,63.27,2,1,72.43,5,58.32,NA
2304,0,38,6,2,1,1339,33.59,2,46.04,1422,0,54.48,NA,1840,2663,2854,1287,519,1,0,1,879,0,46.66,0,NA,40.97,1,52.56,44.81,54.8,44.54,56.72,2,59.7,35.92,44.59,46.09,2878,4514,2001,2491,46.48,6,64.62,56.39,NA,426,56.95,2,1,39.33,4,50.55,1
2305,0,18,6,8,0,1631,42.39,7,56.32,744,0,34.4,2615,1335,1839,1472,1411,773,1,1,4,2817,1,NA,1,1565,44.97,5,51.85,61.09,44.8,61.02,49.93,1,59.02,20.07,67.81,NA,2197,1941,2287,837,NA,4,67.55,38.07,0,1746,49.88,2,NA,41.52,0,69.01,0
2306,1,41,10,2,1,2242,71.76,3,75.3,1353,0,67.33,1853,1173,735,1431,854,889,0,0,4,787,0,41.54,0,NA,47.54,1,54.6,62.02,64.05,40.07,63.51,6,47.78,32.12,NA,59.4,1591,2480,NA,808,45.95,5,40.16,52.46,1,2580,49.82,4,0,58.19,3,58.78,1
2307,0,47,11,1,0,3870,NA,2,60.41,2038,1,71.59,1538,1261,1637,862,1318,919,1,0,6,3642,0,67.51,NA,573,NA,3,58,47.3,43.55,33.74,45.92,6,37.99,35.8,57.89,56.49,NA,463,376,339,63.34,2,68.85,60.47,0,1152,65.88,2,1,55.31,2,61.72,1
2308,0,67,9,4,0,2973,59.46,4,57.13,1365,0,41.61,947,405,853,787,1025,1411,1,0,3,NA,0,55.44,NA,1564,58.34,3,36.72,36.8,66.66,53.3,54.94,5,48.35,49.15,49.46,35.1,760,645,899,666,50.29,3,61,76.25,1,3562,70.15,0,0,72.45,6,91.37,NA
2309,0,45,9,7,1,3102,56.39,0,50.03,2908,1,66.38,1100,940,1271,1794,3861,1002,1,0,4,2330,1,44.7,1,1878,38.26,0,58.58,55.32,45.33,66.51,55.88,2,63.09,64.2,26.55,47.9,476,731,990,1160,39.59,3,52.92,63.43,0,1247,55.62,4,0,48.93,1,34.87,1
2310,0,44,9,7,1,2617,42.2,4,60.74,3158,1,55.63,1051,405,947,NA,855,1013,0,0,1,756,1,33.52,1,1654,51.23,4,NA,46.61,NA,40.53,56.91,3,44.88,48.64,50.94,32.59,NA,726,613,681,41.09,2,55.41,16.8,0,NA,31.5,5,1,38.67,0,19.54,0
2311,1,46,1,4,1,1270,43.87,5,48.48,1195,0,48.64,2060,2098,1620,1198,1315,2156,1,1,5,1507,0,57.27,1,720,39.95,4,50.33,27.66,53.06,52.11,53.81,3,49.86,55.29,55.33,68.96,1681,1899,735,928,58.06,4,34.21,45.49,0,1530,53.19,6,0,43.45,NA,NA,1
2312,0,32,8,8,1,1328,54.71,3,37.95,2950,1,54.83,2003,1552,1867,1014,864,728,1,1,NA,1236,0,NA,1,921,52.04,6,45.84,36.12,42.99,41.66,52.83,3,55.28,63.42,36.94,NA,1612,776,1029,1074,NA,2,44.72,46.51,0,799,43.06,6,1,54.93,3,41.82,0
2313,0,58,10,7,0,848,63.53,1,53.81,1780,1,NA,1035,513,789,1021,1039,2563,NA,0,1,708,0,36.71,NA,569,60.22,3,38.17,43.23,49.05,51.21,NA,6,30.06,NA,NA,NA,3481,3140,1918,2117,55.52,5,33.77,46.57,1,NA,41.63,5,NA,37.16,2,34.05,0
2314,1,26,1,1,1,2341,NA,4,38.01,1718,NA,53.65,2545,2685,3303,2075,1474,NA,1,1,2,NA,1,42.86,0,467,46.83,3,NA,56.12,55.68,45.29,37.76,1,51.1,60.62,53.28,60.82,1592,1815,1932,1352,44.58,0,29.21,41.2,0,1422,48.55,1,1,47.2,4,37.82,1
2315,0,43,4,2,1,3546,54.98,NA,62.96,2476,1,54.69,519,1229,610,815,838,NA,0,1,2,1765,0,53.93,0,NA,NA,5,31.49,52.66,NA,42.22,NA,2,53.36,69.02,NA,71.1,3394,2994,4968,4582,42.36,7,54.74,48.75,0,1254,29.39,4,0,40.41,2,NA,1
2316,1,43,0,6,1,1357,39.54,3,49.32,598,1,NA,2219,824,1902,924,1466,744,1,0,NA,667,0,55.26,1,1304,49.25,2,40.04,65.36,NA,51.13,33.97,7,65.41,40.8,37.79,16.16,1855,1163,1932,1490,68.72,1,45.78,47.72,1,1033,50.84,5,0,43.47,2,44.44,1
2317,0,46,3,2,0,1257,20.48,NA,28.67,1817,1,37.2,1091,1911,2065,1522,1263,1130,1,0,1,1695,0,57.04,0,777,31.98,1,58.49,49.32,NA,30.77,64.24,2,39.44,43.28,50.56,NA,2275,2244,NA,1804,41.65,3,50.45,39.59,1,1642,48.41,4,0,NA,5,47.16,1
2318,0,33,10,3,1,2245,50.54,5,34.74,516,0,36.68,1054,1999,319,1529,3636,723,NA,0,5,NA,1,63.55,0,1462,50.26,4,44.75,44.61,37.93,31.98,42.43,1,48.07,59.77,45.99,32.68,1116,886,961,1560,47.97,3,39.54,60.47,1,2117,59.84,4,0,51.24,4,48.76,1
2319,0,33,7,4,0,2443,45.21,6,43.23,2050,0,48.76,NA,1010,1444,475,1750,2513,NA,1,3,1077,1,41.41,NA,1933,47.36,2,58.64,53.97,49.06,44.65,41.13,2,44.65,45.08,54.27,43.08,875,1110,1036,921,36.93,2,56.94,55.14,0,778,42.15,3,NA,43.19,2,45.34,1
2320,1,45,8,5,1,1092,39.68,4,50.81,2688,NA,37.05,NA,1282,1368,1041,774,1561,0,1,0,992,0,33.87,0,843,63.01,2,43.17,40.33,47.05,58.4,53.68,0,35.17,45.69,67.95,64.14,2280,1949,1134,2145,50.89,5,38.34,NA,1,NA,41.08,3,0,55.28,2,66.76,NA
2321,0,56,7,4,0,1417,NA,6,60.57,3094,1,52.68,1335,640,2695,2395,NA,3046,NA,0,3,2474,NA,54.35,0,NA,47.12,4,39.88,34.63,55.79,36.48,47.45,3,52.46,38.28,31.1,45.62,1035,711,1112,982,56.55,3,39.84,54.11,1,542,54.42,3,NA,49.4,3,NA,0
2322,0,45,6,6,0,1758,49.47,5,32.91,730,0,46.38,2192,1212,2214,1386,1541,2718,1,0,4,NA,0,56.75,0,NA,40.5,4,44.93,56.88,55.24,74.91,58.21,2,53.79,63.62,65.92,57,NA,2059,899,1378,NA,2,46.06,52.9,1,1243,47.94,3,0,53.94,3,48.69,1
2323,0,46,15,6,1,951,35.15,5,55.86,749,0,50.5,718,NA,1168,672,843,1654,1,0,4,1634,0,59.34,1,1973,41.75,NA,70.73,45.74,62.74,40.17,47.34,6,50.65,40.73,60.33,57.64,1956,1975,NA,1424,64.54,2,68.12,58.76,1,2331,51.14,2,NA,53.9,4,46.4,0
2324,1,55,4,8,0,924,40.21,NA,NA,1212,1,49.84,1884,1620,2111,1808,1293,2263,1,1,3,2334,0,59.53,NA,NA,47.73,2,71.68,59.32,54.39,52.17,51.32,0,43.32,51.89,46.5,54.78,1225,872,643,1351,49.47,1,62.87,64.86,1,4191,59.51,3,NA,44.06,2,42.29,1
2325,1,55,2,4,1,1571,51.91,2,66.98,1351,1,59.81,NA,1995,1119,2435,1533,1791,0,NA,3,1438,1,58.87,1,1819,34.16,5,44.54,57.28,33.86,38.1,53.9,4,64.13,44.68,61.89,44.34,NA,2548,2306,2165,47.91,5,59.72,NA,0,923,37.14,5,1,35.93,0,37.1,0
2326,0,37,3,4,0,892,34.05,4,43.44,2807,0,NA,3415,2366,967,993,1596,458,1,1,0,NA,0,39.08,NA,NA,43.61,2,59.03,53.67,62.79,57.61,41.45,3,58.84,49.15,70.32,49.88,1461,1839,1384,1354,47.97,0,54.04,NA,0,1261,28.69,NA,NA,38.98,1,42.78,0
2327,0,28,9,3,0,4472,48.85,4,54.74,1107,0,61.53,1194,1200,499,1645,802,983,0,0,0,1017,0,47.54,1,895,57.32,1,39.45,NA,68.64,57.98,58.91,2,57.2,57.46,59.4,47.19,618,1216,1137,608,63.37,4,72.73,NA,0,1951,42.12,4,1,47.48,4,75,NA
2328,0,30,7,7,0,2379,45.5,3,36.04,2575,1,53.22,1088,1380,1666,832,649,672,NA,1,4,952,1,55.17,0,NA,46.95,1,55.36,56.8,NA,48.71,42.59,NA,42.04,57.79,56.63,48.12,NA,1339,1390,1109,40.55,2,45.35,41.27,0,546,39.57,6,0,47.55,2,35.06,0
2329,0,67,4,2,0,2907,46.76,5,46.06,1786,0,58.06,835,1603,2034,966,1923,4553,1,1,NA,1819,0,47.46,1,2199,NA,5,43.33,38.65,42.95,69.38,56.24,1,63.87,46.05,NA,47.35,714,1054,668,750,58.3,5,63.45,70.08,1,2660,46.31,1,0,67.66,4,63.76,1
2330,0,25,8,3,1,2207,53.43,1,50.35,3269,0,50.09,1703,1772,1379,1871,1920,342,0,0,NA,2929,0,NA,0,NA,NA,2,46.87,41.14,NA,48.15,42.77,5,49.01,49.95,54.65,48.86,2389,2016,NA,1703,66.74,4,NA,46.89,1,1859,56.11,4,0,50.08,5,47.19,1
2331,0,44,1,3,1,2125,NA,1,34.26,1594,1,62.68,304,340,1049,1197,912,1499,0,0,4,1165,1,56.03,1,1563,45.32,3,42.72,39.46,62.66,76.18,45,NA,74.47,59.08,46.97,62.34,1092,1087,1647,1509,55.16,3,44.36,65.87,0,1734,62.36,0,0,73,3,64.59,NA
2332,1,36,7,5,0,2903,NA,1,50.96,1387,1,65.15,1937,1908,2974,2600,2122,1281,1,NA,6,3217,1,60.12,1,3516,37.42,5,36.31,45.62,NA,67.77,59.5,NA,70.73,59.55,NA,65.39,1294,1122,1361,891,46.81,3,50.33,59.12,0,3105,67.44,4,0,55.31,7,54.8,1
2333,0,37,7,4,1,1184,NA,0,47.01,971,1,33.96,882,1377,NA,1161,752,1672,0,1,4,1319,1,49.99,0,1061,42.31,0,57.11,48.42,59.23,NA,38.05,4,47.31,46.01,78.74,46.62,800,1080,1035,977,46.47,1,45.96,71.56,1,2353,50.01,2,NA,64.17,5,58.16,0
2334,1,18,2,5,1,973,60.84,5,55.07,1532,1,46.24,1313,1384,2307,611,NA,2044,0,NA,2,1096,1,39.17,NA,3060,NA,5,46.58,48.98,49.71,38.35,71.49,3,50.47,60.73,53.64,45.77,NA,866,NA,635,56.9,0,39.44,32.49,0,955,22.51,5,NA,48.87,NA,37.63,0
2335,0,37,14,3,1,2766,32.27,4,61.42,728,0,55.3,812,1234,1670,823,1283,897,1,0,2,5726,1,65.99,NA,2078,55.93,1,60.44,35.9,55.41,47.1,56.22,3,49.19,NA,47.93,68.4,1310,1103,873,1081,NA,5,51.07,65.67,0,1685,62.57,2,1,60.73,6,43.69,NA
2336,1,38,0,5,1,946,47.44,5,NA,319,1,32.15,1656,1910,1504,1470,1730,880,NA,NA,NA,2138,0,NA,0,1456,NA,2,62.95,37.59,38.09,NA,NA,4,NA,52.67,36.78,40.56,1082,725,913,583,49.39,1,53.44,49.82,0,1103,31.74,6,NA,37.02,1,40.1,0
2337,1,49,6,1,1,1622,37.86,3,60.34,989,0,46.44,2206,1015,1726,659,1008,3084,1,1,4,3062,1,63.5,1,2440,50.32,6,48.22,51.5,32.61,39.01,42.14,NA,NA,NA,55.14,50.89,1090,1039,878,1014,48.33,3,61.46,58.67,0,464,49.47,2,NA,42.8,3,31.46,1
2338,0,29,9,4,1,1224,34.6,3,33.08,2346,0,57.14,2373,1866,2043,NA,1233,1376,1,0,2,914,1,NA,1,2172,49.57,3,49.29,61.55,54.49,56.75,50.67,2,52.29,48.37,NA,55.4,NA,1421,NA,1094,63.29,3,54.12,64.02,1,1958,71.97,0,0,62.31,6,64.83,NA
2339,0,38,7,4,1,2024,45.86,1,57.89,2544,0,66.35,1988,496,3043,1026,1257,1074,1,0,3,2538,1,65.5,1,1722,43.85,2,56.85,63.96,54.06,NA,69.46,2,51.34,NA,45.35,65.12,1766,1161,2385,2548,41.81,0,42.77,22.46,0,609,25,6,0,39.52,0,42.99,NA
2340,1,23,6,3,0,2351,47.52,2,59.56,4523,1,60.16,1996,3001,1137,2271,989,NA,1,NA,4,2695,1,54.14,0,1705,53.53,4,NA,40.53,49.19,58.15,NA,2,40.98,51.97,40.6,41.39,829,885,872,657,53.43,3,46.73,57.89,0,1163,58.6,6,1,43.21,4,46.82,0
2341,0,41,11,5,0,9120,53.64,1,57.77,2147,1,72.6,1492,3896,1418,1623,976,2105,1,0,7,2344,1,71.09,1,3674,50.94,2,30.47,44.14,47.85,46.22,NA,3,47.74,56.98,54.33,55.26,1014,3332,1846,2551,56.02,4,41.63,47.58,1,4484,71.95,NA,0,62.5,2,54.76,NA
2342,0,57,6,4,1,722,NA,NA,34,777,0,NA,2163,1032,1305,1402,2279,2151,0,1,4,968,0,54.97,1,1533,55.73,1,45.72,38.42,42.81,48.34,60.33,5,66.46,NA,31.35,35.08,955,991,1181,1125,NA,3,42.62,NA,0,425,35.86,6,1,NA,1,52.06,0
2343,1,45,8,3,0,3381,60.89,6,NA,940,1,43.26,3695,2254,1126,2018,1944,6080,1,0,NA,3374,0,63.36,1,2027,45.13,4,69.69,61.76,64.64,46.83,46.36,2,66.73,NA,65.53,54.64,989,1076,1487,2043,62.92,5,61.08,65.49,NA,4028,62.94,2,1,61.5,3,55.46,0
2344,1,32,3,3,0,3534,NA,5,29.89,548,0,56.3,1244,1093,NA,NA,1940,1123,0,1,4,1643,NA,58.36,1,1332,37.92,1,67.3,59.58,52.11,47.61,68.7,3,59.54,34.47,66.57,44.48,2789,2395,1826,2507,35.76,3,58.64,59.67,1,1677,41.26,3,NA,39.47,5,41.35,NA
2345,0,45,8,4,1,1335,54.58,4,59.4,1343,1,34.14,410,1608,1923,650,1259,982,NA,0,4,1252,1,56.59,0,936,65.59,5,35.84,58.37,46.99,68.22,NA,3,50.67,49.75,62.67,47.44,825,1236,NA,882,55.23,2,64.28,61.57,0,1629,55.2,3,1,51.57,5,53.66,0
2346,0,40,5,2,1,2259,NA,2,67.67,5008,0,46.29,1447,2001,417,1137,1405,1319,1,1,3,NA,0,39.49,NA,734,41.25,4,43.68,59.98,65.79,38.14,NA,5,60,67.07,44.79,55.62,1041,1957,2590,1569,47.15,2,43.44,46.23,0,813,29.84,6,1,32.15,0,43.67,0
2347,0,46,5,6,0,1350,34.78,5,25.23,1775,0,49.13,861,1347,355,839,1414,637,0,0,3,791,0,46.87,0,374,55.1,2,77.5,48.16,61.49,NA,49.41,5,58,48.34,71.61,45.94,NA,1055,1467,908,45.71,NA,41.7,47.31,1,621,55.97,4,NA,34.4,5,64.5,1
2348,0,58,8,3,1,4367,57.48,2,52.61,819,1,42.69,949,1286,783,1431,2911,1874,1,0,6,2498,0,41.93,1,2746,46.19,3,NA,65.57,44.82,31.86,45.78,4,46.19,58.9,50.62,65.31,776,771,1045,633,53.51,2,44.71,34.23,1,586,24.66,5,1,50.14,1,35.78,0
2349,1,50,10,7,1,903,42.2,4,41.34,1290,0,63.09,1136,2809,NA,999,3168,1617,0,1,1,1907,0,42.72,NA,898,55.67,3,NA,NA,51.44,55.15,50.43,5,59.66,46.45,35.77,47.66,1898,1685,1454,1523,47.81,7,44.4,32.29,1,563,48.81,7,0,NA,0,39.12,0
2350,1,29,8,1,1,3826,61.84,4,70.49,689,0,40.48,2441,2855,3596,2382,4917,842,1,1,1,2069,1,51.79,0,1162,38.42,1,54.41,68.42,54.37,46.32,64.66,NA,NA,72.53,48.41,52.44,3265,2861,3905,2832,58.73,3,77.5,NA,1,3677,52.93,2,1,69.95,5,60.33,1
2351,0,48,16,4,0,3335,42.74,2,NA,1192,0,75.39,2296,2182,1178,NA,NA,1596,1,0,3,2103,0,62.32,1,4859,44.87,2,68.65,45.2,52.07,54.45,57.48,NA,59.8,55.34,64.6,NA,1876,1285,1365,1810,56.43,NA,45.89,69.24,1,1966,70.15,0,0,58.76,6,59.15,NA
2352,1,42,9,6,1,1675,51.71,4,44.65,1172,0,45.15,1222,1593,596,2939,1332,NA,1,0,5,2743,1,56.42,0,2745,43.29,4,52.27,52.97,58.39,31.42,49.7,5,46.94,54.73,34.05,54.61,991,718,1095,808,64.73,NA,43.58,76.29,0,622,39.26,2,1,49.11,1,43.46,NA
2353,1,33,3,5,1,925,36.93,3,51.68,905,0,53.54,1364,1814,1262,1311,764,816,0,1,2,1032,0,42.17,1,590,37.03,3,NA,49.69,36.55,48.31,52.59,5,37.7,37.92,45.25,36.38,3430,2019,1890,1480,39.48,4,51.94,59.24,1,1783,52.32,4,0,63.37,4,47.51,0
2354,0,40,8,3,1,2715,50.19,8,43.87,1343,0,62.65,1221,2187,784,3096,2066,1224,NA,1,3,676,1,49.85,0,1070,NA,2,50.24,58.7,53.01,55.93,44.59,4,47.9,44.94,NA,34.42,2007,2153,4582,2818,NA,NA,56.33,42.21,1,1935,48.68,4,0,43.35,3,45.25,0
2355,0,56,0,6,0,2240,43.07,4,40.74,2823,0,52.31,628,828,673,1225,792,1147,1,0,1,810,1,52.79,1,2069,56.39,4,61.98,51.89,46.32,51.77,57.49,3,50.66,40.94,31.84,52.04,1389,1696,NA,1021,50.81,NA,62.36,42.46,0,1495,46.08,5,1,33.47,4,46.14,1
2356,1,32,13,3,1,1590,48.78,3,31.02,1289,0,NA,1521,1473,1014,1413,740,1262,0,0,NA,1063,0,49.63,0,1354,28.35,4,51.02,67.81,NA,39.02,NA,3,51.07,38.95,59,NA,492,1033,NA,598,41.38,4,40.01,58.28,0,1178,33.92,4,1,41.55,4,NA,0
2357,1,43,9,4,0,3027,57.16,2,64.66,2038,0,NA,1202,2290,885,1202,3477,1030,1,1,5,1911,1,51.3,NA,1147,50.78,3,54.64,59.52,55.39,40.93,53.55,2,65.77,NA,66.72,63.44,1508,2441,2181,2609,54.24,NA,59.65,60.86,0,3311,68.64,0,0,48.83,3,69.6,1
2358,0,41,2,3,0,2842,54.25,3,52.09,1362,0,46.22,1902,2020,736,NA,2082,NA,1,1,2,3418,1,58.84,0,2366,42.07,4,57.71,49.06,49.27,NA,35.96,4,NA,53.26,39.96,NA,1316,2782,1270,1509,56.62,NA,52.43,36.32,1,NA,50.35,4,1,43.87,3,45.43,0
2359,0,58,2,4,1,480,51.22,4,40.98,1522,0,58.76,775,1337,925,1404,998,1324,1,0,1,400,0,38.54,0,417,52.84,3,51.38,38,34.42,46.51,46.02,0,18.11,54.85,50.05,62.34,1161,1797,NA,1345,36.22,0,37.84,53.08,1,1602,49.76,0,0,47.61,2,55.15,NA
2360,0,40,10,6,1,1349,43.97,4,45.32,352,0,49.74,710,NA,755,1535,1326,1026,0,0,0,916,NA,39.78,1,1324,47.97,3,58.55,58.24,34.02,47.11,47.01,3,25.33,42.03,54.38,43.53,721,413,996,692,66.66,3,42.35,46.62,0,NA,47.63,2,0,49.58,4,NA,1
2361,0,42,8,6,1,1725,50.57,2,54.28,1707,1,NA,2044,1048,2593,2126,1312,5498,1,1,NA,3423,1,70.25,0,7095,26.48,4,51.99,51.18,62.53,40.91,71.19,2,52.7,57.65,53.16,58.08,1056,2036,NA,1547,63.33,NA,56.26,49.34,0,1400,60.52,2,1,47.87,4,53.6,1
2362,0,49,13,5,0,6790,53.68,5,45.2,1341,0,40.92,2334,3116,NA,4213,NA,1146,1,NA,5,NA,1,66.22,1,3600,28.71,4,65.76,44.61,43.08,61.03,36.81,3,44.89,65.01,NA,55.81,697,1149,995,670,76.99,0,51.23,64.42,0,1622,90.82,1,NA,71.57,6,71.55,0
2363,1,50,10,6,1,1940,31.98,3,44.7,810,0,46.53,3119,2069,3188,3692,2173,819,1,0,1,686,1,49.26,1,448,57.36,4,36.87,67.57,48.94,46.68,25.28,4,68.17,NA,40.27,52.96,1165,2570,1311,1435,49.18,4,47.41,55.09,1,NA,51.4,0,1,51.84,4,53.13,0
2364,1,36,4,6,0,2604,NA,2,43.96,2458,0,53.68,4163,3118,5269,11789,1223,2207,NA,1,3,NA,NA,63.05,1,1589,41.54,0,60.97,50.63,70.2,45.69,54.78,NA,NA,41.05,47.47,57.24,1652,2020,1836,2749,NA,5,51.61,58.45,1,1584,64.88,1,0,53.26,4,NA,1
2365,0,38,2,3,0,2525,35.04,4,57.7,1182,1,47.88,2811,2668,1353,2614,1905,2095,0,1,2,2440,0,53.02,1,1555,37.03,2,37.18,45.95,55.84,43.6,43.17,2,39.94,NA,57.29,43.21,1782,1653,1376,1963,68.59,3,59.99,56.34,0,2775,61.78,4,1,NA,4,39.27,NA
2366,0,32,6,3,1,4600,43.61,2,52.67,1487,1,NA,1926,1987,2524,1690,1275,1360,1,0,NA,1345,1,56.15,0,2018,47.13,3,49.68,59.76,46.57,NA,33.6,2,44.4,NA,53.42,NA,1021,NA,2881,2039,49.95,2,51.75,55.22,1,1694,49.24,NA,0,60.53,3,57.09,1
2367,0,50,7,1,1,3951,58.55,4,55.58,1480,1,58.9,832,1173,952,817,1254,855,1,1,0,1797,1,33.13,0,444,47.78,2,65.16,48.49,50.69,55.43,NA,2,55.26,42.43,56.19,52.41,1190,1305,1111,989,53.87,5,56.87,NA,0,2806,42.29,3,1,48.37,5,37.96,0
2368,0,45,3,1,1,2920,46.12,4,55.19,1466,1,63.02,830,1247,1915,2010,984,2814,1,1,4,1796,0,51.41,0,1083,58.67,4,52.85,43.59,33.19,52.84,NA,3,39,32.81,42.51,50.89,1570,991,1579,1681,56.35,2,45.81,NA,1,4363,64.72,0,NA,58.93,6,53.47,1
2369,1,27,4,2,1,1705,61.99,0,54.62,2698,0,63.52,1633,823,968,939,1574,1884,0,1,1,NA,1,40.96,0,1705,NA,3,55.09,55.07,44.32,60.66,41.96,0,46.96,51.65,48.76,52.99,4195,2853,2450,1303,58.08,6,50.41,38.41,0,853,30.66,5,1,43.92,0,49.04,NA
2370,1,37,6,5,1,865,46.73,4,37.87,1492,1,40.73,854,938,1304,NA,1149,440,0,1,1,2524,1,50.5,0,1667,47.77,1,56.59,42.56,39.67,48.53,52.49,5,33.21,60.53,40.69,54.48,1083,864,854,1328,50.25,2,38.7,48.27,0,863,51.22,NA,1,58.55,3,52.55,0
2371,0,57,8,4,1,6826,59.6,2,58.7,3280,1,NA,1865,1702,3370,2745,1511,1042,NA,1,NA,NA,0,44,1,2052,NA,3,NA,61.29,37.49,60.34,49.8,NA,50.54,42.45,53.17,65.95,1439,1208,971,1764,58.01,4,67.31,NA,NA,1174,51.02,2,0,43.09,3,54.49,1
2372,1,48,11,4,1,4994,45.7,3,37.48,519,1,50.31,1987,1435,2523,1759,816,1955,0,1,4,1455,0,44.2,0,1730,47.96,3,53.41,57.01,26.3,NA,NA,2,50.57,56.46,61.48,58.08,2111,1221,1267,1115,45.39,3,43.11,49.7,NA,2446,54.81,3,1,40.45,5,NA,0
2373,0,44,11,1,1,3467,46.25,3,35.04,1198,0,49.17,1970,NA,1830,1518,2829,890,0,0,2,721,1,56.7,NA,877,41.4,0,51.19,35.13,NA,51.83,56.18,3,56.6,34.78,46.22,50.13,2183,1983,NA,2522,NA,4,54.83,NA,1,1566,47.84,0,0,NA,5,69.51,1
2374,0,60,10,4,1,1956,NA,5,53.32,914,0,42.01,1993,3872,3953,1410,3866,2218,1,0,3,1815,0,61.05,NA,NA,59.31,1,36.79,46.53,62.1,43.54,47.47,4,50.7,48.68,25.16,36.49,4369,3918,4629,4306,52.51,5,45.44,30.24,0,467,31.85,4,1,39.32,3,37.78,1
2375,0,60,12,1,1,1561,NA,5,54.44,1262,1,59.13,1316,1871,3415,1054,NA,NA,0,0,NA,965,1,37.67,0,1697,59.67,4,44.89,37.21,48.08,NA,52.6,NA,33.3,NA,38.11,43.48,829,NA,1092,575,47.78,4,59.66,62.43,0,531,74.82,3,1,60.33,2,41.9,1
2376,1,53,15,5,0,3735,27.53,2,55.96,992,0,46.03,1181,861,NA,2201,639,1493,1,0,5,NA,1,46.04,1,2261,37.87,2,41.64,48.39,51.74,33.19,49.56,5,42.36,49.23,26.17,NA,2001,1392,NA,1617,63.82,5,52.06,42.81,0,733,53.98,NA,NA,36.44,2,NA,1
2377,1,26,11,2,1,3002,43.63,2,54.83,868,NA,NA,3815,2581,4900,825,1353,1392,0,NA,5,1765,1,64.78,1,NA,54.64,0,NA,37.58,49.43,60.78,69.22,2,57.11,54.49,54.96,35.36,912,949,1338,1656,44.31,6,60.98,45.8,0,641,52.47,NA,1,37.36,1,NA,0
2378,1,39,4,1,0,2349,50.68,2,31.92,822,1,63.93,NA,1013,1464,750,1128,808,0,NA,2,1086,0,29.82,0,2564,57.18,4,51.24,59.2,49.18,20.83,46.73,3,43.98,68.04,44.54,44.28,NA,1570,2490,1930,NA,5,61.79,50.28,0,994,59.47,4,1,52.21,4,52.15,0
2379,0,38,11,6,1,4092,33.12,3,75.54,NA,0,NA,3601,1175,2250,2743,3106,408,0,1,NA,777,0,45.45,0,NA,41.07,2,43.3,81.99,49.67,60.32,71.26,1,61.23,66.94,51.62,30.46,1496,1565,3558,1680,NA,4,61.16,66.48,0,NA,45.65,3,1,61.98,1,46.79,0
2380,0,30,11,1,1,1776,51.28,4,54.74,2050,1,50.36,356,1503,1272,1171,1102,833,1,0,1,2461,1,39.85,1,1354,48.02,3,48.9,54.99,52.62,53.52,49.21,3,51.16,39.59,30.56,63,776,1049,927,1146,NA,4,51.98,44.52,0,NA,56.05,2,1,47.23,4,42.49,0
2381,0,35,4,6,0,2105,49.31,2,NA,1790,1,39.47,1515,1821,1118,1565,1273,901,NA,NA,3,1410,1,52.18,NA,2916,55.58,5,45.13,NA,40.57,50.74,36.44,4,57.75,49.33,49.88,31.24,333,457,325,430,54.05,4,51.74,51.06,1,560,46.56,4,0,45.27,0,29.07,0
2382,1,59,7,5,1,2728,45.73,5,39.59,3364,NA,NA,NA,918,619,NA,817,1614,0,0,3,1624,1,44.09,0,1550,36.14,0,57.87,59.16,62.13,39.49,65.41,3,NA,42.07,39.11,52.97,4797,1418,1529,1803,63.27,4,50.32,65.33,1,3416,61.16,1,1,62.79,6,71.1,1
2383,1,47,6,5,0,1760,37.77,2,60.46,936,0,35.9,3196,1320,2188,1090,1835,920,NA,1,2,1755,1,50.21,1,1492,59.23,3,47.05,54.03,53.01,37.32,49.15,0,NA,52.42,57.29,36.34,NA,NA,1139,2281,30.67,4,46.28,47.37,1,390,38.85,4,0,39.45,2,35.52,NA
2384,1,46,11,7,1,4406,36.84,3,45.83,1361,0,50.21,622,1770,3131,2739,978,1830,1,1,2,814,0,40.61,NA,1760,37.66,4,70.04,48.65,NA,50.72,60.99,3,50.47,63.13,58.25,46.76,1356,1667,1010,1194,52.43,3,37.94,40.41,0,983,44.1,2,1,60.5,4,44.38,1
2385,0,49,9,6,0,620,44.23,3,41.9,555,1,64.45,561,536,774,1795,512,1048,0,0,1,2086,0,42.46,1,NA,39.19,4,47.21,56.57,65.58,NA,52.34,4,47.33,61.27,49.24,56.78,910,902,639,978,32.4,4,50.57,44.27,1,1483,41.7,3,NA,44.61,3,51.36,NA
2386,1,44,11,8,1,2520,52.71,4,46.98,824,0,47.91,2044,1860,3375,1263,1951,1155,0,0,3,NA,1,48.03,NA,1794,NA,1,48.31,46.81,NA,44.55,NA,3,49.82,53.74,37.11,NA,926,762,885,600,46.59,0,53.88,NA,0,662,39.14,4,1,34.54,1,NA,0
2387,1,32,12,2,0,1157,40.64,1,54.67,1607,1,48.13,1179,1577,893,1307,1076,2427,1,1,5,1955,0,53.43,NA,1747,51.33,2,63.11,54.83,35.39,43.42,49.09,1,44.83,40.16,44.93,62.33,914,1043,1043,1765,62.79,4,NA,45.69,0,384,30.66,NA,0,53.59,2,39.47,0
2388,1,27,8,8,0,1591,50.89,2,64.11,1535,NA,50.73,3624,1642,2835,2456,2929,1297,0,1,5,1054,0,43.87,0,919,51.96,5,46.35,57.63,47.94,61.21,29.56,3,NA,54.91,45.04,NA,1812,1177,1411,1097,50.03,2,38.46,35.83,0,1726,55.12,4,0,41.68,1,41.89,NA
2389,0,32,8,10,0,2053,65.35,3,NA,3001,1,52.05,631,3446,913,4823,3446,NA,0,0,5,937,0,72.11,1,876,55.79,0,52.37,49.38,NA,NA,49.96,1,63.04,42.07,41.67,49.7,1272,1580,1259,2179,NA,3,50.85,60.26,NA,3082,58.93,0,0,63.15,8,68.29,NA
2390,0,25,10,4,1,4783,56.09,2,60.52,1910,0,46.21,985,908,1807,741,1108,NA,1,0,3,NA,1,50.35,0,1597,45.73,4,44.13,45.07,64.54,56.81,69.86,4,49.25,52.74,46.76,NA,2542,2435,1555,2666,51.43,1,44.22,27.59,1,1281,45.8,NA,1,31.15,2,41.39,NA
2391,1,39,6,2,1,840,46.63,1,46.07,NA,0,38.07,3108,NA,845,2011,2508,724,0,0,3,1382,0,48.71,1,NA,39.39,3,64.71,48.47,68.71,56.01,47.77,3,54.07,46.8,52.9,48.43,1952,1191,2742,1560,NA,5,57.69,35.59,1,896,30.44,6,1,40.94,3,40.31,1
2392,1,47,2,6,0,4630,46.89,1,67.4,1634,NA,NA,821,2805,2230,1957,1243,5620,1,1,5,3083,1,64.79,0,1506,49.84,1,44.29,59.71,63.96,41.11,57.26,3,69.69,48.31,NA,NA,1687,1931,1936,2953,NA,6,53.8,36.66,0,NA,33.51,3,1,42.41,4,52.63,1
2393,0,41,8,3,1,2588,58.01,3,71.26,3053,0,42.45,1179,4384,1134,3705,1680,NA,NA,1,5,1961,0,58.75,NA,1374,42.53,4,59.78,33.43,55.92,NA,NA,5,68.8,65.45,53.8,44.27,1011,2460,879,2553,47.44,0,31.55,57.32,1,1958,57.87,3,0,55.93,2,50.23,NA
2394,0,28,7,1,0,1071,NA,2,47.72,1216,NA,54.32,896,NA,2193,1148,1342,1200,0,0,2,886,1,45.1,1,956,52.8,4,62.84,45.43,58.66,55.45,33.78,1,57.95,NA,50.05,62.57,1507,980,NA,1073,53.61,NA,47.81,56.97,0,1205,53.62,4,NA,NA,3,48.06,1
2395,0,57,2,2,1,3917,51.34,5,46.34,940,0,35.88,NA,511,455,612,376,2251,1,0,10,NA,0,54.8,0,1711,49.74,3,44.85,49.12,37.06,40.07,NA,4,45.66,55.76,31.2,52.57,1144,1769,NA,1893,49.22,2,44.29,NA,1,1249,48.65,1,NA,47.32,5,48.7,NA
2396,0,45,9,1,1,2698,45.72,3,52.85,1540,1,43.55,992,1884,959,1556,1459,1205,0,1,3,NA,1,41.19,1,NA,53.47,3,NA,53.34,53.36,63.78,NA,4,46.98,43.07,48.16,48.5,446,552,763,426,30.36,0,42.73,38.72,0,773,37.61,5,1,53.45,3,59.89,1
2397,1,25,11,6,0,1396,60.64,3,48.2,1203,1,NA,1560,1431,2243,1126,2019,762,1,1,3,NA,1,38.91,1,1585,60.31,4,54.16,42.5,43.04,37.95,41.92,3,32.22,42.45,47.34,NA,610,293,712,378,71.07,1,46.97,54,0,956,42.91,2,NA,55.01,3,41.77,NA
2398,0,20,5,8,1,1257,38.46,7,NA,686,0,62.27,523,2022,815,1513,708,4537,1,0,5,4449,1,60.86,1,1409,50.89,0,50.36,34.47,35.35,55.28,51.12,4,72.21,69.09,44.78,44.14,903,609,592,882,37.95,0,36.66,50.94,0,2309,60.32,7,1,66.7,3,59.41,0
2399,0,22,6,5,1,3352,60.68,3,51.82,987,0,56.35,2738,6200,1707,2499,1010,2788,0,0,4,1656,1,71.02,1,3647,58.23,2,44.34,46.3,NA,52.47,47.88,4,49.1,54.94,53.47,43.73,1484,1310,1712,2799,45.04,3,44.98,43.66,1,NA,65.45,2,0,50.94,2,46.16,1
2400,1,43,9,1,1,2919,51.77,3,58.06,440,1,60.2,1637,1168,1318,1553,1653,1883,0,NA,2,1510,0,50.78,1,1648,32.05,2,34.63,55.5,NA,45.92,51.51,4,54.4,48.5,56.85,NA,1918,1564,2123,1669,52.78,4,44.54,85.21,1,2510,57.1,3,0,68.7,4,73.83,NA
2401,0,44,10,2,1,3020,63.65,7,35.97,595,1,50.52,1356,1250,570,1897,1113,846,0,1,4,1831,1,47.47,1,3836,46.37,NA,NA,51.7,55.37,40.61,47.93,2,55.41,63.91,36.77,32.01,813,2442,NA,1339,44.27,4,51.86,NA,0,1477,NA,NA,1,59.01,3,63.27,1
2402,1,35,10,3,0,2835,50.8,4,52.53,343,1,47.03,2737,1881,1165,1708,2303,2679,0,0,NA,2937,0,52.85,1,2642,47.39,3,NA,31.2,61.46,56.15,58,1,61.69,56.26,54.04,52.79,820,561,547,469,NA,5,64.71,76.77,1,3460,81.33,1,NA,60.79,8,73.76,1
2403,1,45,7,6,0,1410,NA,8,50.12,569,1,32.54,868,NA,2631,2436,1689,550,0,1,1,370,0,55.31,0,NA,37,1,67.51,44.62,66.06,55.77,NA,2,64.92,52.99,42.81,47.47,1572,1189,NA,1395,60.84,3,47.37,51.7,NA,1221,35.98,4,1,50.96,2,43.56,0
2404,0,36,8,6,0,2480,56.03,3,68.96,1265,1,50.61,3509,2020,4110,5296,2983,NA,1,0,4,4908,1,51.32,1,NA,54.44,3,48.18,53.36,57.67,44.4,56.32,2,44.43,42.76,NA,49.38,1443,1446,1470,2384,50.65,3,66.45,50.11,0,2558,47.65,0,0,61.1,2,60.73,1
2405,0,44,4,1,0,2949,45.43,5,61.68,1156,1,63.17,2885,668,2144,2633,1139,1694,0,1,5,1425,0,NA,1,NA,20.64,0,25.14,50.19,NA,59.91,NA,2,29.91,46.5,NA,49.09,NA,1048,816,732,52.61,3,56.46,NA,1,1121,53.89,NA,NA,31.78,3,NA,0
2406,0,34,6,3,1,5959,59.55,2,63.74,2237,1,53.73,995,912,615,1423,1424,676,1,1,1,707,1,51.55,1,868,58.25,3,66.8,45.45,45.04,61.22,NA,7,44.71,NA,65.74,36.51,1047,780,NA,900,29.95,6,44.89,46.54,0,1652,41.57,3,1,43.19,3,53.07,0
2407,1,44,4,4,1,4022,61.25,2,78.07,3695,0,52.79,4238,778,1734,582,657,3813,0,NA,5,NA,0,42.51,1,1200,48.11,6,NA,63.12,28.07,41.22,36.65,1,42.61,53.22,27.52,52.01,390,334,477,569,49.79,6,34.87,77.25,0,2492,56.62,3,0,64.97,4,59.72,0
2408,1,37,7,1,1,1907,47.18,8,47.55,1070,0,44.01,585,1930,1416,554,772,641,0,0,1,806,NA,42.33,1,1997,50.9,2,54.6,NA,58.29,75.57,66.91,0,41.21,55.91,49.07,62.91,2341,5179,3412,3454,50.04,NA,40.91,49.61,0,2417,44.26,6,0,NA,2,63.81,1
2409,0,25,9,4,1,3831,51.54,5,64.86,1345,0,51.84,1208,1134,1371,896,953,1993,1,1,4,2157,1,43.52,1,1581,53.35,5,40.59,59.99,NA,51.35,47.98,4,51.28,34.52,40.97,39.12,1554,3131,1834,2512,49.04,4,53.02,68.28,0,2017,50.04,NA,1,68.51,3,63.23,1
2410,0,26,8,8,1,1226,48.85,2,48.47,3085,0,54.54,1556,1677,1303,1638,2383,1023,NA,1,2,973,0,51.41,0,286,39.85,1,NA,55.59,48.27,41.05,64.17,1,41.02,49.01,52.92,50.91,772,565,1207,506,37.87,3,46.29,42.35,1,1602,53.21,3,1,36.25,4,57.94,0
2411,0,46,8,4,0,7420,44.93,4,54.31,968,0,39.21,1547,912,1692,677,903,921,0,0,6,1149,0,NA,1,3472,44.04,2,48.01,37.49,NA,NA,45.14,NA,51.08,43.6,53.27,32.71,1590,1480,1628,2287,45.45,2,57.62,NA,1,1470,45.86,6,0,39.6,3,NA,1
2412,0,50,8,2,1,2804,34.46,5,44.97,567,0,48.48,1059,1341,2456,1738,596,1093,NA,NA,3,881,1,56.28,1,1373,48.8,1,42.42,45.94,NA,35.3,54.39,2,30.56,50.42,53.98,NA,3170,2059,2758,2882,57.91,NA,58.76,37.65,1,1983,38.74,3,0,62.32,3,52.09,0
2413,0,38,9,4,1,1490,NA,0,54.81,1026,0,48.62,1475,383,1272,695,3004,711,0,0,4,1374,1,59.98,1,1804,42.13,5,25.49,39.82,NA,33.82,NA,6,33.81,36.56,46.19,43.45,NA,1719,NA,1475,49.63,3,40.91,48.24,0,658,46.22,3,NA,43.63,3,35.06,1
2414,0,45,5,6,1,526,29.66,NA,34.46,1036,0,30.56,924,1041,NA,1739,2046,1751,NA,1,2,783,0,51.44,1,1320,46.51,5,50.85,52.3,46.79,39.76,32.31,2,33.05,35.19,29.67,40.66,1242,889,519,1184,41.12,1,19.01,27.54,0,638,29.86,5,0,49.89,2,22.62,1
2415,0,45,14,6,0,2342,46.76,5,36.59,1561,0,58.61,1096,856,2476,604,483,3665,NA,0,7,3634,1,46.87,0,NA,65.95,4,32.75,39.25,38.34,35.3,50.15,4,34.19,43.58,53.12,46.2,3218,2292,1558,3270,56.98,3,63.03,60.26,0,737,59.15,NA,0,55.8,0,41.74,1
2416,0,51,6,3,1,1815,43.25,3,33.58,898,1,38.6,NA,1002,762,1097,826,NA,0,1,3,1071,1,46.37,1,1879,NA,4,51.31,62.32,NA,59.37,49.56,3,45.24,NA,45.88,45.85,1794,1393,NA,2480,26.95,3,54.57,NA,0,480,36.72,5,0,37.34,2,41.53,NA
2417,0,32,10,5,0,3907,49.59,1,49.58,942,0,38.55,NA,1467,1794,2184,3230,NA,1,1,5,2360,1,45.24,0,984,52.96,6,62.46,52.22,58.15,55.26,42.15,1,38.9,54.9,43.39,60.05,1734,1350,988,1330,54.73,4,49.55,55.49,1,1480,57.03,4,1,60.68,4,46.21,0
2418,1,43,11,4,1,1339,50.19,5,49.31,977,0,39.95,2179,4066,1348,2327,2692,879,1,0,4,NA,1,64.05,1,2178,49.55,1,44.39,42.47,63.89,46.51,53.66,3,64.78,47.77,47.22,61.21,2917,1684,1966,2509,83.4,5,57.04,51.53,0,1082,62.55,0,1,58.7,1,59.09,1
2419,0,46,2,5,1,691,NA,5,36.28,1173,NA,50.52,NA,674,717,639,1142,NA,NA,NA,1,548,1,46.13,0,853,69.77,5,NA,51.35,47.63,37.61,36.57,6,56.69,47.15,46.44,39.54,527,403,532,369,46.1,NA,17.75,48.42,0,1395,46.9,NA,0,60.88,1,45.29,0
2420,0,39,12,1,0,1284,NA,0,59.38,1826,0,53.31,1590,2225,1427,1404,723,1381,1,1,3,2489,1,59.05,1,1990,45.99,4,35.96,43.88,63.38,27.59,50.07,2,61.74,68.45,41.57,48.8,636,638,759,646,40.68,1,69.48,50.12,0,1250,52.01,2,NA,55.64,2,50.25,1
2421,0,32,2,7,1,3019,28.21,4,28.8,1500,1,44.19,1116,3245,5458,1163,2078,NA,1,1,3,NA,NA,52.25,1,2950,39.03,3,34.34,36.94,NA,40.39,26.42,2,48.07,59.93,50.54,47.41,NA,1584,1044,834,52.25,4,45.82,46.78,0,1858,51.01,3,0,45.69,4,58.63,1
2422,1,43,7,3,0,1904,44.48,4,42.53,2759,0,76.64,1718,987,1068,1644,2321,1032,1,1,2,1283,0,44.55,0,929,52.81,5,48.88,35.46,41.88,49.33,43.14,NA,46.19,35.27,NA,53.6,1498,1559,1561,950,60.9,4,NA,NA,1,875,37.4,1,0,59.33,4,45.96,1
2423,1,28,9,7,0,1563,57.26,4,67.54,1044,0,52.44,3622,1020,4389,2423,1275,1770,1,NA,3,969,0,71.08,0,2523,50.21,4,48.31,34.46,40.06,47.2,30.24,4,38.2,61.62,42.43,NA,NA,NA,NA,3280,56.09,3,45.49,25.43,0,1119,15.72,3,1,46.46,0,55.67,1
2424,0,69,8,3,1,2322,64.93,4,62.84,975,0,NA,1832,2217,948,2024,1670,1997,0,1,6,3380,0,70.66,1,3549,42.28,4,NA,52.86,61.64,42.33,56.92,2,46.76,41.25,53.43,49,1696,1517,3371,1901,53.83,2,53.96,41.53,0,2227,26.11,NA,1,30.32,2,35.78,0
2425,0,64,6,7,0,2141,56.98,1,54.14,1882,1,56.12,851,902,1612,798,1027,968,0,1,2,1245,1,40.96,1,1209,NA,4,NA,62.09,39.94,33.34,44.08,3,61.61,30.16,34,42.8,1970,1283,1510,1665,54.45,2,40.28,38.09,0,1044,34.72,NA,0,31.64,1,30.52,0
2426,0,35,5,6,1,2219,56.98,1,60.95,1175,0,56.16,921,1864,1434,3624,1047,1986,0,1,1,NA,NA,25.51,0,NA,NA,5,52.59,48.39,43.51,36.55,NA,2,49.14,55.9,41.67,42.99,1427,2445,3755,2783,50.66,3,60.92,47.15,0,1597,34.78,4,0,44.29,2,39.59,1
2427,0,44,8,6,0,2127,60.63,4,39.21,2545,0,47.76,2040,1186,1329,3259,553,1310,0,1,6,2019,1,67.35,0,4988,70.1,3,40.77,52.43,40.04,58.87,49.16,4,53.26,33.71,51.24,NA,4942,4425,2638,2720,59.11,NA,71.32,70.61,1,1119,60.7,2,1,60.54,6,70.77,0
2428,0,53,10,3,1,642,35.98,1,54.14,1641,0,40.31,417,969,721,1397,345,1411,1,0,2,601,NA,42.83,1,NA,43.95,1,53.91,51.49,52.02,33.55,NA,3,55.97,59.73,56.62,45.32,859,1149,NA,850,35.94,1,45.95,29.91,0,596,31.1,4,0,42.28,3,43.68,0
2429,0,18,10,4,1,1255,61.28,2,47.65,999,0,52.84,1102,1131,666,NA,445,3011,0,1,5,3129,1,61.81,1,2160,61.72,2,65.31,32.56,53.79,55.08,42.49,5,41.21,58.77,48.47,NA,2266,2037,1421,1687,28.84,3,42.17,46.37,0,1349,35.36,3,0,37.1,4,39.28,0
2430,0,42,5,4,1,1481,47.19,2,NA,2559,1,26.8,1222,879,1745,1150,1080,2817,0,1,3,1134,0,50.28,0,1094,67.23,2,49.97,49.42,41.09,50.72,54.66,4,NA,66.34,49.22,51.08,1622,1711,1940,NA,67.32,2,58.99,48.14,1,1370,49.11,3,1,NA,4,55.19,0
2431,1,64,4,5,0,3994,55.07,6,53.63,1137,0,47.59,556,896,2047,1519,402,4882,1,0,2,1034,1,47.9,1,2986,56.15,2,59.05,NA,53.08,49.55,52.66,0,63.43,56.17,51.33,66.88,2836,1664,2332,2242,60.66,5,48.36,58.7,1,NA,41.94,2,1,45.79,4,27.84,0
2432,0,18,9,4,0,697,NA,5,32.71,547,1,51.23,1682,1557,2138,1774,1742,2618,0,0,NA,932,0,54.17,NA,1343,NA,2,NA,48.08,48.14,59.95,56.49,2,63.47,57.64,69.42,55.11,774,719,517,859,62.49,2,52.9,55.42,1,3051,55.27,2,0,56.23,2,57.8,1
2433,0,32,4,2,0,824,50.43,3,44.52,910,0,40.92,713,510,2040,630,NA,762,0,NA,2,NA,1,42.7,0,1915,47.41,2,37.07,41.47,33.66,47.74,30.43,4,NA,55.24,54.25,25.45,3125,1111,2163,1911,57.19,2,45.41,39.41,1,771,63.82,3,0,49.06,4,44.04,1
2434,0,30,5,5,1,2743,62.32,NA,NA,NA,0,51.49,1200,501,824,2324,1960,2807,0,0,0,834,0,35.38,0,1192,44.18,1,46.62,45.42,NA,NA,58.94,3,NA,34.43,43.49,57.35,1553,NA,1227,1005,55,3,44.35,44.13,0,848,41.34,2,NA,58.97,2,44.94,NA
2435,0,55,8,6,1,2245,58.96,3,37.12,590,0,50.59,1262,968,821,1524,1998,2112,1,1,1,1593,0,NA,0,1700,46.78,2,44.38,30.69,35.19,48.97,27.16,3,39.5,33.07,50.26,60.55,988,1426,559,829,26.67,2,43.52,NA,0,893,56.07,2,1,55.23,3,45.83,1
2436,0,26,9,1,1,623,NA,3,40.11,499,NA,47.1,NA,2275,1803,1592,627,NA,NA,NA,3,1137,0,NA,1,723,40.7,3,57.88,32.71,46.62,44.84,35.56,1,38.45,40.77,58.22,37.87,2500,NA,NA,3640,47.6,4,40.5,25.46,0,145,25.17,6,NA,26,0,33.34,0
2437,0,22,11,5,0,3104,57.05,0,57.84,1094,0,63.27,586,1415,961,2008,NA,2669,0,0,2,2773,1,43.02,0,817,60.16,5,30.91,58.46,51.54,38.56,47.95,0,47.87,45.2,53.11,64.36,2979,2001,2349,3033,67.39,4,58.75,72.8,1,4664,67.51,1,0,63.78,4,51.46,1
2438,0,40,7,3,0,2399,31.02,6,59.39,1287,0,43.71,1090,950,935,823,604,3433,1,NA,3,2794,1,60.45,NA,NA,64.28,1,64.72,43.9,58.28,38.05,48.52,1,43.05,60.88,59.2,70.7,1101,948,1207,1434,60.32,4,64.04,NA,0,1452,63.79,4,0,70.58,4,44.46,0
2439,1,37,4,1,1,2963,51.49,5,24.54,1779,0,64.17,1218,5346,3837,2118,NA,736,NA,0,2,510,1,45.48,0,3072,38.88,2,NA,53.39,55.06,55.96,42.01,4,56.12,33.72,NA,59.74,3243,4878,5126,4085,NA,4,42.07,84.82,1,1193,57.82,NA,0,69.53,5,39.85,0
2440,0,37,17,4,1,1162,66.9,5,48.21,695,0,46.11,874,844,914,NA,1320,1528,1,NA,3,NA,0,57.41,0,NA,NA,3,46.71,44.58,41.92,45.28,32.73,2,NA,28.22,46.04,37.14,850,845,796,976,47.56,6,40.31,50.46,1,1327,39.12,5,1,39.25,1,36.57,0
2441,1,40,7,2,1,5856,52.09,2,49.3,1046,1,44.97,NA,1887,2706,1282,1785,NA,0,1,2,908,0,54.54,0,NA,54.63,1,57.04,68.63,NA,67.73,52.98,2,47.08,70.45,56.67,63.17,972,687,764,588,74.47,7,77.34,73.68,1,NA,68.15,1,0,52.9,5,66.61,1
2442,1,72,5,5,1,1302,NA,3,50.5,1392,1,44.62,1102,NA,750,780,2661,NA,NA,1,0,1399,1,63.9,NA,1045,46.97,3,NA,55.97,49.76,38.75,50.28,2,34.81,49.64,54.66,37.42,1923,2341,2012,1699,59.97,7,52.8,39.67,0,1499,30.84,1,0,34.13,2,28.19,0
2443,0,41,6,3,1,941,48.24,6,NA,933,NA,27.25,1061,618,549,1225,522,NA,1,NA,0,624,0,44.03,0,1131,44.77,2,66.39,55.92,59.9,51.94,53.72,4,NA,51.96,50.79,40.19,577,378,1177,711,NA,1,39.58,46.52,0,699,54.91,5,0,41.22,2,41.13,1
2444,1,44,9,6,1,3764,NA,2,39.57,883,1,65.77,1767,3714,3416,1834,2080,3012,0,0,3,NA,0,54.08,0,NA,NA,1,57.57,62.47,64.98,57.9,63.07,2,55.57,62.44,51.84,53.32,1788,2586,3513,2131,48.79,3,58.43,33.37,1,1822,38.78,5,1,43.18,3,37.82,0
2445,0,37,5,6,0,737,44.71,0,41.5,906,1,57.68,719,414,269,612,NA,1743,1,0,NA,2900,1,71.23,1,1001,45.95,3,61.74,26.22,41.37,NA,NA,4,53.33,41.4,41.95,42.29,NA,1974,NA,2043,47.49,4,46.93,47.23,0,1351,57.43,1,0,52.67,3,45.32,0
2446,0,45,5,8,1,1261,38.35,4,48.13,1248,NA,NA,647,770,431,782,961,3183,1,0,2,NA,0,45.12,1,1520,50,2,51.05,37.17,54.74,NA,38.9,4,40.53,NA,49.95,47.42,1764,2494,1515,1807,67.99,1,45.19,47.45,1,1103,68.27,2,0,42.32,2,46.49,NA
2447,1,54,8,4,1,1649,72.33,NA,54.66,1837,1,54.77,650,749,775,566,1387,1206,0,1,2,1732,0,49.01,0,1505,NA,3,65.49,NA,52.82,62.37,38.22,4,39.55,52.81,42.54,38.69,684,913,932,555,43.76,3,53.46,42.87,0,957,44.08,4,1,48.64,2,49.2,0
2448,1,41,1,4,1,910,37.68,0,70.11,453,1,51.14,1304,617,1746,1229,NA,723,0,0,3,653,0,36.28,1,NA,52.98,4,48.37,67.58,64.95,50.15,43.8,6,47.98,49.41,41.39,30.54,1251,658,830,762,47.23,2,46.12,64,0,970,41.93,2,1,48.77,2,47.1,1
2449,1,54,4,1,1,2100,56.24,5,68.6,652,0,48.99,NA,1721,1422,1170,743,1762,NA,0,0,670,0,51.03,1,913,46.69,2,68.84,53.97,57.91,NA,NA,3,NA,56.43,NA,52.26,3972,1676,2062,2297,48.81,3,61.86,42.84,1,1332,45.16,NA,0,49.13,NA,53.35,1
2450,0,51,6,6,0,540,46.74,2,51.3,2216,1,28.65,369,450,273,259,379,3157,0,1,1,819,0,48.04,1,385,43.22,3,35.13,41.63,NA,49.6,NA,4,46.34,37.83,65.46,26.65,709,623,620,846,60,0,23,19.92,1,1119,38.94,4,1,43.23,2,30.22,0
2451,0,68,18,3,0,3178,NA,3,65.07,1894,0,61.06,NA,2101,946,1765,1645,NA,1,1,3,573,1,31.95,NA,1138,60.3,2,41.17,39.52,NA,46.84,41.68,3,54.31,60.84,36.35,37.37,2141,1541,2203,2451,51.48,3,72.6,67.3,1,1544,52.74,0,0,NA,2,42.21,1
2452,1,24,9,5,0,901,NA,5,37.76,1258,0,47.65,1390,1814,701,1478,2338,2184,0,1,NA,1164,1,63.98,0,1419,56.81,4,60.01,45.86,NA,NA,45.13,1,54.95,NA,NA,40.24,446,754,NA,577,61.01,5,56.1,30.4,0,552,25.62,4,1,38.79,2,NA,NA
2453,0,26,14,2,1,3636,76.29,1,40.82,1081,0,59.79,1416,1481,1232,943,956,1376,0,1,4,NA,1,43.73,0,2159,64.11,4,21.82,43.96,50.28,40.32,48.88,3,44.15,34.51,NA,NA,851,1253,1288,493,60.09,NA,55.4,73.01,1,1850,67.36,NA,0,58.71,8,55.8,1
2454,1,37,3,4,0,3015,51.4,3,56.3,1284,0,63.78,1910,2237,2539,1049,1941,3304,0,0,4,1853,1,32.8,1,1329,44.98,1,66.81,51.64,52.97,NA,54.33,1,55.08,59.79,41.9,61.31,744,933,1951,NA,61.25,NA,56.81,75.81,1,1869,50.81,1,0,55.88,5,56.71,NA
2455,0,40,11,5,0,1862,42.53,2,39.62,1339,1,59.92,2170,1306,951,1334,2856,NA,0,0,3,2088,1,62.78,NA,1538,NA,3,28.82,49,34.36,41.8,NA,2,38.75,33.72,43.08,44.05,NA,1041,NA,1625,44.72,3,61.01,50.62,1,NA,40.49,2,0,52.3,3,40.7,1
2456,0,42,7,3,1,3002,44.33,5,44.84,749,1,46.46,2376,2985,1392,1125,1610,1895,0,NA,2,1399,1,53.02,0,2394,42.97,NA,47.31,54.33,42.38,55.07,NA,2,43.03,49.52,34.32,33.72,1209,1844,NA,NA,37.24,3,62.3,NA,0,2356,46.92,3,0,62.99,6,46.11,0
2457,1,41,7,4,1,1358,59.96,5,63.65,746,1,NA,NA,999,1270,1629,624,1079,1,1,4,1415,NA,46.67,0,3006,48.58,4,NA,37.47,38.56,59.14,52.93,4,55.59,62.97,42.12,63.78,1646,910,1488,1303,56.49,3,56.04,NA,1,1096,42.76,3,0,54.04,2,41.74,1
